level,title,author,journal,year,doi,source,pdf_url
L1,Heterostructured BN@Co‐C@C Endowing Polyester Composites Excellent Thermal Conductivity and Microwave Absorption at C Band,Xiao Zhong,Advanced Functional Materials,2024,10.1002/adfm.202313544,OpenAlex,https://onlinelibrary.wiley.com/doi/pdfdirect/10.1002/adfm.202313544
L1,Biodegradable aliphatic polyesters. Part I. Properties and biodegradation of poly(butylene succinate-co-butylene adipate),V. Tserki,Polymer Degradation and Stability,2005,10.1016/j.polymdegradstab.2005.04.035,OpenAlex,
L1,"Physical and mechanical properties of PLA, and their functions in widespread applications — A comprehensive review",Shady Farah,Advanced Drug Delivery Reviews,2016,10.1016/j.addr.2016.06.012,OpenAlex,https://ars.els-cdn.com/content/image/1-s2.0-S0169409X16302058-fx1_lrg.jpg
L1,Durability of nanosized oxygen-barrier coatings on polymers,Y. Leterrier,Progress in Materials Science,2002,10.1016/s0079-6425(02)00002-6,OpenAlex,https://www.sciencedirect.com/science/article/pii/S0079642502000026
L1,Synthesis and characterization of biodegradable poly(butylene succinate-co-butylene adipate)s,Marija S. Nikolić,Polymer Degradation and Stability,2001,10.1016/s0141-3910(01)00156-2,OpenAlex,
L1,"An overview on synthesis, properties and applications of poly(butylene-adipate-co-terephthalate)–PBAT",Jiao Jian,Advanced Industrial and Engineering Polymer Research,2020,10.1016/j.aiepr.2020.01.001,OpenAlex,https://www.sciencedirect.com/science/article/pii/S2542504820300014/pdf
L1,"Permeability of N 2 , Ar, He, O 2 and CO 2 through biaxially oriented polyester films — dependence on free volume",Elizabeth‐Anne McGonigle,Polymer,2001,10.1016/s0032-3861(00)00615-7,OpenAlex,
L1,New application for aromatic Schiff base: High efficient flame-retardant and anti-dripping action for polyesters,Jianing Wu,Chemical Engineering Journal,2017,10.1016/j.cej.2017.12.047,OpenAlex,
L1,Challenges and new opportunities on barrier performance of biodegradable polymers for sustainable packaging,Feng Wu,Progress in Polymer Science,2021,10.1016/j.progpolymsci.2021.101395,OpenAlex,https://www.sciencedirect.com/science/article/pii/S0079670021000423/pdf
L1,"Techno-economic, life-cycle, and socioeconomic impact analysis of enzymatic recycling of poly(ethylene terephthalate)",Avantika Singh,Joule,2021,10.1016/j.joule.2021.06.015,OpenAlex,http://www.cell.com/article/S2542435121003032/pdf
L1,Effect of sub‐Tg relaxations on the gas transport properties of polyesters,R. R. Light,Polymer Engineering and Science,1982,10.1002/pen.760221402,OpenAlex,
L1,Electrocatalytic upcycling of polyethylene terephthalate to commodity chemicals and H2 fuel,Hua Zhou,Nature Communications,2021,10.1038/s41467-021-25048-x,OpenAlex,https://www.nature.com/articles/s41467-021-25048-x.pdf
L1,A microbial factory for lactate-based polyesters using a lactate-polymerizing enzyme,Seiichi Taguchi,Proceedings of the National Academy of Sciences,2008,10.1073/pnas.0805653105,OpenAlex,https://www.ncbi.nlm.nih.gov/pmc/articles/2582312
L1,Improving gas barrier of PET by blending with aromatic polyamides,Yanfeng Hu,Polymer,2005,10.1016/j.polymer.2005.01.056,OpenAlex,
L1,PLGA Barrier Materials from CO 2 . The influence of Lactide Co-monomer on Glycolic Acid Polyesters,Maria A. Murcia Valderrama,ACS Applied Polymer Materials,2020,10.1021/acsapm.0c00315,OpenAlex,https://pubs.acs.org/doi/pdf/10.1021/acsapm.0c00315
L1,Fate of So‐Called Biodegradable Polymers in Seawater and Freshwater,Amir Reza Bagheri,Global Challenges,2017,10.1002/gch2.201700048,OpenAlex,https://onlinelibrary.wiley.com/doi/pdfdirect/10.1002/gch2.201700048
L1,"Applications of nanotechnology in food packaging and food safety: Barrier materials, antimicrobials and sensors",Timothy V. Duncan,Journal of Colloid and Interface Science,2011,10.1016/j.jcis.2011.07.017,OpenAlex,https://ars.els-cdn.com/content/image/1-s2.0-S0021979711008642-fx1_lrg.jpg
L1,Food Packaging Permeability Behaviour: A Report,Valentina Siracusa,International Journal of Polymer Science,2012,10.1155/2012/302029,OpenAlex,https://downloads.hindawi.com/journals/ijps/2012/302029.pdf
L1,Recycling of poly(ethylene terephthalate) – A review focusing on chemical methods,Björn Geyer,eXPRESS Polymer Letters,2016,10.3144/expresspolymlett.2016.53,OpenAlex,https://doi.org/10.3144/expresspolymlett.2016.53
L1,"Occurrence, toxicity and remediation of polyethylene terephthalate plastics. A review",Vaishali Dhaka,Environmental Chemistry Letters,2022,10.1007/s10311-021-01384-8,OpenAlex,https://link.springer.com/content/pdf/10.1007/s10311-021-01384-8.pdf
L1,Microbial enzymes for the recycling of recalcitrant petroleum‐based plastics: how far are we?,Ren Wei,Microbial Biotechnology,2017,10.1111/1751-7915.12710,OpenAlex,https://sfamjournals.onlinelibrary.wiley.com/doi/pdfdirect/10.1111/1751-7915.12710
L1,Characterization and engineering of a plastic-degrading aromatic polyesterase,Harry P. Austin,Proceedings of the National Academy of Sciences,2018,10.1073/pnas.1718804115,OpenAlex,https://www.pnas.org/content/pnas/115/19/E4350.full.pdf
L1,"Synthesis of bio‐based poly(ethylene 2,5‐furandicarboxylate) copolyesters: Higher glass transition temperature, better transparency, and good barrier properties",Jinggang Wang,Journal of Polymer Science Part A Polymer Chemistry,2017,10.1002/pola.28706,OpenAlex,
L1,Improvement in gas permeability of biaxially stretched PET films blended with high barrier polymers: The role of chemistry and processing conditions,İlhan Özen,European Polymer Journal,2009,10.1016/j.eurpolymj.2009.10.027,OpenAlex,https://figshare.com/articles/journal_contribution/Improvement_in_gas_permeability_of_biaxially_stretched_PET_films_blended_with_high_barrier_polymers_The_role_of_chemistry_and_processing_conditions/22105931
L1,Gas barrier properties of furan-based polyester films analyzed experimentally and by molecular simulations,Min Zhao,Polymer,2021,10.1016/j.polymer.2021.124200,OpenAlex,
L1,"Poly(propylene 2,5-thiophenedicarboxylate) vs. Poly(propylene 2,5-furandicarboxylate): Two Examples of High Gas Barrier Bio-Based Polyesters",Giulia Guidotti,Polymers,2018,10.3390/polym10070785,OpenAlex,https://www.mdpi.com/2073-4360/10/7/785/pdf?version=1531992974
L1,"Effect of copolymer composition on free volume and gas permeability in poly(ethylene terephthalate)-poly(1,4 cyclohexylenedimethylene terephthalate) copolyesters",Anita J. Hill,European Polymer Journal,1996,10.1016/0014-3057(95)00204-9,OpenAlex,
L1,Design and Synthesis of PET‐Based Copolyesters with Flame‐Retardant and Antidripping Performance,Haibo Zhao,Macromolecular Rapid Communications,2017,10.1002/marc.201700451,OpenAlex,https://onlinelibrary.wiley.com/doi/pdfdirect/10.1002/marc.201700451
L1,Oxygen‐barrier properties of copolymers based on ethylene terephthalate,A. Polyakova,Journal of Polymer Science Part B Polymer Physics,2001,10.1002/polb.1163,OpenAlex,
L1,More resilient polyester membranes for high-performance reverse osmosis desalination,Yujian Yao,Science,2024,10.1126/science.adk0632,OpenAlex,
L1,Methotrexate Loaded Polyether-Copolyester Dendrimers for the Treatment of Gliomas: Enhanced Efficacy and Intratumoral Transport Capability,Renu Singh Dhanikula,Molecular Pharmaceutics,2008,10.1021/mp700086j,OpenAlex,
L1,The structure of thermotropic copolyesters,Linda C. Sawyer,Journal of Materials Science,1986,10.1007/bf00547924,OpenAlex,
L1,Mechanical properties and permeability of polypropylene and poly(ethylene terephthalate) mixtures,P. Bataille,Polymer Engineering and Science,1987,10.1002/pen.760270904,OpenAlex,
L1,The Chemical Recycling of Polyesters for a Circular Plastics Economy: Challenges and Emerging Opportunities,Jack Payne,ChemSusChem,2021,10.1002/cssc.202100400,OpenAlex,https://doi.org/10.1002/cssc.202100400
L1,"Polymeric Materials Encyclopedia, Twelve Volume Set",J. C. Salamone,Medical Entomology and Zoology,1996,,OpenAlex,
L1,"Bio-Polyethylene (Bio-PE), Bio-Polypropylene (Bio-PP) and Bio-Poly(ethylene terephthalate) (Bio-PET): Recent Developments in Bio-Based Polymers Analogous to Petroleum-Derived Ones for Packaging and Engineering Applications",Valentina Siracusa,Polymers,2020,10.3390/polym12081641,OpenAlex,https://www.mdpi.com/2073-4360/12/8/1641/pdf?version=1595507450
L1,Formation of blends of various poly(3-hydroxyalkanoic acids) by a recombinant strain of Pseudomonas oleovorans,Arnulf Timm,Applied Microbiology and Biotechnology,1990,10.1007/bf00164525,OpenAlex,
L1,Production of Polyhydroxyalkanoates from Agricultural Waste and Surplus Materials,Martin Koller,Biomacromolecules,2005,10.1021/bm049478b,OpenAlex,http://openlib.tugraz.at/5d66fdf9e62d6
L1,Oxygen‐barrier properties of cold‐drawn polyesters,R. Y. F. Liu,Journal of Polymer Science Part B Polymer Physics,2002,10.1002/polb.10149,OpenAlex,
L1,Nanostructured interlayers of zein to improve the barrier properties of high barrier polyhydroxyalkanoates and other polyesters,María José Fabra,Journal of Food Engineering,2013,10.1016/j.jfoodeng.2013.11.022,OpenAlex,
L1,Effect of crystallization on oxygen‐barrier properties of copolyesters based on ethylene terephthalate,A. S. Polyakova,Journal of Polymer Science Part B Polymer Physics,2001,10.1002/polb.1165,OpenAlex,
L1,Packaging materials with desired mechanical and barrier properties and full chemical recyclability,Ainara Sangroniz,Nature Communications,2019,10.1038/s41467-019-11525-x,OpenAlex,https://www.nature.com/articles/s41467-019-11525-x.pdf
L1,"Modification of Poly(ethylene 2,5-furandicarboxylate) with Biobased 1,5-Pentanediol: Significantly Toughened Copolyesters Retaining High Tensile Strength and O 2 Barrier Property",Hongzhou Xie,Biomacromolecules,2018,10.1021/acs.biomac.8b01495,OpenAlex,
L1,"Modification of poly(ethylene 2,5-furandicarboxylate) with 1,4-cyclohexanedimethylene: Influence of composition on mechanical and barrier properties",Jinggang Wang,Polymer,2016,10.1016/j.polymer.2016.09.030,OpenAlex,
L1,Nanoparticle-mediated brain drug delivery: Overcoming blood–brain barrier to treat neurodegenerative diseases,Cláudia Saraiva,Journal of Controlled Release,2016,10.1016/j.jconrel.2016.05.044,OpenAlex,https://www.sciencedirect.com/science/article/pii/S0168365916303236/pdf
L1,Biodegradation of Microplastic Derived from Poly(ethylene terephthalate) with Bacterial Whole-Cell Biocatalysts,Jixian Gong,Polymers,2018,10.3390/polym10121326,OpenAlex,https://www.mdpi.com/2073-4360/10/12/1326/pdf?version=1543562357
L1,Superior Gas Barrier Properties of Biodegradable PBST vs. PBAT Copolyesters: A Comparative Study,Pengkai Qin,Polymers,2021,10.3390/polym13193449,OpenAlex,https://www.mdpi.com/2073-4360/13/19/3449/pdf?version=1633925621
L1,Synergistic biodegradation of aromatic-aliphatic copolyester plastic by a marine microbial consortium,Ingrid Eileen Meyer Cifuentes,Nature Communications,2020,10.1038/s41467-020-19583-2,OpenAlex,https://www.nature.com/articles/s41467-020-19583-2.pdf
L1,Recent advances in biocatalysts engineering for polyethylene terephthalate plastic waste green recycling,Nadia A. Samak,Environment International,2020,10.1016/j.envint.2020.106144,OpenAlex,https://www.sciencedirect.com/science/article/pii/S0160412020320997/pdf
L1,Cellulose Nanocrystal (CNC) Coatings with Controlled Anisotropy as High-Performance Gas Barrier Films,Reaz A. Chowdhury,ACS Applied Materials & Interfaces,2018,10.1021/acsami.8b16897,OpenAlex,
L1,Poly(butylene succinate) and poly(butylene succinate-co-adipate) for food packaging applications: Gas barrier properties after stressed treatments,Valentina Siracusa,Polymer Degradation and Stability,2015,10.1016/j.polymdegradstab.2015.04.026,OpenAlex,
L1,Current knowledge on enzymatic PET degradation and its possible application to waste stream management and other fields,Fusako Kawai,Applied Microbiology and Biotechnology,2019,10.1007/s00253-019-09717-y,OpenAlex,https://link.springer.com/content/pdf/10.1007/s00253-019-09717-y.pdf
L1,Biodegradable and thermoreversible PCLA–PEG–PCLA hydrogel as a barrier for prevention of post-operative adhesion,Zheng Zhang,Biomaterials,2011,10.1016/j.biomaterials.2011.03.046,OpenAlex,
L1,Effects of melt‐processing conditions on the quality of poly(ethylene terephthalate) montmorillonite clay nanocomposites,Cher H. Davis,Journal of Polymer Science Part B Polymer Physics,2002,10.1002/polb.10331,OpenAlex,https://onlinelibrary.wiley.com/doi/pdfdirect/10.1002/polb.10331
L1,Crystallization of Poly(ethylene terephthalate): A Review,Maria Laura Di Lorenzo,Polymers,2024,10.3390/polym16141975,OpenAlex,https://doi.org/10.3390/polym16141975
L1,Polylactide-co-glycolide nanoparticles for controlled delivery of anticancer agents,Rassoul Dinarvand,International Journal of Nanomedicine,2011,10.2147/ijn.s18905,OpenAlex,https://www.dovepress.com/getfile.php?fileID=9863
L1,Effect of compatibilization on the oxygen‐barrier properties of poly(ethylene terephthalate)/poly(m‐xylylene adipamide) blends,V. Prattipati,Journal of Applied Polymer Science,2005,10.1002/app.21843,OpenAlex,
L1,Biocatalysis as a green route for recycling the recalcitrant plastic polyethylene terephthalate,Ren Wei,Microbial Biotechnology,2017,10.1111/1751-7915.12714,OpenAlex,https://onlinelibrary.wiley.com/doi/pdfdirect/10.1111/1751-7915.12714
L1,Oxygen‐barrier properties of copolymers based on ethylene terephthalate,A. S. Polyakova,Journal of Polymer Science Part B Polymer Physics,2001,10.1002/polb.1163.abs,OpenAlex,
L1,"Preparation, Mechanical, and Thermal Properties of Biodegradable Polyesters/Poly(Lactic Acid) Blends",Peng Zhao,Journal of Nanomaterials,2010,10.1155/2010/287082,OpenAlex,https://downloads.hindawi.com/journals/jnm/2010/287082.pdf
L1,Degradation and Recyclability of Poly (Ethylene Terephthalate),S. Venkatachalam,InTech eBooks,2012,10.5772/48612,OpenAlex,https://www.intechopen.com/chapters/39405
L1,Biodegradation of a synthetic co-polyester by aerobic mesophilic microorganisms,Frédérick Trinh Tan,Polymer Degradation and Stability,2008,10.1016/j.polymdegradstab.2008.05.005,OpenAlex,https://escholarship.mcgill.ca/concern/articles/n870zx00b
L1,Utilization of Recycled Polyethylene Terephthalate (PET) in Engineering Materials: A Review,Mohamed Sulyman,International Journal of Environmental Science and Development,2015,10.7763/ijesd.2016.v7.749,OpenAlex,http://www.ijesd.org/vol7/749-A707.pdf
L1,Biodegradable polymers for use in surgery—poly(ethylene oxide) poly(ethylene terephthalate) (PEO/PET) copolymers: 1,D.K. Gilding,Polymer,1979,10.1016/0032-3861(79)90008-9,OpenAlex,
L1,Significance of poly(ethylene terephthalate) (PET) substrate crystallinity on enzymatic degradation,Thore Bach Thomsen,New Biotechnology,2023,10.1016/j.nbt.2023.11.001,OpenAlex,https://ars.els-cdn.com/content/image/1-s2.0-S187167842300064X-ga1_lrg.jpg
L1,A focused review on recycling and hydrolysis techniques of polyethylene terephthalate,Hossein Abedsoltan,Polymer Engineering and Science,2023,10.1002/pen.26406,OpenAlex,https://onlinelibrary.wiley.com/doi/pdfdirect/10.1002/pen.26406
L1,"Block Copolyesters Containing 2,5-Furan and trans-1,4-Cyclohexane Subunits with Outstanding Gas Barrier Properties",Giulia Guidotti,International Journal of Molecular Sciences,2019,10.3390/ijms20092187,OpenAlex,https://www.mdpi.com/1422-0067/20/9/2187/pdf?version=1557311861
L1,Preparation of Exfoliated Polyester/Clay Nanocomposites,Tsung‐Yu Tsai,Advanced Materials,2005,10.1002/adma.200401260,OpenAlex,https://onlinelibrary.wiley.com/doi/pdfdirect/10.1002/adma.200401260
L1,Microbial and Enzymatic Degradation of Synthetic Plastics,M. Nisha,Frontiers in Microbiology,2020,10.3389/fmicb.2020.580709,OpenAlex,https://www.frontiersin.org/articles/10.3389/fmicb.2020.580709/pdf
L1,The Molecular Basis for the Relationship between the Secondary Relaxation and Mechanical Properties of a Series of Polyester Copolymer Glasses,Lisa P. Chen,Macromolecules,1999,10.1021/ma981363a,OpenAlex,
L1,"Potentially Biodegradable “Short-Long” Type Diol-Diacid Polyesters with Superior Crystallizability, Tensile Modulus, and Water Vapor Barrier",Lizhong Zhou,ACS Sustainable Chemistry & Engineering,2021,10.1021/acssuschemeng.1c06752,OpenAlex,
L1,Poly(ethylene terephthalate) blends for permeability barrier applications,P. M. Subramanian,Polymer Engineering and Science,1987,10.1002/pen.760272103,OpenAlex,
L1,Depolymerization of polyesters by a binuclear catalyst for plastic recycling,Shengbo Zhang,Nature Sustainability,2023,10.1038/s41893-023-01118-4,OpenAlex,https://www.osti.gov/servlets/purl/1986317
L1,Enhanced degradation and gas barrier of PBAT through composition design of aliphatic units,Han Hu,Polymer Degradation and Stability,2021,10.1016/j.polymdegradstab.2021.109795,OpenAlex,
L1,The compatibility and transesterification for blends of polyethylene terephthalate)/poly(bisphenol-A carbonate),Lihui Wang,Journal of Macromolecular Science Part B,1990,10.1080/00222349008245771,OpenAlex,
L1,"Polylactic acid blends: The future of green, light and tough",Kotiba Hamad,Progress in Polymer Science,2018,10.1016/j.progpolymsci.2018.07.001,OpenAlex,
L1,Oxygen permeability analysis of microfibril reinforced composites from PE/PET blends,R. J. Shields,Composites Part A Applied Science and Manufacturing,2008,10.1016/j.compositesa.2008.03.008,OpenAlex,
L1,Reactive extrusion of biodegradable PGA / PBAT blends to enhance flexibility and gas barrier properties,Christopher Ellingford,Journal of Applied Polymer Science,2021,10.1002/app.51617,OpenAlex,http://hdl.handle.net/2434/879374
L1,On the compatibilization of PET/HDPE blends through a new class of copolyesters,Todorka Dimitrova,Polymer,2000,10.1016/s0032-3861(99)00709-0,OpenAlex,
L1,Oxygen‐barrier properties of polyethylene terephthalate modified with a small amount of aromatic comonomer,A. S. Polyakova,Journal of Polymer Science Part B Polymer Physics,2001,10.1002/polb.1164,OpenAlex,
L1,"The role of crystalline, mobile amorphous and rigid amorphous fractions in the performance of recycled poly (ethylene terephthalate) (PET)",J.D. Badía,Polymer Degradation and Stability,2011,10.1016/j.polymdegradstab.2011.10.008,OpenAlex,https://riunet.upv.es/bitstream/10251/93518/3/The_role_of_crystalline_mobile_amorphous.pdf
L1,"Synthesis, properties, and applications of graphene oxide/reduced graphene oxide and their nanocomposites",Andrew T. Smith,Nano Materials Science,2019,10.1016/j.nanoms.2019.02.004,OpenAlex,https://www.sciencedirect.com/science/article/pii/S2589965119300042/pdf
L1,"A new blood–brain barrier model using primary rat brain endothelial cells, pericytes and astrocytes",Shinsuke Nakagawa,Neurochemistry International,2008,10.1016/j.neuint.2008.12.002,OpenAlex,https://nagasaki-u.repo.nii.ac.jp/record/16382/files/NeuInt54_253.pdf
L1,Improving oxygen barrier properties of poly(ethylene terephthalate) by incorporating isophthalate. II. Effect of crystallization,Yanfeng Hu,Journal of Applied Polymer Science,2005,10.1002/app.22214,OpenAlex,
L1,Preparation and characterization of poly(ethylene terephthalate)/clay nanocomposites by melt blending using thermally stable surfactants,Marius C. Costache,Polymers for Advanced Technologies,2006,10.1002/pat.752,OpenAlex,
L1,Acetolysis of waste polyethylene terephthalate for upcycling and life-cycle assessment study,Yuantao Peng,Nature Communications,2023,10.1038/s41467-023-38998-1,OpenAlex,https://www.nature.com/articles/s41467-023-38998-1.pdf
L1,Biohybrid CO 2 electrolysis for the direct synthesis of polyesters from CO 2,Jinkyu Lim,Proceedings of the National Academy of Sciences,2023,10.1073/pnas.2221438120,OpenAlex,https://pmc.ncbi.nlm.nih.gov/articles/PMC10083616/pdf/pnas.202221438.pdf
L1,Microbial Degradation Behavior in Seawater of Polyester Blends Containing Poly(3-hydroxybutyrate-co-3-hydroxyhexanoate) (PHBHHx),Hitoshi Sashiwa,Marine Drugs,2018,10.3390/md16010034,OpenAlex,https://www.mdpi.com/1660-3397/16/1/34/pdf?version=1516198514
L1,Designing packaging materials with viscoelastic and gas barrier properties by optimized processing of poly(3-hydroxybutyrate-co-3-hydroxyvalerate) with lignin,Adriána Kovalcik,Reactive and Functional Polymers,2015,10.1016/j.reactfunctpolym.2015.07.001,OpenAlex,
L1,"Recent Progress on Sustainable 2,5-Furandicarboxylate-Based Polyesters: Properties and Applications",Mohammad Raza Miah,ACS Sustainable Chemistry & Engineering,2024,10.1021/acssuschemeng.3c06878,OpenAlex,
L1,Cobalt oxide/graphene composite for highly efficient CO oxidation and its application in reducing the fire hazards of aliphatic polyesters,Xin Wang,Journal of Materials Chemistry,2012,10.1039/c2jm15637g,OpenAlex,
L1,"Tailoring poly(butylene 2,5-thiophenedicarboxylate) features by the introduction of adipic acid co-units: Biobased and biodegradable aliphatic/aromatic polyesters",Giulia Guidotti,Polymer,2018,10.1016/j.polymer.2018.04.063,OpenAlex,
L1,Biodegradation of Aliphatic-Aromatic Copolyesters by Thermomonospora fusca and Other Thermophilic Compost Isolates,Ilona Kleeberg,Applied and Environmental Microbiology,1998,10.1128/aem.64.5.1731-1735.1998,OpenAlex,https://aem.asm.org/content/aem/64/5/1731.full.pdf
L1,Sustainable Valorization of Animal Manure and Recycled Polyester: Co-pyrolysis Synergy,Zuhal Akyürek,Sustainability,2019,10.3390/su11082280,OpenAlex,https://www.mdpi.com/2071-1050/11/8/2280/pdf?version=1555489102
L1,"Sustainability performance of polyethylene terephthalate, clarifying challenges and opportunities",Parikshit Sarda,Journal of Polymer Science,2021,10.1002/pol.20210495,OpenAlex,https://onlinelibrary.wiley.com/doi/pdfdirect/10.1002/pol.20210495
L1,Furfural-Based Modification of PET for UV-Blocking Copolymers with Decreased Oxygen Permeability,Ahmed A. Fadda,Industrial & Engineering Chemistry Research,2021,10.1021/acs.iecr.1c00629,OpenAlex,https://doi.org/10.1021/acs.iecr.1c00629
L1,Biodegradable nanoparticles for oral delivery of peptides: is there a role for polymers to affect mucosal uptake?,Tobias Jung,European Journal of Pharmaceutics and Biopharmaceutics,2000,10.1016/s0939-6411(00)00084-9,OpenAlex,
L1,"PVA, PVA Blends, and Their Nanocomposites for Biodegradable Packaging Application",Zainab Waheed Abdullah,Polymer-Plastics Technology and Engineering,2017,10.1080/03602559.2016.1275684,OpenAlex,https://espace.curtin.edu.au/bitstream/20.500.11937/48915/2/249606.pdf
L1,Processing and Characterization of PET Composites Reinforced With Geopolymer Concrete Waste,Ana Paula dos Santos Pereira,Materials Research,2017,10.1590/1980-5373-mr-2017-0734,OpenAlex,http://www.scielo.br/pdf/mr/v20s2/1516-1439-mr-1980-5373-MR-2017-0734.pdf
L1,Characterization of poly(ethylene terephthalate) and poly(ethylene terephthalate) blends,Bronwyn Fox,Polymer,1997,10.1016/s0032-3861(96)00872-5,OpenAlex,
L1,A permeable cuticle in Arabidopsis leads to a strong resistance to Botrytis cinerea,Michael Bessire,The EMBO Journal,2007,10.1038/sj.emboj.7601658,OpenAlex,https://onlinelibrary.wiley.com/doi/pdfdirect/10.1038/sj.emboj.7601658
L1,Impact of crystallinity of poly(lactide) on helium and oxygen barrier properties,Alain Guinault,European Polymer Journal,2012,10.1016/j.eurpolymj.2012.01.014,OpenAlex,https://hal.science/hal-01203341/document
L1,Polymeric micelles in cancer therapy: State of the art,Balaram Ghosh,Journal of Controlled Release,2021,10.1016/j.jconrel.2021.02.016,OpenAlex,
L1,"A Brief Review of Poly (Butylene Succinate) (PBS) and Its Main Copolymers: Synthesis, Blends, Composites, Biodegradability, and Applications",Laura Aliotta,Polymers,2022,10.3390/polym14040844,OpenAlex,https://www.mdpi.com/2073-4360/14/4/844/pdf?version=1645516495
L1,Catalysis as an Enabling Science for Sustainable Polymers,Xiangyi Zhang,Chemical Reviews,2017,10.1021/acs.chemrev.7b00329,OpenAlex,https://www.osti.gov/servlets/purl/1594173
L1,Effect of thermal history on the morphology of thermotropic liquid crystalline copolyesters based on PET and PHB,Eugene G. Joseph,Polymer,1985,10.1016/0032-3861(85)90107-7,OpenAlex,
L1,Improving oxygen barrier properties of poly(ethylene terephthalate) by incorporating isophthalate. I. Effect of orientation,R. Y. F. Liu,Journal of Applied Polymer Science,2005,10.1002/app.22213,OpenAlex,
L1,Claudin-8 Expression in Madin-Darby Canine Kidney Cells Augments the Paracellular Barrier to Cation Permeation,Alan S.L. Yu,Journal of Biological Chemistry,2003,10.1074/jbc.m213286200,OpenAlex,http://www.jbc.org/article/S0021925819584708/pdf
L1,"Treatment of polymer films with a dielectric barrier discharge in air, helium and argon at medium pressure",Nathalie De Geyter,Surface and Coatings Technology,2007,10.1016/j.surfcoat.2007.01.008,OpenAlex,
L1,Molecular-channel driven actuator with considerations for multiple configurations and color switching,Jiuke Mu,Nature Communications,2018,10.1038/s41467-018-03032-2,OpenAlex,https://www.nature.com/articles/s41467-018-03032-2.pdf
L1,Comparative Performance and Barrier Properties of Biodegradable Thermoplastics and Nanobiocomposites versus PET for Food Packaging Applications,David Cava,Journal of Plastic Film & Sheeting,2006,10.1177/8756087906071354,OpenAlex,https://hal.science/hal-00572071
L1,Glycolyzed poly(ethylene terephthalate) waste and castor oil-based polyols for waterborne polyurethane adhesives containing hexamethoxymethyl melamine,Suzana Cakić,Progress in Organic Coatings,2014,10.1016/j.porgcoat.2014.07.012,OpenAlex,
L1,"Bio-based poly(butylene diglycolate-co-furandicarboxylate) copolyesters with balanced mechanical, barrier and biodegradable properties: A prospective substitute for PBAT",Yunxiao Dong,Polymer Degradation and Stability,2022,10.1016/j.polymdegradstab.2022.110010,OpenAlex,
L1,"Comparative study of four immortalized human brain capillary endothelial cell lines, hCMEC/D3, hBMEC, TY10, and BB19, and optimization of culture conditions, for an in vitro blood–brain barrier model for drug permeability studies",Daniela Elisabeth Eigenmann,Fluids and Barriers of the CNS,2013,10.1186/2045-8118-10-33,OpenAlex,https://fluidsbarrierscns.biomedcentral.com/counter/pdf/10.1186/2045-8118-10-33
L1,New Polymeric Materials for Containers Manufacture Based on PET/PEN Copolyesters and Blends,Riccardo Pó,Polymers for Advanced Technologies,1996,10.1002/(sici)1099-1581(199605)7:5/6<365::aid-pat496>3.0.co;2-a,OpenAlex,
L1,Enzymatic Remediation of Polyethylene Terephthalate (PET)–Based Polymers for Effective Management of Plastic Wastes: An Overview,Ankita C. Maurya,Frontiers in Bioengineering and Biotechnology,2020,10.3389/fbioe.2020.602325,OpenAlex,https://www.frontiersin.org/articles/10.3389/fbioe.2020.602325/pdf
L1,"Process influences on the structure, piezoelectric, and gas‐barrier properties of PVDF‐TrFE copolymer",Fabiane Oliveira,Journal of Polymer Science Part B Polymer Physics,2014,10.1002/polb.23443,OpenAlex,https://onlinelibrary.wiley.com/doi/pdfdirect/10.1002/polb.23443
L1,Polyethylene Terephthalate May Yield Endocrine Disruptors,Leonard Sax,Environmental Health Perspectives,2009,10.1289/ehp.0901253,OpenAlex,https://ehp.niehs.nih.gov/doi/epdf/10.1289/ehp.0901253
L1,The application of polyhydroxyalkanoates as tissue engineering materials,Guo‐Qiang Chen,Biomaterials,2005,10.1016/j.biomaterials.2005.04.036,OpenAlex,
L1,Structure and properties for biomass-based polyester blends of PLA and PBS,Tadashi Yokohara,European Polymer Journal,2008,10.1016/j.eurpolymj.2008.01.008,OpenAlex,https://dspace.jaist.ac.jp/dspace/bitstream/10119/7896/1/C11775.pdf
L1,Blood–brain barrier permeable nano immunoconjugates induce local immune responses for glioma therapy,Anna Galstyan,Nature Communications,2019,10.1038/s41467-019-11719-3,OpenAlex,https://www.nature.com/articles/s41467-019-11719-3.pdf
L1,"Crab-on-a-Tree: All Biorenewable, Optical and Radio Frequency Transparent Barrier Nanocoating for Food Packaging",Taehyung Kim,ACS Nano,2019,10.1021/acsnano.8b08522,OpenAlex,
L1,Analysis of the polyester clothing value chain to identify key intervention points for sustainability,Cristina Palacios-Mateo,Environmental Sciences Europe,2021,10.1186/s12302-020-00447-x,OpenAlex,https://enveurope.springeropen.com/track/pdf/10.1186/s12302-020-00447-x
L1,Synthesis of copolyesters containing poly(ethylene terephthalate) and poly(ε-caprolactone) units and their susceptibility toPseudomonas sp. lipase,Hae Sang Jun,Journal of Polymers and the Environment,1994,10.1007/bf02073482,OpenAlex,
L1,Recent Developments and Perspectives of Recycled Poly(ethylene terephthalate)-Based Membranes: A Review,Kirill Kirshanov,Membranes,2022,10.3390/membranes12111105,OpenAlex,https://www.mdpi.com/2077-0375/12/11/1105/pdf?version=1668414607
L1,Biodegradable aliphatic polyesters. Part II. Synthesis and characterization of chain extended poly(butylene succinate-co-butylene adipate),V. Tserki,Polymer Degradation and Stability,2005,10.1016/j.polymdegradstab.2005.04.036,OpenAlex,
L1,Nanocomposites of aliphatic polyesters: An overview of the effect of different nanofillers on enzymatic hydrolysis and biodegradation of polyesters,Dimitrios Ν. Bikiaris,Polymer Degradation and Stability,2013,10.1016/j.polymdegradstab.2013.05.016,OpenAlex,
L1,Gas sorption and transport in a copolyester and its blend with polycarbonate,Paolo Masi,Journal of Polymer Science Polymer Physics Edition,1982,10.1002/pol.1982.180200102,OpenAlex,
L1,"Biodegradation Behavior of Poly(Butylene Adipate-Co-Terephthalate) (PBAT), Poly(Lactic Acid) (PLA), and Their Blend in Freshwater with Sediment",Ye Fu,Molecules,2020,10.3390/molecules25173946,OpenAlex,https://www.mdpi.com/1420-3049/25/17/3946/pdf?version=1598686861
L1,PEG-b-PCL Copolymer Micelles with the Ability of pH-Controlled Negative-to-Positive Charge Reversal for Intracellular Delivery of Doxorubicin,Hongzhang Deng,Biomacromolecules,2014,10.1021/bm501290t,OpenAlex,
L1,"A Perspective on PEF Synthesis, Properties, and End-Life",Katja Loos,Frontiers in Chemistry,2020,10.3389/fchem.2020.00585,OpenAlex,https://www.frontiersin.org/articles/10.3389/fchem.2020.00585/pdf
L1,Ring-opening copolymerization (ROCOP): synthesis and properties of polyesters and polycarbonates,Shyeni Paul,Chemical Communications,2015,10.1039/c4cc10113h,OpenAlex,https://pubs.rsc.org/en/content/articlepdf/2015/cc/c4cc10113h
L1,"The Recent Developments in Biobased Polymers toward General and Engineering Applications: Polymers that are Upgraded from Biodegradable Polymers, Analogous to Petroleum-Derived Polymers, and Newly Developed",Hajime Nakajima,Polymers,2017,10.3390/polym9100523,OpenAlex,https://www.mdpi.com/2073-4360/9/10/523/pdf?version=1508465862
L1,"Morphology and barrier properties of oriented blends of poly(ethylene terephthalate) and poly(ethylene 2,6‐naphthalate) with poly(ethylene‐co‐vinyl alcohol)",K. M. Kit,Polymer Engineering and Science,1995,10.1002/pen.760350808,OpenAlex,
L1,"Water transport in polylactic acid (PLA), PLA/ polycaprolactone copolymers, and PLA/polyethylene glycol blends",Georgette L. Siparsky,Journal of Polymers and the Environment,1997,10.1007/bf02763656,OpenAlex,
L1,"Effect of Biaxial Orientation on Microstructure and Properties of Renewable Copolyesters of Poly(ethylene terephthalate) with 2,5-Furandicarboxylic Acid for Packaging Application",Anup S. Joshi,ACS Applied Polymer Materials,2019,10.1021/acsapm.9b00330,OpenAlex,
L1,Gas transport properties of thermotropic liquid‐crystalline copolyesters. II. The effects of copolymer composition,D. H. Weinkauf,Journal of Polymer Science Part B Polymer Physics,1992,10.1002/polb.1992.090300805,OpenAlex,
L1,The Preparations and Water Vapor Barrier Properties of Polyimide Films Containing Amide Moieties,Kai Zhang,Polymers,2017,10.3390/polym9120677,OpenAlex,https://www.mdpi.com/2073-4360/9/12/677/pdf?version=1512485827
L1,"Transparent, UV-blocking, and high barrier cellulose-based bioplastics with naringin as active food packaging materials",Susana Guzmán‐Puyol,International Journal of Biological Macromolecules,2022,10.1016/j.ijbiomac.2022.04.177,OpenAlex,https://www.sciencedirect.com/science/article/pii/S0141813022008911/pdf
L1,Designed to Degrade: Tailoring Polyesters for Circularity,Celine V. Aarsen,Chemical Reviews,2024,10.1021/acs.chemrev.4c00032,OpenAlex,https://doi.org/10.1021/acs.chemrev.4c00032
L1,Mechanical properties of SiOx gas barrier coatings on polyester films,David Howells,Surface and Coatings Technology,2008,10.1016/j.surfcoat.2007.12.030,OpenAlex,https://www.sciencedirect.com/science/article/pii/S0257897207012807
L1,Enzymatic and microbial biodegradability of poly(ethylene terephthalate) copolymers containing nitrated units,María Soledad Marqués-Calvo,Polymer Degradation and Stability,2005,10.1016/j.polymdegradstab.2005.05.014,OpenAlex,
L1,Lipid Addition to Improve Barrier Properties of Edible Starch‐based Films and Coatings,María Alejandra García,Journal of Food Science,2000,10.1111/j.1365-2621.2000.tb09397.x,OpenAlex,https://onlinelibrary.wiley.com/doi/pdfdirect/10.1111/j.1365-2621.2000.tb09397.x
L1,Upcycling of cotton polyester blended textile waste to new man-made cellulose fibers,Simone Haslinger,Waste Management,2019,10.1016/j.wasman.2019.07.040,OpenAlex,https://www.sciencedirect.com/science/article/pii/S0956053X19305100/pdf
L1,"Modification of poly(ethylene 2,5-furandicarboxylate) (PEF) with 1, 4-cyclohexanedimethanol: Influence of stereochemistry of 1,4-cyclohexylene units",Jinggang Wang,Polymer,2018,10.1016/j.polymer.2018.01.021,OpenAlex,
L1,Reinforcement of Poly(ethylene terephthalate) Fibers with Polyhedral Oligomeric Silsesquioxanes (POSS),Jian‐Bing Zeng,High Performance Polymers,2005,10.1177/0954008305055562,OpenAlex,
L1,High-Barrier Biobased Copolyesters with Targeted Glass Transition Temperatures as Renewable Alternatives for PET,Ahmed A. Fadda,ACS Applied Polymer Materials,2023,10.1021/acsapm.2c02161,OpenAlex,https://pubs.acs.org/doi/pdf/10.1021/acsapm.2c02161
L1,Physiological concentrations of short-chain fatty acids immediately suppress colonic epithelial permeability,Takuya Suzuki,British Journal Of Nutrition,2008,10.1017/s0007114508888733,OpenAlex,https://www.cambridge.org/core/services/aop-cambridge-core/content/view/EBE53D3C9A914AF05A7933FE63D99825/S0007114508888733a.pdf/div-class-title-physiological-concentrations-of-short-chain-fatty-acids-immediately-suppress-colonic-epithelial-permeability-div.pdf
L1,ZnO-Reinforced Poly(3-hydroxybutyrate-co-3-hydroxyvalerate) Bionanocomposites with Antimicrobial Function for Food Packaging,Ana M. Díez‐Pascual,ACS Applied Materials & Interfaces,2014,10.1021/am502261e,OpenAlex,
L1,PLA / PHBV Films with Improved Mechanical and Gas Barrier Properties,Majdi Boufarguine,Macromolecular Materials and Engineering,2012,10.1002/mame.201200285,OpenAlex,https://hal.science/hal-00980637/document
L1,"Synthesis and properties of long chain polyesters from biobased 1,5-pentanediol and aliphatic α,ω-diacids with 10-16 carbon atoms",Lizhong Zhou,Polymer Degradation and Stability,2021,10.1016/j.polymdegradstab.2021.109546,OpenAlex,
L1,Gas transport in a thermotropic liquid‐crystalline polyester,J. S. Chiou,Journal of Polymer Science Part B Polymer Physics,1987,10.1002/polb.1987.090250811,OpenAlex,
L1,Novel “Rigid to Flexible” Biobased Polyesters Fully Derived from 5-Hydroxymethylfurfural: Promising as Sustainable UV Shielding and Gas Barrier Materials,Yi Jing,ACS Sustainable Chemistry & Engineering,2022,10.1021/acssuschemeng.1c07038,OpenAlex,
L1,Polyethylene and biodegradable mulches for agricultural applications: a review,K. Subrahmaniyan,Agronomy for Sustainable Development,2012,10.1007/s13593-011-0068-3,OpenAlex,https://link.springer.com/content/pdf/10.1007/s13593-011-0068-3.pdf
L1,Synthesis and Characterization of Amorphous Bibenzoate (Co)polyesters: Permeability and Rheological Performance,Ryan J. Mondschein,Macromolecules,2017,10.1021/acs.macromol.7b01595,OpenAlex,
L1,Improved Comfort Polyester,H. N. Yoon,Textile Research Journal,1984,10.1177/004051758405400502,OpenAlex,
L1,Renewable Unsaturated Polyesters from Muconic Acid,Nicholas A. Rorrer,ACS Sustainable Chemistry & Engineering,2016,10.1021/acssuschemeng.6b01820,OpenAlex,https://www.osti.gov/servlets/purl/1335106
L1,Properties of melt processed chitosan and aliphatic polyester blends,Vítor M. Correlo,Materials Science and Engineering A,2005,10.1016/j.msea.2005.04.055,OpenAlex,https://www.sciencedirect.com/science/article/pii/S0921509305004338
L1,Degradation and Physical Properties of Aliphatic Copolyesters Derived from Mixed Diols,Youngtai Yoo,Polymer Journal,1998,10.1295/polymj.30.538,OpenAlex,https://www.nature.com/articles/pj1998100.pdf
L1,Molecular dynamics simulation of diffusion of O2 and CO2 in blends of amorphous poly(ethylene terephthalate) and related polyesters,Dumitru Pavel,Polymer,2005,10.1016/j.polymer.2005.05.085,OpenAlex,https://figshare.com/articles/journal_contribution/Molecular_dynamics_simulation_of_diffusion_of_O2_and_CO2_in_blends_of_amorphous_poly_ethylene_terephthalate_and_related_polyesters/27411186
L1,Crystallization and properties of poly(ethylene terephthalate) copolymers containing 5-tert-butyl isophthalic units,Darwin P. R. Kint,Polymer,2002,10.1016/s0032-3861(02)00715-2,OpenAlex,http://hdl.handle.net/2445/46684
L1,Multilayers of Renewable Nanostructured Materials with High Oxygen and Water Vapor Barriers for Food Packaging,Eva Pasquier,ACS Applied Materials & Interfaces,2022,10.1021/acsami.2c07579,OpenAlex,https://doi.org/10.1021/acsami.2c07579
L1,Converting poly(ethylene terephthalate) waste into N-doped porous carbon as CO2 adsorbent and solar steam generator,Changyuan Song,Green Energy & Environment,2020,10.1016/j.gee.2020.10.002,OpenAlex,https://www.sciencedirect.com/science/article/pii/S246802572030159X/pdf
L1,Improving the water resistance of nanocellulose-based films with polyhydroxyalkanoates processed by the electrospinning coating technique,Adriane Cherpinski,Cellulose,2018,10.1007/s10570-018-1648-z,OpenAlex,
L1,Biodegradable polymers for use in surgery — poly(ethylene oxide)/poly(ethylene terephthalate) (PEO/PET) copolymers: 2. In vitro degradation,Andrew M. Reed,Polymer,1981,10.1016/0032-3861(81)90169-5,OpenAlex,
L1,Water vapour permeability of poly(lactic acid): Crystallinity and the tortuous path model,Z. Duan,Journal of Applied Physics,2014,10.1063/1.4865168,OpenAlex,https://aip.scitation.org/doi/pdf/10.1063/1.4865168
L1,An Overview into Polyethylene Terephthalate (PET) Hydrolases and Efforts in Tailoring Enzymes for Improved Plastic Degradation,Nurul Fatin Syamimi Khairul Anuar,International Journal of Molecular Sciences,2022,10.3390/ijms232012644,OpenAlex,https://www.mdpi.com/1422-0067/23/20/12644/pdf?version=1666579671
L1,Assessment of PHB with varying hydroxyvalerate content for potential packaging applications,Sunny J. Modi,European Polymer Journal,2010,10.1016/j.eurpolymj.2010.11.010,OpenAlex,
L1,Effects of Organo-Modified Clay Addition and Temperature on the Water Vapor Barrier Properties of Polyhydroxy Butyrate Homo and Copolymer Nanocomposite Films for Packaging Applications,Okan Akın,Journal of Polymers and the Environment,2017,10.1007/s10924-017-1017-2,OpenAlex,http://gcris.iyte.edu.tr/bitstreams/81e5b4ea-2634-4153-b03e-35603d249fdb/download
L1,Processing and characterization of plasticized PLA/PHB blends for biodegradable multiphase systems,Ilaria Armentano,eXPRESS Polymer Letters,2015,10.3144/expresspolymlett.2015.55,OpenAlex,https://doi.org/10.3144/expresspolymlett.2015.55
L1,"2,5‐Furandicarboxylic acid as a sustainable alternative to isophthalic acid for synthesis of amorphous poly(ethylene terephthalate) copolyester with enhanced performance",Liyuan Sun,Journal of Applied Polymer Science,2018,10.1002/app.47186,OpenAlex,
L1,"Microbes on a Bottle: Substrate, Season and Geography Influence Community Composition of Microbes Colonizing Marine Plastic Debris",Sonja Oberbeckmann,PLoS ONE,2016,10.1371/journal.pone.0159289,OpenAlex,https://journals.plos.org/plosone/article/file?id=10.1371/journal.pone.0159289&type=printable
L1,Research and progress of chemical depolymerization of waste PET and high-value application of its depolymerization products,Fan Cao,RSC Advances,2022,10.1039/d2ra06499e,OpenAlex,https://pubs.rsc.org/en/content/articlepdf/2022/ra/d2ra06499e
L1,"Poly(ethylene terephthalate) copolymers that contain 5‐tert‐butylisophthalic acid and 1‐3/1‐4‐cyclohexanedimethanol: Synthesis, characterization, and properties",Yuhsin Tsai,Journal of Applied Polymer Science,2007,10.1002/app.25592,OpenAlex,
L1,Progress toward Circularity of Polyester and Cotton Textiles,Siyan Wang,Sustainable Chemistry,2022,10.3390/suschem3030024,OpenAlex,https://www.mdpi.com/2673-4079/3/3/24/pdf?version=1662386726
L1,Detection of microplastics in human lung tissue using μFTIR spectroscopy,Lauren C. Jenner,The Science of The Total Environment,2022,10.1016/j.scitotenv.2022.154907,OpenAlex,https://www.sciencedirect.com/science/article/pii/S0048969722020009/pdf
L1,Oxygen Barrier Properties of Copolyesters Containing a Mesogenic Monomer,Yanfeng Hu,Macromolecules,2004,10.1021/ma030440l,OpenAlex,
L1,Chemical recycling of polyester textile wastes: shifting towards sustainability,Théo El Darai,Green Chemistry,2024,10.1039/d4gc00911h,OpenAlex,https://hal.science/hal-04604286/document
L1,"Utilizing Furfural-Based Bifuran Diester as Monomer and Comonomer for High-Performance Bioplastics: Properties of Poly(butylene furanoate), Poly(butylene bifuranoate), and Their Copolyesters",Tuomo P. Kainulainen,Biomacromolecules,2019,10.1021/acs.biomac.9b01447,OpenAlex,https://pubs.acs.org/doi/pdf/10.1021/acs.biomac.9b01447
L1,Furan‐Based Copolyesters from Renewable Resources: Enzymatic Synthesis and Properties,Dina Maniar,ChemSusChem,2019,10.1002/cssc.201802867,OpenAlex,https://doi.org/10.1002/cssc.201802867
L1,Effect of Size and Surface Charge of Gold Nanoparticles on their Skin Permeability: A Molecular Dynamics Study,Rakesh Gupta,Scientific Reports,2017,10.1038/srep45292,OpenAlex,https://www.nature.com/articles/srep45292.pdf
L1,Modification of poly(ethylene terephthalate) ( PET ) using linoleic acid for oxygen barrier improvement: Impact of processing methods,Michael Angelo Miranda,Journal of Applied Polymer Science,2017,10.1002/app.45023,OpenAlex,
L1,"Fully bio-based poly(propylene succinate-co-propylene furandicarboxylate) copolyesters with proper mechanical, degradation and barrier properties for green packaging applications",Han Hu,European Polymer Journal,2018,10.1016/j.eurpolymj.2018.03.009,OpenAlex,https://www.osti.gov/biblio/1564409
L1,"Effect of expanded graphite/layered-silicate clay on thermal, mechanical and fire retardant properties of poly(lactic acid)",Kikku Fukushima,Polymer Degradation and Stability,2010,10.1016/j.polymdegradstab.2010.02.029,OpenAlex,
L1,"High Molecular Weight Polyesters Derived from Biobased 1,5-Pentanediol and a Variety of Aliphatic Diacids: Synthesis, Characterization, and Thermo-Mechanical Properties",Jing Lü,ACS Sustainable Chemistry & Engineering,2017,10.1021/acssuschemeng.7b01050,OpenAlex,
L1,Tuning the biomimetic behavior of scaffolds for regenerative medicine through surface modifications,Nathan Richbourg,Journal of Tissue Engineering and Regenerative Medicine,2019,10.1002/term.2859,OpenAlex,https://www.ncbi.nlm.nih.gov/pmc/articles/6715496
L1,"Synthesis and properties of poly(1,4-cyclohexanedimethylene-co-isosorbide terephthalate), a biobased copolyester with high performances",Sylvain Legrand,European Polymer Journal,2019,10.1016/j.eurpolymj.2019.03.018,OpenAlex,https://www.sciencedirect.com/science/article/am/pii/S0014305719302551?via%3Dihub
L1,"Biodegradable Poly(butylene succinate) Copolyesters Modified by Bioresoured 2,5-Tetrahydrofurandimethanol",Chenhao Jin,ACS Sustainable Chemistry & Engineering,2022,10.1021/acssuschemeng.2c02842,OpenAlex,
L1,The Effect of Molecular Weight of Polycaprolactone on the Ester Interchange Reactions during Melt Blending with Poly(ethylene terephthalate),Kyung Yul Lim,Polymer Journal,2002,10.1295/polymj.34.313,OpenAlex,https://www.nature.com/articles/pj200248.pdf
L1,Effective catalysis of poly(ethylene terephthalate) (PET) degradation by metallic acetate ionic liquids,Xueyuan Zhou,Pure and Applied Chemistry,2012,10.1351/pac-con-11-06-10,OpenAlex,https://www.degruyter.com/document/doi/10.1351/PAC-CON-11-06-10/pdf
L1,Visualizing oil displacement with foam in a microfluidic device with permeability contrast,Charles A. Conn,Lab on a Chip,2014,10.1039/c4lc00620h,OpenAlex,https://pubs.rsc.org/en/content/articlepdf/2014/lc/c4lc00620h
L1,Strategic Possibility Routes of Recycled PET,Damayanti Damayanti,Polymers,2021,10.3390/polym13091475,OpenAlex,https://www.mdpi.com/2073-4360/13/9/1475/pdf?version=1620609108
L1,Bio-Based Coatings for Paper Applications,Vibhore Kumar Rastogi,Coatings,2015,10.3390/coatings5040887,OpenAlex,https://www.mdpi.com/2079-6412/5/4/887/pdf?version=1448017658
L1,Gas transport properties of liquid crystalline poly (ethylene terephthalate‐co‐p‐oxybenzoate),D. H. Weinkauf,Journal of Polymer Science Part B Polymer Physics,1991,10.1002/polb.1991.090290307,OpenAlex,
L1,"Poly(ethylene 2,5-furandicarboxylate-mb-poly(tetramethylene glycol)) multiblock copolymers: From high tough thermoplastics to elastomers",Hongzhou Xie,Polymer,2018,10.1016/j.polymer.2018.09.033,OpenAlex,https://orbi.umons.ac.be/bitstream/20.500.12907/7867/1/696%20Dubois%20et%20al%20Polymer%202018%20155%2089_98.pdf
L1,Depolymerization within a Circular Plastics System,R. Clark,Chemical Reviews,2024,10.1021/acs.chemrev.3c00739,OpenAlex,https://doi.org/10.1021/acs.chemrev.3c00739
L1,Effects of the lamination temperature on the properties of poly(ethylene terephthalate-co-isophthalate) in polyester-laminated tin-free steel can — I. Characterization of poly(ethylene terephthalate-co-isophthalate),C. K. Cho,Journal of Adhesion Science and Technology,2000,10.1163/156856100743130,OpenAlex,
L1,Theoretical insights into chemical recycling of polyethylene terephthalate (PET),Stuart Conroy,Polymer Degradation and Stability,2024,10.1016/j.polymdegradstab.2024.110729,OpenAlex,https://doi.org/10.1016/j.polymdegradstab.2024.110729
L1,Compatibilization in bio-based and biodegradable polymer blends,Balázs Imre,European Polymer Journal,2013,10.1016/j.eurpolymj.2013.01.019,OpenAlex,https://www.sciencedirect.com/science/article/pii/S0014305713000372/pdf
L1,Properties of Biodegradable Films Based on Poly(butylene Succinate) (PBS) and Poly(butylene Adipate-co-Terephthalate) (PBAT) Blends,Anna Raffaela de Matos Costa,Polymers,2020,10.3390/polym12102317,OpenAlex,https://www.mdpi.com/2073-4360/12/10/2317/pdf?version=1603086479
L1,Effect of carboxymethyl cellulose concentration on mechanical and water vapor barrier properties of corn starch films,Katiany Mansur Tavares,Carbohydrate Polymers,2020,10.1016/j.carbpol.2020.116521,OpenAlex,https://www.sciencedirect.com/science/article/pii/S0144861720306950/pdf
L1,One-step fermentative production of aromatic polyesters from glucose by metabolically engineered Escherichia coli strains,Jung Eun Yang,Nature Communications,2018,10.1038/s41467-017-02498-w,OpenAlex,https://www.nature.com/articles/s41467-017-02498-w.pdf
L1,"Poly(butylene succinate) (PBS): Materials, processing, and industrial applications",M. Barletta,Progress in Polymer Science,2022,10.1016/j.progpolymsci.2022.101579,OpenAlex,https://ars.els-cdn.com/content/image/1-s2.0-S0079670022000776-ga1_lrg.jpg
L1,Preparation and characterization of poly(ethylene terephthalate) films coated by chitosan and vermiculite nanoclay,Fatima Essabti,Carbohydrate Polymers,2018,10.1016/j.carbpol.2018.08.077,OpenAlex,https://hal.science/hal-05454363v1/file/PIMM-CP-ESSABTI-2018.pdf
L1,UV Pretreatment Impairs the Enzymatic Degradation of Polyethylene Terephthalate,Patricia Falkenstein,Frontiers in Microbiology,2020,10.3389/fmicb.2020.00689,OpenAlex,https://www.frontiersin.org/articles/10.3389/fmicb.2020.00689/pdf
L1,Comparative Biochemistry of Four Polyester (PET) Hydrolases**,Jenny Arnling Bååth,ChemBioChem,2020,10.1002/cbic.202000793,OpenAlex,https://onlinelibrary.wiley.com/doi/pdfdirect/10.1002/cbic.202000793
L1,Transparent Metal–Organic Framework/Polymer Mixed Matrix Membranes as Water Vapor Barriers,Youn Jue Bae,ACS Applied Materials & Interfaces,2016,10.1021/acsami.6b01299,OpenAlex,https://www.osti.gov/servlets/purl/1579824
L1,Blend Miscibility of Poly(ethylene terephthalate) and Aromatic Polyesters from Salicylic Acid,Hee Joong Kim,The Journal of Physical Chemistry B,2021,10.1021/acs.jpcb.0c09322,OpenAlex,
L1,Poly(lactic acid)-Based Blends: A Comprehensive Review,Leonid Ilyich Vayshbeyn,Applied Sciences,2023,10.3390/app13085148,OpenAlex,https://www.mdpi.com/2076-3417/13/8/5148/pdf?version=1682064926
L1,"Sustainable, self-cleaning, transparent, and moisture/oxygen-barrier coating films for food packaging",Vu Thi Thuy,Green Chemistry,2021,10.1039/d0gc03647a,OpenAlex,https://pubs.rsc.org/en/content/articlepdf/2021/gc/d0gc03647a
L1,Biomedical Applications of Biodegradable Polyesters,Iman Manavitehrani,Polymers,2016,10.3390/polym8010020,OpenAlex,https://www.mdpi.com/2073-4360/8/1/20/pdf?version=1452938188
L1,Laser transmission welding of poly(ethylene terephthalate) and biodegradable poly(ethylene terephthalate) – Based blends,Annamaria Gisario,Optics and Lasers in Engineering,2016,10.1016/j.optlaseng.2016.10.010,OpenAlex,
L1,"Poly(butylene 2,5-thiophenedicarboxylate): An Added Value to the Class of High Gas Barrier Biopolyesters",Giulia Guidotti,Polymers,2018,10.3390/polym10020167,OpenAlex,https://www.mdpi.com/2073-4360/10/2/167/pdf?version=1518195063
L1,(Bio)polymer/ZnO Nanocomposites for Packaging Applications: A Review of Gas Barrier and Mechanical Properties,Mohsin Abbas,Nanomaterials,2019,10.3390/nano9101494,OpenAlex,https://www.mdpi.com/2079-4991/9/10/1494/pdf?version=1571794980
L1,"Comparison of cellulose nanocrystals obtained by sulfuric acid hydrolysis and ammonium persulfate, to be used as coating on flexible food-packaging materials",E. Mascheroni,Cellulose,2016,10.1007/s10570-015-0853-2,OpenAlex,https://iris.unipa.it/bitstream/10447/164109/8/CELS-D-15-00434_R1.pdf
L1,Engineering Microbes to Bio-Upcycle Polyethylene Terephthalate,Lakshika Dissanayake,Frontiers in Bioengineering and Biotechnology,2021,10.3389/fbioe.2021.656465,OpenAlex,https://www.frontiersin.org/articles/10.3389/fbioe.2021.656465/pdf
L1,Polyhydroxyalkanoate production from whey by Pseudomonas hydrogenovora,Martin Koller,Bioresource Technology,2007,10.1016/j.biortech.2007.09.049,OpenAlex,
L1,The blood-brain barrier in systemic inflammation,Aravinthan Varatharaj,Brain Behavior and Immunity,2016,10.1016/j.bbi.2016.03.010,OpenAlex,https://www.sciencedirect.com/science/article/pii/S0889159116300551/pdf
L1,Blends of aliphatic polyesters. II. Hydrolysis of solution-cast blends from poly(L-lactide) and poly(?-caprolactone) in phosphate-buffered solution,Hideto Tsuji,Journal of Applied Polymer Science,1998,10.1002/(sici)1097-4628(19980118)67:3<405::aid-app3>3.0.co;2-q,OpenAlex,
L1,Enzymatic Degradation of the Most Common Aliphatic Bio-Polyesters and Evaluation of the Mechanisms Involved: An Extended Study,Antonella Rosato,Polymers,2022,10.3390/polym14091850,OpenAlex,https://www.mdpi.com/2073-4360/14/9/1850/pdf?version=1651315086
L1,"Fibrillar polymer–polymer composites: morphology, properties and applications",R. J. Shields,Journal of Materials Science,2008,10.1007/s10853-008-2693-z,OpenAlex,
L1,Simulation of diffusion of O 2 and CO 2 in amorphous poly(ethylene terephthalate) and related alkylene and isomeric polyesters,Robert A. Shanks,Molecular Simulation,2002,10.1080/089270204000002593,OpenAlex,
L1,Chemical upcycling of poly(ethylene terephthalate) waste: Moving to a circular model,María Dolores de Dios Caputto,Journal of Polymer Science,2022,10.1002/pol.20220137,OpenAlex,https://onlinelibrary.wiley.com/doi/pdfdirect/10.1002/pol.20220137
L1,Trends and challenges in the development of bio-based barrier coating materials for paper/cardboard food packaging; a review,Muhammad Mujtaba,The Science of The Total Environment,2022,10.1016/j.scitotenv.2022.158328,OpenAlex,https://www.sciencedirect.com/science/article/pii/S0048969722054274/pdf
L1,Combination of Poly(lactic) Acid and Starch for Biodegradable Food Packaging,Justine Muller,Materials,2017,10.3390/ma10080952,OpenAlex,https://www.mdpi.com/1996-1944/10/8/952/pdf?version=1502871477
L1,"Poly(lactic acid) (PLA) and polyhydroxyalkanoates (PHAs), green alternatives to petroleum-based plastics: a review",Ahmed Naser,RSC Advances,2021,10.1039/d1ra02390j,OpenAlex,https://doi.org/10.1039/d1ra02390j
L1,High-fire-safety thermoplastic polyester constructed by novel sulfonate with benzimidazole structure,Wan‐Shou Wu,Science China Materials,2021,10.1007/s40843-020-1605-7,OpenAlex,https://link.springer.com/content/pdf/10.1007/s40843-020-1605-7.pdf
L1,Poly(lactic acid) properties as a consequence of poly(butylene adipate‐ co ‐terephthalate) blending and acetyl tributyl citrate plasticization,Maria‐Beatrice Coltelli,Journal of Applied Polymer Science,2008,10.1002/app.28512,OpenAlex,
L1,"Functional Nanocellulose, Alginate and Chitosan Nanocomposites Designed as Active Film Packaging Materials",Gregor Lavrič,Polymers,2021,10.3390/polym13152523,OpenAlex,https://www.mdpi.com/2073-4360/13/15/2523/pdf?version=1627955653
L1,Recent Progress of Biodegradable Polymer Package Materials: Nanotechnology Improving Both Oxygen and Water Vapor Barrier Performance,Shuangshuang Yue,Nanomaterials,2024,10.3390/nano14040338,OpenAlex,https://www.mdpi.com/2079-4991/14/4/338/pdf?version=1707450308
L1,Degradation of Polyester Polyurethane by Bacterial Polyester Hydrolases,Juliane Schmidt,Polymers,2017,10.3390/polym9020065,OpenAlex,https://www.mdpi.com/2073-4360/9/2/65/pdf?version=1487233862
L1,Effect of Dimethyl Terephthalate and Dimethyl Isophthalate on the Free Volume and Barrier Properties of Poly(ethylene terephthalate) (PET): Amorphous PET,Shahab Zekriardehani,Macromolecules,2018,10.1021/acs.macromol.7b02230,OpenAlex,
L1,Curcumin Incorporated Poly(Butylene Adipate-co-Terephthalate) Film with Improved Water Vapor Barrier and Antioxidant Properties,Swarup Roy,Materials,2020,10.3390/ma13194369,OpenAlex,https://www.mdpi.com/1996-1944/13/19/4369/pdf?version=1602322960
L1,Mechanical and thermal properties of exfoliated graphite nanoplatelets reinforced polyethylene terephthalate/polypropylene composites,Ibrahim Mohammed Inuwa,Polymer Composites,2014,10.1002/pc.22863,OpenAlex,
L1,"Effect of Tris, MOPS, and phosphate buffers on the hydrolysis of polyethylene terephthalate films by polyester hydrolases",Juliane Schmidt,FEBS Open Bio,2016,10.1002/2211-5463.12097,OpenAlex,https://febs.onlinelibrary.wiley.com/doi/pdfdirect/10.1002/2211-5463.12097
L1,Recent Developments in the Chemical Recycling of PET,Leian Bartolome,InTech eBooks,2012,10.5772/33800,OpenAlex,https://www.intechopen.com/citation-pdf-url/32561
L1,Catalytic Fabric Recycling: Glycolysis of Blended PET with Carbon Dioxide and Ammonia,Yang Yang,ACS Sustainable Chemistry & Engineering,2023,10.1021/acssuschemeng.3c03114,OpenAlex,https://curis.ku.dk/ws/files/405848023/Catalytic_Fabric_Recycling.pdf
L1,Converting waste PET plastics into automobile fuels and antifreeze components,Zhiwen Gao,Nature Communications,2022,10.1038/s41467-022-31078-w,OpenAlex,https://www.nature.com/articles/s41467-022-31078-w.pdf
L1,Polyvinylidene Fluoride/Reduced Graphene Oxide Layers on SiO x N y /Poly(ethylene terephthalate) Films as Transparent Coatings for Organic Electronic Devices and Packaging Materials,Seo Gyun Kim,ACS Applied Nano Materials,2020,10.1021/acsanm.0c01706,OpenAlex,
L1,Oxygen Barrier Properties and Melt Crystallization Behavior of Poly(ethylene terephthalate)/Graphene Oxide Nanocomposites,Anna Szymczyk,Journal of Nanomaterials,2015,10.1155/2015/382610,OpenAlex,https://downloads.hindawi.com/journals/jnm/2015/382610.pdf
L1,Small molecule penetrant diffusion in aromatic polyesters: a molecular dynamics simulation study,Rishikesh K. Bharadwaj,Polymer,1999,10.1016/s0032-3861(98)00671-5,OpenAlex,
L1,Enhancement of Thermal and Gas Barrier Properties of Graphene-Based Nanocomposite Films,Jaweria Ashfaq,ACS Omega,2023,10.1021/acsomega.3c02885,OpenAlex,https://pubs.acs.org/doi/pdf/10.1021/acsomega.3c02885
L1,"Non-Leaching, Rapid Bactericidal and Biocompatible Polyester Fabrics Finished with Benzophenone Terminated N-halamine",Shu Wang,Advanced Fiber Materials,2021,10.1007/s42765-021-00100-z,OpenAlex,https://link.springer.com/content/pdf/10.1007/s42765-021-00100-z.pdf
L1,Crystallization of isodimorphic aliphatic random copolyesters: Pseudo-eutectic behavior and double-crystalline materials,Ricardo A. Pérez‐Camargo,European Polymer Journal,2018,10.1016/j.eurpolymj.2018.02.037,OpenAlex,https://addi.ehu.eus/bitstream/10810/33091/4/8P%c3%a9rez-Camargo%20et%20al%2c%20accepted%2c%20feb%202018.pdf
L1,Strategies and progress in synthetic textile fiber biodegradability,Jeannie Egan,SN Applied Sciences,2021,10.1007/s42452-021-04851-7,OpenAlex,https://link.springer.com/content/pdf/10.1007/s42452-021-04851-7.pdf
L1,Polymer nanofilms with enhanced microporosity by interfacial polymerization,Maria F. Jimenez‐Solomon,Nature Materials,2016,10.1038/nmat4638,OpenAlex,http://hdl.handle.net/10044/1/31460
L1,"Partially bio-based and tough polyesters, poly(ethylene 2,5-thiophenedicarboxylate-co-1,4-cyclohexanedimethylene 2,5-thiophenedicarboxylate)s",Gengbin Wang,eXPRESS Polymer Letters,2019,10.3144/expresspolymlett.2019.82,OpenAlex,https://doi.org/10.3144/expresspolymlett.2019.82
L1,Fire‐retardant poly(ethylene terephthalate) by combination of expandable graphite and layered clays for plastics and textiles,Jenny Alongi,Fire and Materials,2010,10.1002/fam.1060,OpenAlex,
L1,Influence of antimicrobial finishes on the biodeterioration of cotton and cotton/polyester fabrics: Leaching versus bio-barrier formation,Brigita Tomšič,Polymer Degradation and Stability,2011,10.1016/j.polymdegradstab.2011.04.004,OpenAlex,
L1,"Mechanical and water vapor permeability properties of biodegradables films based on methylcellulose, glucomannan, pectin and gelatin",H.N.M. Chambi,Food Science and Technology,2011,10.1590/s0101-20612011000300029,OpenAlex,https://www.scielo.br/j/cta/a/dXGH5SrjJKyF86KyyKCXCgK/?lang=en&format=pdf
L1,Graphene Oxide Bionanocomposite Coatings with High Oxygen Barrier Properties,Ilke Uysal‐Unalan,Nanomaterials,2016,10.3390/nano6120244,MDPI,https://www.mdpi.com/2079-4991/6/12/244/pdf?version=1482318688
L1,"Copolyesters Based on 2,5-Furandicarboxylic Acid (FDCA): Effect of 2,2,4,4-Tetramethyl-1,3-Cyclobutanediol Units on Their Properties",Jinggang Wang,Polymers,2017,10.3390/polym9090305,MDPI,https://www.mdpi.com/2073-4360/9/9/305/pdf?version=1503568216
L1,An Overview of the Sorption Studies of Contaminants on Poly(Ethylene Terephthalate) Microplastics in the Marine Environment,Francesca Lionetto,Journal of Marine Science and Engineering,2021,10.3390/jmse9040445,MDPI,https://www.mdpi.com/2077-1312/9/4/445/pdf?version=1619152231
L1,In-Vitro Biocompatibility and Hemocompatibility Study of New PET Copolyesters Intended for Heart Assist Devices,Maciej Gawlikowski,Polymers,2020,10.3390/polym12122857,MDPI,https://www.mdpi.com/2073-4360/12/12/2857/pdf?version=1606726831
L1,Poly(Lactic-co-Glycolic Acid): Applications and Future Prospects for Periodontal Tissue Regeneration,Xiaoyu Sun,Polymers,2017,10.3390/polym9060189,MDPI,https://www.mdpi.com/2073-4360/9/6/189/pdf?version=1496996337
L1,Glycolysis of Poly(Ethylene Terephthalate) Using Biomass-Waste Derived Recyclable Heterogeneous Catalyst,Samson Lalhmangaihzuala,Polymers,2020,10.3390/polym13010037,MDPI,https://www.mdpi.com/2073-4360/13/1/37/pdf?version=1608798467
L1,Polyester-Based (Bio)degradable Polymers as Environmentally Friendly Materials for Sustainable Development,Joanna Rydz,International Journal of Molecular Sciences,2014,10.3390/ijms16010564,MDPI,https://www.mdpi.com/1422-0067/16/1/564/pdf?version=1419849099
L1,The Effect of Moisture on Cellulose Nanocrystals Intended as a High Gas Barrier Coating on Flexible Packaging Materials,Ghislain Fotie,Polymers,2017,10.3390/polym9090415,MDPI,https://www.mdpi.com/2073-4360/9/9/415/pdf?version=1504603081
L1,Synthesis by Melt-Polymerization of a Novel Series of Bio-Based and Biodegradable Thiophene-Containing Copolyesters with Promising Gas Barrier and High Thermomechanical Properties,Lesly Dasilva Wandji Djouonkep,Molecules,2023,10.3390/molecules28041825,MDPI,https://www.mdpi.com/1420-3049/28/4/1825/pdf?version=1677236408
L1,Fed-Batch Synthesis of Poly(3-Hydroxybutyrate) and Poly(3-Hydroxybutyrate-co-4-Hydroxybutyrate) from Sucrose and 4-Hydroxybutyrate Precursors by Burkholderia sacchari Strain DSM 17165,Miguel Miranda de Sousa Dias,Bioengineering,2017,10.3390/bioengineering4020036,MDPI,https://www.mdpi.com/2306-5354/4/2/36/pdf?version=1492766810
L1,Production of Sustainable and Biodegradable Polymers from Agricultural Waste,Chrysanthos Maraveas,Polymers,2020,10.3390/polym12051127,MDPI,https://www.mdpi.com/2073-4360/12/5/1127/pdf?version=1590656561
L1,Permeability of Epithelial/Endothelial Barriers in Transwells and Microfluidic Bilayer Devices,Timothy S. Frost,Micromachines,2019,10.3390/mi10080533,MDPI,https://www.mdpi.com/2072-666X/10/8/533/pdf?version=1565687080
L1,Antibacterial Activities of Aliphatic Polyester Nanocomposites with Silver Nanoparticles and/or Graphene Oxide Sheets,Chengzhu Liao,Nanomaterials,2019,10.3390/nano9081102,MDPI,https://www.mdpi.com/2079-4991/9/8/1102/pdf?version=1564649326
L1,Poly(lactic acid) and Its Blends for Packaging Application: A Review,S. De Luca,Clean Technologies,2023,10.3390/cleantechnol5040066,MDPI,https://www.mdpi.com/2571-8797/5/4/66/pdf?version=1699632525
L1,Barriers and Chemistry in a Bottle: Mechanisms in Today’s Oxygen Barriers for Tomorrow’s Materials,Youri Michiels,Applied Sciences,2017,10.3390/app7070665,MDPI,https://www.mdpi.com/2076-3417/7/7/665/pdf?version=1498720095
L1,"Furanoate-Based Nanocomposites: A Case Study Using Poly(Butylene 2,5-Furanoate) and Poly(Butylene 2,5-Furanoate)-co-(Butylene Diglycolate) and Bacterial Cellulose",Marina Matos,Polymers,2018,10.3390/polym10080810,MDPI,https://www.mdpi.com/2073-4360/10/8/810/pdf?version=1532422153
L1,Manufacturing and Properties of Binary Blend from Bacterial Polyester Poly(3-hydroxybutyrate-co-3-hydroxyhexanoate) and Poly(caprolactone) with Improved Toughness,Juan Ivorra Martínez,Polymers,2020,10.3390/polym12051118,MDPI,https://www.mdpi.com/2073-4360/12/5/1118/pdf
L1,Synthesis of High Performance Thiophene–Aromatic Polyesters from Bio-Sourced Organic Acids and Polysaccharide-Derived Diol: Characterization and Degradability Studies,Lesly Dasilva Wandji Djouonkep,Molecules,2022,10.3390/molecules27010325,MDPI,https://www.mdpi.com/1420-3049/27/1/325/pdf?version=1641386405
L1,Barrier Properties of Poly(Propylene Cyclohexanedicarboxylate) Random Eco-Friendly Copolyesters,Valentina Siracusa,Polymers,2018,10.3390/polym10050502,MDPI,https://www.mdpi.com/2073-4360/10/5/502/pdf
L1,Aminated Polyethylene Terephthalate (PET) Nanofibers for the Selective Removal of Pb(II) from Polluted Water,Diego Morillo Martín,Materials,2017,10.3390/ma10121352,MDPI,https://www.mdpi.com/1996-1944/10/12/1352/pdf?version=1511770985
L1,"Study of Thermal, Mechanical and Barrier Properties of Biodegradable PLA/PBAT Films with Highly Oriented MMT",Joanna Ludwiczak,Materials,2021,10.3390/ma14237189,MDPI,https://www.mdpi.com/1996-1944/14/23/7189/pdf?version=1637916815
L1,PDMS Bonding Technologies for Microfluidic Applications: A Review,Alexandra Borók,Biosensors,2021,10.3390/bios11080292,MDPI,https://www.mdpi.com/2079-6374/11/8/292/pdf?version=1629796960
L1,Enzymatic Degradation of Poly(butylene succinate) Copolyesters Synthesized with the Use of Candida antarctica Lipase B,Aleksandra Wcisłek,Polymers,2018,10.3390/polym10060688,MDPI,https://www.mdpi.com/2073-4360/10/6/688/pdf?version=1529482517
L1,"Sustainable Plastics from Biomass: Blends of Polyesters Based on 2,5-Furandicarboxylic Acid",Niki Poulopoulou,Polymers,2020,10.3390/polym12010225,MDPI,https://www.mdpi.com/2073-4360/12/1/225/pdf?version=1579178812
L1,"High-Barrier, Biodegradable Films with Polyvinyl Alcohol/Polylactic Acid + Wax Double Coatings: Influence of Relative Humidity on Transport Properties and Suitability for Modified Atmosphere Packaging Applications",A. Barbato,Polymers,2023,10.3390/polym15194002,MDPI,https://www.mdpi.com/2073-4360/15/19/4002/pdf?version=1696517619
L1,Bio- and Fossil-Based Polymeric Blends and Nanocomposites for Packaging: Structure–Property Relationship,Francesca Luzi,Materials,2019,10.3390/ma12030471,MDPI,https://doi.org/10.3390/ma12030471
L1,Enzyme-Catalyzed Synthesis of Unsaturated Aliphatic Polyesters Based on Green Monomers from Renewable Resources,Yi Jiang,Biomolecules,2013,10.3390/biom3030461,MDPI,https://www.mdpi.com/2218-273X/3/3/461/pdf?version=1376319293
L1,Biodegradation Behavior of Degradable Mulch with Poly (Butylene Adipate-co-Terephthalate) (PBAT) and Poly (Butylene Succinate) (PBS) in Simulation Marine Environment,Bo Liu,Polymers,2022,10.3390/polym14081515,MDPI,https://www.mdpi.com/2073-4360/14/8/1515/pdf?version=1649421876
L1,Binary Green Blends of Poly(lactic acid) with Poly(butylene adipate-co-butylene terephthalate) and Poly(butylene succinate-co-butylene adipate) and Their Nanocomposites,Serena Coiai,Polymers,2021,10.3390/polym13152489,MDPI,https://www.mdpi.com/2073-4360/13/15/2489/pdf?version=1627473047
L1,Unsaturated Polyester Resin Nanocomposites Based on Post-Consumer Polyethylene Terephthalate,Kirill Kirshanov,Polymers,2022,10.3390/polym14081602,MDPI,https://www.mdpi.com/2073-4360/14/8/1602/pdf?version=1649942112
L1,Ocular Drug Delivery Barriers—Role of Nanocarriers in the Treatment of Anterior Segment Ocular Diseases,Rinda Devi Bachu,Pharmaceutics,2018,10.3390/pharmaceutics10010028,MDPI,https://www.mdpi.com/1999-4923/10/1/28/pdf?version=1520512120
L1,Preparation of Hybrid Nanoparticle Nucleating Agents and Their Effects on the Crystallization Behavior of Poly(ethylene terephthalate),Zhenzhen Han,Materials,2018,10.3390/ma11040587,MDPI,https://www.mdpi.com/1996-1944/11/4/587/pdf?version=1525348005
L1,Polyethylene Terephthalate (PET) Recycled by Catalytic Glycolysis: A Bridge toward Circular Economy Principles,Andra-Cristina Enache,Materials,2024,10.3390/ma17122991,MDPI,https://doi.org/10.3390/ma17122991
L1,Hydrophobic Recovery of Plasma-Hydrophilized Polyethylene Terephthalate Polymers,Gregor Primc,Polymers,2022,10.3390/polym14122496,MDPI,https://www.mdpi.com/2073-4360/14/12/2496/pdf?version=1655714216
L1,Biodegradability of Plastics,Yutaka Tokiwa,International Journal of Molecular Sciences,2009,10.3390/ijms10093722,MDPI,https://www.mdpi.com/1422-0067/10/9/3722/pdf?version=1403138469
L1,Valorization of Polyethylene Terephthalate to Muconic Acid by Engineering Pseudomonas Putida,Pan Liu,International Journal of Molecular Sciences,2022,10.3390/ijms231910997,MDPI,https://www.mdpi.com/1422-0067/23/19/10997/pdf?version=1663672322
L1,Improvement of Gas Barrier Properties for Biodegradable Poly(butylene adipate-co-terephthalate) Nanocomposites with MXene Nanosheets via Biaxial Stretching,Xionggang Wang,Polymers,2022,10.3390/polym14030480,MDPI,https://www.mdpi.com/2073-4360/14/3/480/pdf?version=1643253383
L1,Transparent Pullulan/Mica Nanocomposite Coatings with Outstanding Oxygen Barrier Properties,Ilke Uysal‐Unalan,Nanomaterials,2017,10.3390/nano7090281,MDPI,https://www.mdpi.com/2079-4991/7/9/281/pdf?version=1505976092
L1,Modeling of Poly(Ethylene Terephthalate) Homogeneous Glycolysis Kinetics,Kirill Kirshanov,Polymers,2023,10.3390/polym15143146,MDPI,https://www.mdpi.com/2073-4360/15/14/3146/pdf?version=1690357189
L1,Tailoring the Barrier Properties of PLA: A State-of-the-Art Review for Food Packaging Applications,Stefania Marano,Polymers,2022,10.3390/polym14081626,MDPI,https://www.mdpi.com/2073-4360/14/8/1626/pdf?version=1650356437
L1,The Effect of Injection Molding Temperature on the Morphology and Mechanical Properties of PP/PET Blends and Microfibrillar Composites,Maja Kuzmanović,Polymers,2016,10.3390/polym8100355,MDPI,https://www.mdpi.com/2073-4360/8/10/355/pdf?version=1476006106
L1,"Effects of Poly(ethylene-co-glycidyl methacrylate) on the Microstructure, Thermal, Rheological, and Mechanical Properties of Thermotropic Liquid Crystalline Polyester Blends",Sang Hoon Lee,Polymers,2020,10.3390/polym12092124,MDPI,https://www.mdpi.com/2073-4360/12/9/2124/pdf?version=1600392722
L1,"Soft, Formstable (Co)Polyester Blend Elastomers",Axel T. Neffe,Nanomaterials,2021,10.3390/nano11061472,MDPI,https://www.mdpi.com/2079-4991/11/6/1472/pdf?version=1622617796
L1,"Molecular Weight and Crystallization Temperature Effects on Poly(ethylene terephthalate) (PET) Homopolymers, an Isothermal Crystallization Analysis",Leonardo A. Baldenegro‐Pérez,Polymers,2014,10.3390/polym6020583,MDPI,https://www.mdpi.com/2073-4360/6/2/583/pdf?version=1392993686
L1,Aminolysis of Various Aliphatic Polyesters in a Form of Nanofibers and Films,Oliwia Jeznach,Polymers,2019,10.3390/polym11101669,MDPI,https://www.mdpi.com/2073-4360/11/10/1669/pdf
L1,"Edible Polymers and Secondary Bioactive Compounds for Food Packaging Applications: Antimicrobial, Mechanical, and Gas Barrier Properties",Arash Moeini,Polymers,2022,10.3390/polym14122395,MDPI,https://www.mdpi.com/2073-4360/14/12/2395/pdf?version=1655198728
L1,The Potential of Bio-Based Polylactic Acid (PLA) as an Alternative in Reusable Food Containers: A Review,Jennie O’ Loughlin,Sustainability,2023,10.3390/su152115312,MDPI,https://www.mdpi.com/2071-1050/15/21/15312/pdf?version=1698310187
L1,Polyolefins and Polyethylene Terephthalate Package Wastes: Recycling and Use in Composites,Hannah Jones,Energies,2021,10.3390/en14217306,MDPI,https://www.mdpi.com/1996-1073/14/21/7306/pdf?version=1636005390
L1,Effect of Crystallinity on the Printability of Poly(ethylene Terephthalate)/Poly(butylene Terephthalate) Blends,Francesca Aliberti,Polymers,2025,10.3390/polym17020156,MDPI,https://www.mdpi.com/2073-4360/17/2/156/pdf?version=1736482626
L1,Branched Poly(ε-caprolactone)-Based Copolyesters of Different Architectures and Their Use in the Preparation of Anticancer Drug-Loaded Nanoparticles,Evi Christodoulou,International Journal of Molecular Sciences,2022,10.3390/ijms232315393,MDPI,https://www.mdpi.com/1422-0067/23/23/15393/pdf?version=1670320821
L1,An Overview of Poly(lactic-co-glycolic) Acid (PLGA)-Based Biomaterials for Bone Tissue Engineering,Piergiorgio Gentile,International Journal of Molecular Sciences,2014,10.3390/ijms15033640,MDPI,https://www.mdpi.com/1422-0067/15/3/3640/pdf?version=1403148577
L1,Recent Progress in Gas Barrier Thin Film Coatings on PET Bottles in Food and Beverage Applications,Masaki Nakaya,Coatings,2015,10.3390/coatings5040987,MDPI,https://www.mdpi.com/2079-6412/5/4/987/pdf?version=1449564170
L1,Synthesis of DOPO-Based Phosphorus-Nitrogen Containing Hyperbranched Flame Retardant and Its Effective Application for Poly(ethylene terephthalate) via Synergistic Effect,Hossamaldin Ahmed Omer Abdalrhem,Polymers,2023,10.3390/polym15030662,MDPI,https://www.mdpi.com/2073-4360/15/3/662/pdf?version=1674901862
L1,Novel Biodegradable Polyesters. Synthesis and Application as Drug Carriers for the Preparation of Raloxifene HCl Loaded Nanoparticles,Dimitrios Ν. Bikiaris,Molecules,2009,10.3390/molecules14072410,MDPI,https://www.mdpi.com/1420-3049/14/7/2410/pdf?version=1403112571
L1,Compatibility of Chitosan in Polymer Blends by Chemical Modification of Bio-based Polyesters,Oscar Vernáez,Polymers,2019,10.3390/polym11121939,MDPI,https://www.mdpi.com/2073-4360/11/12/1939/pdf?version=1576567136
L1,Recent Advances in 3D Printing of Aliphatic Polyesters,Ioana Chiulan,Bioengineering,2017,10.3390/bioengineering5010002,MDPI,https://www.mdpi.com/2306-5354/5/1/2/pdf?version=1514268355
L1,Application of Protein-Based Films and Coatings for Food Packaging: A Review,Hongbo Chen,Polymers,2019,10.3390/polym11122039,MDPI,https://www.mdpi.com/2073-4360/11/12/2039/pdf?version=1575885430
L1,"Review on the Processing and Properties of Polymer Nanocomposites and Nanocoatings and Their Applications in the Packaging, Automotive and Solar Energy Fields",Kerstin Müller,Nanomaterials,2017,10.3390/nano7040074,MDPI,https://www.mdpi.com/2079-4991/7/4/74/pdf?version=1490968442
L1,Protein Adsorption on Various Plasma-Treated Polyethylene Terephthalate Substrates,Nina Recek,Molecules,2013,10.3390/molecules181012441,MDPI,https://www.mdpi.com/1420-3049/18/10/12441/pdf?version=1403115154
L1,Characterization of Composite Edible Films Based on Pectin/Alginate/Whey Protein Concentrate,Swathi Sirisha Nallan Chakravartula,Materials,2019,10.3390/ma12152454,MDPI,https://www.mdpi.com/1996-1944/12/15/2454/pdf?version=1564651781
L1,Lifting the Sustainability of Modified Pet-Based Multilayer Packaging Material with Enhanced Mechanical Recycling Potential and Processing,Lynn Trossaert,Polymers,2022,10.3390/polym14010196,MDPI,https://www.mdpi.com/2073-4360/14/1/196/pdf?version=1641302675
L1,A Review on Barrier Properties of Poly(Lactic Acid)/Clay Nanocomposites,Shuvra Singha,Polymers,2020,10.3390/polym12051095,MDPI,https://www.mdpi.com/2073-4360/12/5/1095/pdf?version=1590659649
L1,Assessment of Graphene Oxide and Nanoclay Based Hybrid Filler in Chlorobutyl-Natural Rubber Blend for Advanced Gas Barrier Applications,Jibin Keloth Paduvilan,Nanomaterials,2021,10.3390/nano11051098,MDPI,https://www.mdpi.com/2079-4991/11/5/1098/pdf?version=1619451171
L1,"Gas Barrier, Rheological and Mechanical Properties of Immiscible Natural Rubber/Acrylonitrile Butadiene Rubber/Organoclay (NR/NBR/Organoclay) Blend Nanocomposites",Hanna J. Maria,Materials,2020,10.3390/ma13112654,MDPI,https://www.mdpi.com/1996-1944/13/11/2654/pdf?version=1591875342
L1,"Poly(lactic Acid): A Versatile Biobased Polymer for the Future with Multifunctional Properties—From Monomer Synthesis, Polymerization Techniques and Molecular Weight Increase to PLA Applications",Evangelia Balla,Polymers,2021,10.3390/polym13111822,MDPI,https://www.mdpi.com/2073-4360/13/11/1822/pdf?version=1622622732
L1,Palmitic Acid Affects Intestinal Epithelial Barrier Integrity and Permeability In Vitro,Manuele Gori,Antioxidants,2020,10.3390/antiox9050417,MDPI,https://www.mdpi.com/2076-3921/9/5/417/pdf?version=1590666436
L1,"Poly (Lactic Acid)/Thermoplastic Starch Films: Effect of Cardoon Seed Epoxidized Oil on Their Chemicophysical, Mechanical, and Barrier Properties",Rosa Turco,Coatings,2019,10.3390/coatings9090574,MDPI,https://www.mdpi.com/2079-6412/9/9/574/pdf?version=1568174717
L1,Effect on the Properties of Edible Starch-Based Films by the Incorporation of Additives: A Review,Gurvendra Pal Singh,Polymers,2022,10.3390/polym14101987,MDPI,https://www.mdpi.com/2073-4360/14/10/1987/pdf?version=1652422366
L1,A Novel Coloration of Polyester Fabric through Green Silver Nanoparticles (G-AgNPs@PET),K. M. Faridul Hasan,Nanomaterials,2019,10.3390/nano9040569,MDPI,https://www.mdpi.com/2079-4991/9/4/569/pdf?version=1554718708
L1,Recent Advances in the Use of Polyhydroyalkanoates in Biomedicine,Alejandra Rodríguez‐Contreras,Bioengineering,2019,10.3390/bioengineering6030082,MDPI,https://www.mdpi.com/2306-5354/6/3/82/pdf?version=1568277300
L1,Experimental and Theoretical Analysis of Mechanical Properties of Graphite/Polyethylene Terephthalate Nanocomposites,Basheer A. Alshammari,Polymers,2022,10.3390/polym14091718,MDPI,https://www.mdpi.com/2073-4360/14/9/1718/pdf?version=1650860300
L1,PET/Bio-Based Terpolyester Blends with High Dimensional Thermal Stability,Sangyoon Park,Polymers,2021,10.3390/polym13050728,MDPI,https://www.mdpi.com/2073-4360/13/5/728/pdf?version=1614737297
L1,Electrospun Polyethylene Terephthalate Nanofibers Loaded with Silver Nanoparticles: Novel Approach in Anti-Infective Therapy,Alexandru Mihai Grumezescu,Journal of Clinical Medicine,2019,10.3390/jcm8071039,MDPI,https://www.mdpi.com/2077-0383/8/7/1039/pdf?version=1564045112
L1,Production of Porous Films Based on Biodegradable Polyesters by the Casting Solution Technique Using a Co-Soluble Porogen (Camphor),Anatoly N. Boyandin,Polymers,2020,10.3390/polym12091950,MDPI,https://www.mdpi.com/2073-4360/12/9/1950/pdf?version=1599744906
L1,In Vitro Methods for Measuring the Permeability of Cell Monolayers,Radosław Bednarek,Methods and Protocols,2022,10.3390/mps5010017,MDPI,https://www.mdpi.com/2409-9279/5/1/17/pdf?version=1644406356
L1,A Novel Way of Adhering PET onto Protein (Wheat Gluten) Plastics to Impart Water Resistance,Oisik Das,Coatings,2018,10.3390/coatings8110388,MDPI,https://www.mdpi.com/2079-6412/8/11/388/pdf?version=1540951615
L1,"Microbial Enzyme Biotechnology to Reach Plastic Waste Circularity: Current Status, Problems and Perspectives",Marco Orlando,International Journal of Molecular Sciences,2023,10.3390/ijms24043877,MDPI,https://www.mdpi.com/1422-0067/24/4/3877/pdf?version=1676446139
L1,Polydimethylsiloxane Composites Characterization and Its Applications: A Review,Ronaldo Ariati,Polymers,2021,10.3390/polym13234258,MDPI,https://www.mdpi.com/2073-4360/13/23/4258/pdf?version=1638794817
L1,"Poly(3-hydroxybutyrate)/ZnO Bionanocomposites with Improved Mechanical, Barrier and Antibacterial Properties",Ana M. Díez‐Pascual,International Journal of Molecular Sciences,2014,10.3390/ijms150610950,MDPI,https://www.mdpi.com/1422-0067/15/6/10950/pdf?version=1403149609
L1,"“Smart” Materials Based on Cellulose: A Review of the Preparations, Properties, and Applications",Xiaoyun Qiu,Materials,2013,10.3390/ma6030738,MDPI,https://www.mdpi.com/1996-1944/6/3/738/pdf?version=1362038200
L1,"Effect of Different Plasticizers on Thermal, Crystalline, and Permeability Properties of Poly(3–hydroxybutyrate–co−3–hydroxyhexanoate) Films",Yousof Farrag,Polymers,2022,10.3390/polym14173503,MDPI,https://www.mdpi.com/2073-4360/14/17/3503/pdf?version=1662476736
L1,The Development of Sustainable Polyethylene Terephthalate Glycol-Based (PETG) Blends for Additive Manufacturing Processing—The Use of Multilayered Foil Waste as the Blend Component,Mikołaj Garwacki,Materials,2024,10.3390/ma17051083,MDPI,https://www.mdpi.com/1996-1944/17/5/1083/pdf?version=1709022715
L1,"Recent Progress on Bio-Based Polyesters Derived from 2,5-Furandicarbonxylic Acid (FDCA)",Xuan Fei,Polymers,2022,10.3390/polym14030625,MDPI,https://www.mdpi.com/2073-4360/14/3/625/pdf?version=1644913480
L1,Oxygen Gas and UV Barrier Properties of Nano-ZnO-Coated PET and PHBHHx Materials Fabricated by Ultrasonic Spray-Coating Technique,Mohsin Abbas,Nanomaterials,2021,10.3390/nano11020449,MDPI,https://www.mdpi.com/2079-4991/11/2/449/pdf?version=1613716414
L1,Determinants for an Efficient Enzymatic Catalysis in Poly(Ethylene Terephthalate) Degradation,José Augusto Castro-Rodríguez,Catalysts,2023,10.3390/catal13030591,MDPI,https://www.mdpi.com/2073-4344/13/3/591/pdf?version=1678889335
L1,Biodegradable Polymers,Isabelle Vroman,Materials,2009,10.3390/ma2020307,MDPI,https://www.mdpi.com/1996-1944/2/2/307/pdf?version=1238591822
L1,The Effect of Different Compatibilizers on the Properties of a Post-Industrial PC/PET Blend,Eleonora Dal Lago,Materials,2018,10.3390/ma12010049,MDPI,https://www.mdpi.com/1996-1944/12/1/49/pdf?version=1545642583
L1,Effects of PLA Film Incorporated with ZnO Nanoparticle on the Quality Attributes of Fresh-Cut Apple,Wenhui Li,Nanomaterials,2017,10.3390/nano7080207,MDPI,https://www.mdpi.com/2079-4991/7/8/207/pdf?version=1501500561
L1,Sustainable Chitosan-Dialdehyde Cellulose Nanocrystal Film,Cong Gao,Materials,2021,10.3390/ma14195851,MDPI,https://www.mdpi.com/1996-1944/14/19/5851/pdf?version=1633532442
L1,Crystallization and Thermal Behaviors of Poly(ethylene terephthalate)/Bisphenols Complexes through Melt Post-Polycondensation,Shichang Chen,Polymers,2020,10.3390/polym12123053,MDPI,https://www.mdpi.com/2073-4360/12/12/3053/pdf?version=1608558547
L1,Recent Advances in the Design of Water Based-Flame Retardant Coatings for Polyester and Polyester-Cotton Blends,Jenny Alongi,Polymers,2016,10.3390/polym8100357,MDPI,https://www.mdpi.com/2073-4360/8/10/357/pdf?version=1476159009
L1,Poly(N-isopropylacrylamide) and Copolymers: A Review on Recent Progresses in Biomedical Applications,Sonia Lanzalaco,Gels,2017,10.3390/gels3040036,MDPI,https://www.mdpi.com/2310-2861/3/4/36/pdf?version=1507696552
L1,Polyesters Incorporating Gallic Acid as Oxygen Scavenger in Biodegradable Packaging,Uruchaya Sonchaeng,Polymers,2022,10.3390/polym14235296,MDPI,https://www.mdpi.com/2073-4360/14/23/5296/pdf?version=1670379452
L1,Polylactide (PLA) and Its Blends with Poly(butylene succinate) (PBS): A Brief Review,Shen Su,Polymers,2019,10.3390/polym11071193,MDPI,https://www.mdpi.com/2073-4360/11/7/1193/pdf?version=1563847750
L1,PET and PVC Separation with Hyperspectral Imagery,Monica Moroni,Sensors,2015,10.3390/s150102205,MDPI,https://www.mdpi.com/1424-8220/15/1/2205/pdf?version=1421830602
L1,"Films Based on Mater-Bi® Compatibilized with Pine Resin Derivatives: Optical, Barrier, and Disintegration Properties",Miguel Aldás,Polymers,2021,10.3390/polym13091506,MDPI,https://www.mdpi.com/2073-4360/13/9/1506/pdf?version=1620462441
L1,Improving Water Permeability of Hydrophilic PVDF Membrane Prepared via Blending with Organic and Inorganic Additives for Humic Acid Separation,Nasrul Arahman,Molecules,2019,10.3390/molecules24224099,MDPI,https://www.mdpi.com/1420-3049/24/22/4099/pdf?version=1573646219
L1,Microplastics Derived from Food Packaging Waste—Their Origin and Health Risks,Kornelia Kadac-Czapska,Materials,2023,10.3390/ma16020674,MDPI,https://www.mdpi.com/1996-1944/16/2/674/pdf?version=1673339216
L1,Development and Characterization of Sustainable Composites from Bacterial Polyester Poly(3-Hydroxybutyrate-co-3-hydroxyhexanoate) and Almond Shell Flour by Reactive Extrusion with Oligomers of Lactic Acid,Juan Ivorra Martínez,Polymers,2020,10.3390/polym12051097,MDPI,https://www.mdpi.com/2073-4360/12/5/1097/pdf?version=1590650851
L1,Cutinase-Catalyzed Polyester-Polyurethane Degradation: Elucidation of the Hydrolysis Mechanism,Federico Di Bisceglie,Polymers,2022,10.3390/polym14030411,MDPI,https://www.mdpi.com/2073-4360/14/3/411/pdf?version=1642683916
L1,"Chemical Recycling of PET in the Presence of the Bio-Based Polymers, PLA, PHB and PEF: A Review",Mohammad Nahid Siddiqui,Sustainability,2021,10.3390/su131910528,MDPI,https://www.mdpi.com/2071-1050/13/19/10528/pdf?version=1632381862
L1,(Bio)Nanotechnology in Food Science—Food Packaging,Mateja Primožič,Nanomaterials,2021,10.3390/nano11020292,MDPI,https://www.mdpi.com/2079-4991/11/2/292/pdf?version=1612260722
L1,A Comparative Study on Crystallisation for Virgin and Recycled Polyethylene Terephthalate (PET): Multiscale Effects on Physico-Mechanical Properties,Laurianne Viora,Polymers,2023,10.3390/polym15234613,MDPI,https://www.mdpi.com/2073-4360/15/23/4613/pdf?version=1701681434
L1,Effect of Clay Nanofillers on the Mechanical and Water Vapor Permeability Properties of Xylan–Alginate Films,Darrel Sarvesh Naidu,Polymers,2020,10.3390/polym12102279,MDPI,https://www.mdpi.com/2073-4360/12/10/2279/pdf?version=1601785030
L1,A Review on Properties and Application of Bio-Based Poly(Butylene Succinate),S. Ayu Rafiqah,Polymers,2021,10.3390/polym13091436,MDPI,https://www.mdpi.com/2073-4360/13/9/1436/pdf?version=1619749932
L1,Poly(lactic acid)/Poly(ethylene glycol) Polymer Nanocomposites: Effects of Graphene Nanoplatelets,Buong Woei Chieng,Polymers,2013,10.3390/polym6010093,MDPI,https://www.mdpi.com/2073-4360/6/1/93/pdf?version=1388486252
L1,Enzymatic Catalysis in Favor of Blocky Structure and Higher Crystallinity of Poly(Butylene Succinate)-Co-(Dilinoleic Succinate) (PBS-DLS) Copolymers of Variable Segmental Composition,Martyna Sokołowska,Materials,2022,10.3390/ma15031132,MDPI,https://www.mdpi.com/1996-1944/15/3/1132/pdf?version=1644319700
L1,"Mechanical Properties, Melting and Crystallization Behaviors, and Morphology of Carbon Nanotubes/Continuous Carbon Fiber Reinforced Polyethylene Terephthalate Composites",Liang Qiao,Polymers,2022,10.3390/polym14142892,MDPI,https://www.mdpi.com/2073-4360/14/14/2892/pdf?version=1657966484
L1,Tuning Barrier Properties of Low-Density Polyethylene: Impact of Amorphous Region Nanostructure on Gas Transmission Rate,Marta Safandowska,Molecules,2024,10.3390/molecules29204950,MDPI,https://www.mdpi.com/1420-3049/29/20/4950/pdf?version=1729322253
L1,Environmental Impact of Food Packaging Materials: A Review of Contemporary Development from Conventional Plastics to Polylactic Acid Based Materials,Lindani Koketso Ncube,Materials,2020,10.3390/ma13214994,MDPI,https://www.mdpi.com/1996-1944/13/21/4994/pdf
L1,Development of Sustainable and Cost-Competitive Injection-Molded Pieces of Partially Bio-Based Polyethylene Terephthalate through the Valorization of Cotton Textile Waste,Sergi Montava-Jordà,International Journal of Molecular Sciences,2019,10.3390/ijms20061378,MDPI,https://www.mdpi.com/1422-0067/20/6/1378/pdf?version=1552977750
L1,Active Starch-Polyester Bilayer Films with Surface-Incorporated Ferulic Acid,Eva Hernández-García,Membranes,2022,10.3390/membranes12100976,MDPI,https://www.mdpi.com/2077-0375/12/10/976/pdf?version=1665049587
L1,A Review on Reverse Osmosis and Nanofiltration Membranes for Water Purification,Zi Yang,Polymers,2019,10.3390/polym11081252,MDPI,https://www.mdpi.com/2073-4360/11/8/1252/pdf?version=1564627396
L1,Barrier Properties and Characterizations of Poly(lactic Acid)/ZnO Nanocomposites,Zhenya Tang,Molecules,2020,10.3390/molecules25061310,MDPI,https://www.mdpi.com/1420-3049/25/6/1310/pdf?version=1584092748
L1,The Effect of Polyaniline (PANI) Coating via Dielectric-Barrier Discharge (DBD) Plasma on Conductivity and Air Drag of Polyethylene Terephthalate (PET) Yarn,Shuai Liu,Polymers,2018,10.3390/polym10040351,MDPI,https://www.mdpi.com/2073-4360/10/4/351/pdf?version=1525344728
L1,Effect of Backsheet Properties on PV Encapsulant Degradation during Combined Accelerated Aging Tests,Djamel Eddine Mansour,Sustainability,2020,10.3390/su12125208,MDPI,https://www.mdpi.com/2071-1050/12/12/5208/pdf?version=1593418734
L1,Pamidronate-Conjugated Biodegradable Branched Copolyester Carriers: Synthesis and Characterization,Ewa Olędzka,Molecules,2017,10.3390/molecules22071063,MDPI,https://www.mdpi.com/1420-3049/22/7/1063/pdf?version=1499386862
L1,"A Review on Current Strategies for the Modulation of Thermomechanical, Barrier, and Biodegradation Properties of Poly (Butylene Succinate) (PBS) and Its Random Copolymers",Mario Iván Peñas,Polymers,2022,10.3390/polym14051025,MDPI,https://www.mdpi.com/2073-4360/14/5/1025/pdf?version=1646391175
L1,UIO-66 as Nucleating Agent on the Crystallization Behavior and Properties of Poly(Ethylene Terephthalate),Yue Yin,Polymers,2021,10.3390/polym13142266,MDPI,https://www.mdpi.com/2073-4360/13/14/2266/pdf?version=1626147401
L1,"High Thermal Stability, High Tensile Strength, and Good Water Barrier Property of Terpolyester Containing Biobased Monomer for Next-Generation Smart Film Application: Synthesis and Characterization",Jaemin Jeong,Polymers,2020,10.3390/polym12112458,MDPI,https://www.mdpi.com/2073-4360/12/11/2458/pdf?version=1603873068
L1,Development and Characterization of Fully Renewable and Biodegradable Polyhydroxyalkanoate Blends with Improved Thermoformability,Patricia Feijóo,Polymers,2022,10.3390/polym14132527,MDPI,https://www.mdpi.com/2073-4360/14/13/2527/pdf?version=1655967669
L1,Production of Polyhydroxybutyrate (PHB) and Factors Impacting Its Chemical and Mechanical Characteristics,Blaithín McAdam,Polymers,2020,10.3390/polym12122908,MDPI,https://www.mdpi.com/2073-4360/12/12/2908/pdf?version=1607071323
L1,"Synthesis, Structure, Crystallization and Mechanical Properties of Isodimorphic PBS-ran-PCL Copolyesters",Maryam Safari,Polymers,2021,10.3390/polym13142263,MDPI,https://www.mdpi.com/2073-4360/13/14/2263/pdf
L1,Enhancement of Mechanical and Thermal Properties of Polycaprolactone/Chitosan Blend by Calcium Carbonate Nanoparticles,Sanaz Abdolmohammadi,International Journal of Molecular Sciences,2012,10.3390/ijms13044508,MDPI,https://www.mdpi.com/1422-0067/13/4/4508/pdf?version=1403144088
L1,A Tunable and Wearable Dual-Band Metamaterial Absorber Based on Polyethylene Terephthalate (PET) Substrate for Sensing Applications,Qana A. Alsulami,Polymers,2022,10.3390/polym14214503,MDPI,https://www.mdpi.com/2073-4360/14/21/4503/pdf?version=1667462174
L1,Antibacterial and Barrier Properties of Gelatin Coated by Electrospun Polycaprolactone Ultrathin Fibers Containing Black Pepper Oleoresin of Interest in Active Food Biopackaging Applications,Kelly J. Figueroa-López,Nanomaterials,2018,10.3390/nano8040199,MDPI,https://www.mdpi.com/2079-4991/8/4/199/pdf?version=1525345538
L1,Bio-Based PBT–DLA Copolyester as an Alternative Compatibilizer of PP/PBT Blends,W. Ignaczak,Polymers,2019,10.3390/polym11091421,MDPI,https://www.mdpi.com/2073-4360/11/9/1421/pdf?version=1567499837
L1,"Modification of Poly(Ethylene 2,5-Furandicarboxylate) with Poly(Ethylene glycol) for Biodegradable Copolyesters with Good Mechanical Properties and Spinnability",Peng Ji,Polymers,2019,10.3390/polym11122105,MDPI,https://www.mdpi.com/2073-4360/11/12/2105/pdf?version=1576318028
L1,"Morphologies, Compatibilization and Properties of Immiscible PLA-Based Blends with Engineering Polymers: An Overview of Recent Works",Amulya Raj,Polymers,2024,10.3390/polym16131776,MDPI,https://www.mdpi.com/2073-4360/16/13/1776/pdf?version=1719134985
L1,Biodegradation of Poly(ethylene terephthalate) by Bacillus safensis YX8,Caiting Zeng,International Journal of Molecular Sciences,2023,10.3390/ijms242216434,MDPI,https://www.mdpi.com/1422-0067/24/22/16434/pdf?version=1700201879
L1,A Promising Recycling Strategy via Processing Polypropylene/Recycled Poly(ethylene terephthalate): Reactive Extrusion Using Dual Compatibilizers,Fatemeh Morshedi Dehaghi,Polymers,2024,10.3390/polym16172439,MDPI,https://www.mdpi.com/2073-4360/16/17/2439/pdf?version=1724850938
L1,Poly(Butylene Adipate/Terephthalate-Co-Glycolate) Copolyester Synthesis Based on Methyl Glycolate with Improved Barrier Properties: From Synthesis to Structure-Property,Yan‐Ning Wang,International Journal of Molecular Sciences,2022,10.3390/ijms231911074,MDPI,https://www.mdpi.com/1422-0067/23/19/11074/pdf?version=1665642115
L1,Preparation and Characterization of Bio-Based PLA/PBAT and Cinnamon Essential Oil Polymer Fibers and Life-Cycle Assessment from Hydrolytic Degradation,Zormy Nacary Correa‐Pacheco,Polymers,2019,10.3390/polym12010038,MDPI,https://www.mdpi.com/2073-4360/12/1/38/pdf?version=1578297437
L1,Properties of Post-Consumer Polyethylene Terephthalate Coating Mechanically Deposited on Mild Steels,E. Da Silva,Coatings,2019,10.3390/coatings9010028,MDPI,https://www.mdpi.com/2079-6412/9/1/28/pdf?version=1546692644
L1,Pervious Pavement Blocks Made from Recycled Polyethylene Terephthalate (PET): Fabrication and Engineering Properties,Byung-Hyun Ryu,Sustainability,2020,10.3390/su12166356,MDPI,https://www.mdpi.com/2071-1050/12/16/6356/pdf?version=1596798453
L1,Crossing the Blood-Brain Barrier: Advances in Nanoparticle Technology for Drug Delivery in Neuro-Oncology,Andrew M. Hersh,International Journal of Molecular Sciences,2022,10.3390/ijms23084153,MDPI,https://www.mdpi.com/1422-0067/23/8/4153/pdf?version=1649659739
L1,Preparation Method of Porous Dressing Materials Based on Butyric-Acetic Chitin Co-Polyesters,Zbigniew Draczyński,Materials,2018,10.3390/ma11122359,MDPI,https://www.mdpi.com/1996-1944/11/12/2359/pdf?version=1542963511
L1,A Comparative Review of Natural and Synthetic Biopolymer Composite Scaffolds,M. Sai Bhargava Reddy,Polymers,2021,10.3390/polym13071105,MDPI,https://www.mdpi.com/2073-4360/13/7/1105/pdf?version=1617938405
L1,Blood–Brain Barrier in Brain Tumors: Biology and Clinical Relevance,Francesca Mo,International Journal of Molecular Sciences,2021,10.3390/ijms222312654,MDPI,https://www.mdpi.com/1422-0067/22/23/12654/pdf?version=1637732742
L1,Chitosan-Coated Nanoparticles: Effect of Chitosan Molecular Weight on Nasal Transmucosal Delivery,Franciele Aline Bruinsmann,Pharmaceutics,2019,10.3390/pharmaceutics11020086,MDPI,https://www.mdpi.com/1999-4923/11/2/86/pdf?version=1550917196
L1,Implementation of High Gas Barrier Laminated Films Based on Cellulose Nanocrystals for Food Flexible Packaging,Ghislain Fotie,Applied Sciences,2020,10.3390/app10093201,MDPI,https://www.mdpi.com/2076-3417/10/9/3201/pdf?version=1589213209
L1,Nanocomposites for Food Packaging Applications: An Overview,Jawad Sarfraz,Nanomaterials,2020,10.3390/nano11010010,MDPI,https://www.mdpi.com/2079-4991/11/1/10/pdf?version=1610156501
L1,Fused Particle Fabrication 3-D Printing: Recycled Materials’ Optimization and Mechanical Properties,Aubrey L. Woern,Materials,2018,10.3390/ma11081413,MDPI,https://www.mdpi.com/1996-1944/11/8/1413/pdf?version=1534053378
L1,Electrospun Polyethylene Terephthalate Nonwoven Reinforced Polypropylene Separator: Scalable Synthesis and Its Lithium Ion Battery Performance,Haopeng Cai,Polymers,2018,10.3390/polym10060574,MDPI,https://www.mdpi.com/2073-4360/10/6/574/pdf?version=1528962829
L1,"Safety of Plastic Food Packaging: The Challenges about Non-Intentionally Added Substances (NIAS) Discovery, Identification and Risk Assessment",Lilian Seiko Kato,Polymers,2021,10.3390/polym13132077,MDPI,https://www.mdpi.com/2073-4360/13/13/2077/pdf?version=1624528179
L1,Envisioning a BHET Economy: Adding Value to PET Waste,Clarissa C. Westover,Sustainable Chemistry,2023,10.3390/suschem4040025,MDPI,https://www.mdpi.com/2673-4079/4/4/25/pdf?version=1702889733
L1,Application of Plastic Wastes in Construction Materials: A Review Using the Concept of Life-Cycle Assessment in the Context of Recent Research for Future Perspectives,Tulane Rodrigues da Silva,Materials,2021,10.3390/ma14133549,MDPI,https://www.mdpi.com/1996-1944/14/13/3549/pdf?version=1624607206
L1,"Synthesis, Thermal Properties and Decomposition Mechanism of Poly(Ethylene Vanillate) Polyester",Alexandra Zamboulis,Polymers,2019,10.3390/polym11101672,MDPI,https://www.mdpi.com/2073-4360/11/10/1672/pdf?version=1571045200
L1,"The 3-Phase Structure of Polyesters (PBT, PET) after Isothermal and Non-Isothermal Crystallization",Dario Heidrich,Polymers,2022,10.3390/polym14040793,MDPI,https://www.mdpi.com/2073-4360/14/4/793/pdf?version=1645178221
L1,Development and Characterization of Electrospun Fiber-Based Poly(ethylene-co-vinyl Alcohol) Films of Application Interest as High-Gas-Barrier Interlayers in Food Packaging,Beatriz Meléndez-Rodríguez,Polymers,2021,10.3390/polym13132061,MDPI,https://www.mdpi.com/2073-4360/13/13/2061/pdf?version=1624603830
L1,Correlations between H2 Permeation and Physical/Mechanical Properties in Ethylene Propylene Diene Monomer Polymers Blended with Carbon Black and Silica Fillers,Jae Kap Jung,International Journal of Molecular Sciences,2023,10.3390/ijms24032865,MDPI,https://www.mdpi.com/1422-0067/24/3/2865/pdf?version=1675320918
L1,Scaffolds for Wound Healing Applications,Irina Neguț,Polymers,2020,10.3390/polym12092010,MDPI,https://www.mdpi.com/2073-4360/12/9/2010/pdf?version=1599275608
L1,Biodegradation of Typical Plastics: From Microbial Diversity to Metabolic Mechanisms,Shiwei Lv,International Journal of Molecular Sciences,2024,10.3390/ijms25010593,MDPI,https://www.mdpi.com/1422-0067/25/1/593/pdf?version=1704184585
L1,Comparative Analysis of the Mechanical Behaviour of PEF and PET Uniaxial Stretching Based on the Time/Temperature Superposition Principle,Emilie Forestier,Polymers,2021,10.3390/polym13193295,MDPI,https://www.mdpi.com/2073-4360/13/19/3295/pdf?version=1632817300
L1,"Bimetallic Catalytic Systems Based on Sb, Ge and Ti for the Synthesis of Poly(ethylene terephthalate-co-isosorbide terephthalate)",Nicholas Stanley,Polymers,2017,10.3390/polym9110590,MDPI,https://www.mdpi.com/2073-4360/9/11/590/pdf?version=1510239225
L1,"New Random Aromatic/Aliphatic Copolymers of 2,5-Furandicarboxylic and Camphoric Acids with Tunable Mechanical Properties and Exceptional Gas Barrier Capability for Sustainable Mono-Layered Food Packaging",Giulia Guidotti,Molecules,2023,10.3390/molecules28104056,MDPI,https://doi.org/10.3390/molecules28104056
L1,Thermal Degradation and Carbonization Mechanism of Fe-Based Metal-Organic Frameworks onto Flame-Retardant Polyethylene Terephthalate,Tianyi Ma,Polymers,2023,10.3390/polym15010224,MDPI,https://www.mdpi.com/2073-4360/15/1/224/pdf?version=1672995259
L1,Forensic Engineering of Advanced Polymeric Materials—Part V: Prediction Studies of Aliphatic–Aromatic Copolyester and Polylactide Commercial Blends in View of Potential Applications as Compostable Cosmetic Packages,Wanda Sikorska,Polymers,2017,10.3390/polym9070257,MDPI,https://www.mdpi.com/2073-4360/9/7/257/pdf?version=1499164387
L1,Sorption Properties of PET Copolyesters and New Approach for Foaming with Filament Extrusion Additive Manufacturing,Nadiya Sova,Polymers,2023,10.3390/polym15051138,MDPI,https://www.mdpi.com/2073-4360/15/5/1138/pdf?version=1677228137
L1,Improving Hydrophobicity and Water Vapor Barrier Properties in Paper Using Cellulose Nanofiber-Stabilized Cocoa Butter and PLA Emulsions,Shaydier Argel-Pérez,Coatings,2024,10.3390/coatings14101310,MDPI,https://www.mdpi.com/2079-6412/14/10/1310/pdf?version=1728813067
L1,Poly Lactic Acid (PLA) Nanocomposites: Effect of Inorganic Nanoparticles Reinforcement on Its Performance and Food Packaging Applications,Mehrajfatema Z. Mulla,Molecules,2021,10.3390/molecules26071967,MDPI,https://www.mdpi.com/1420-3049/26/7/1967/pdf?version=1617938670
L1,"Melt-Spun Fibers from Bio-Based Polyester–Fiber Structure Development in High-Speed Melt Spinning of Poly(ethylene 2,5-furandicarboxylate) (PEF)",Wataru Takarada,Materials,2021,10.3390/ma14051172,MDPI,https://www.mdpi.com/1996-1944/14/5/1172/pdf?version=1614927884
L1,Degradable Polymeric Bio(nano)materials and Their Biomedical Applications: A Comprehensive Overview and Recent Updates,Ketan Kuperkar,Polymers,2024,10.3390/polym16020206,MDPI,https://www.mdpi.com/2073-4360/16/2/206/pdf?version=1704894331
L1,New Poly(lactic acid) Active Packaging Composite Films Incorporated with Fungal Melanin,Łukasz Łopusiewicz,Polymers,2018,10.3390/polym10040386,MDPI,https://www.mdpi.com/2073-4360/10/4/386/pdf?version=1525346608
L1,Gas Transport Phenomena and Polymer Dynamics in PHB/PLA Blend Films as Potential Packaging Materials,Valentina Siracusa,Polymers,2020,10.3390/polym12030647,MDPI,https://www.mdpi.com/2073-4360/12/3/647/pdf?version=1585149425
L1,Rheology of Recycled PET,Ilaria Cusano,Materials,2023,10.3390/ma16093358,MDPI,https://www.mdpi.com/1996-1944/16/9/3358/pdf?version=1682408788
L1,Alginate-Edible Coatings for Application on Wild Andean Blueberries (Vaccinium meridionale Swartz): Effect of the Addition of Nanofibrils Isolated from Cocoa By-Products,Carolina Medina‐Jaramillo,Polymers,2020,10.3390/polym12040824,MDPI,https://www.mdpi.com/2073-4360/12/4/824/pdf
L1,A Study on the Oxygen Permeability Behavior of Nanoclay in a Polypropylene/Nanoclay Nanocomposite by Biaxial Stretching,Bich Nam Jung,Polymers,2021,10.3390/polym13162760,MDPI,https://www.mdpi.com/2073-4360/13/16/2760/pdf?version=1629706764
L1,Enhancement of Mechanical and Barrier Property of Hemicellulose Film via Crosslinking with Sodium Trimetaphosphate,Yuelong Zhao,Polymers,2021,10.3390/polym13060927,MDPI,https://www.mdpi.com/2073-4360/13/6/927/pdf?version=1616146467
L1,Towards Distributed Recycling with Additive Manufacturing of PET Flake Feedstocks,Helen A. Little,Materials,2020,10.3390/ma13194273,MDPI,https://www.mdpi.com/1996-1944/13/19/4273/pdf?version=1601018771
L1,Poly(butylene succinate) Ionomers with Enhanced Hydrodegradability,Mayka Bautista,Polymers,2015,10.3390/polym7071232,MDPI,https://www.mdpi.com/2073-4360/7/7/1232/pdf?version=1436422984
L1,An Efficient Protein Evolution Workflow for the Improvement of Bacterial PET Hydrolyzing Enzymes,Valentina Pirillo,International Journal of Molecular Sciences,2021,10.3390/ijms23010264,MDPI,https://doi.org/10.3390/ijms23010264
L1,In Vitro Hydrolytic Degradation of Polyester-Based Scaffolds under Static and Dynamic Conditions in a Customized Perfusion Bioreactor,Pilar Alamán‐Díez,Materials,2022,10.3390/ma15072572,MDPI,https://www.mdpi.com/1996-1944/15/7/2572/pdf?version=1648810048
L1,Poly Lactic-co-Glycolic Acid (PLGA) as Biodegradable Controlled Drug Delivery Carrier,Hirenkumar K. Makadia,Polymers,2011,10.3390/polym3031377,MDPI,https://www.mdpi.com/2073-4360/3/3/1377/pdf?version=1314349694
L1,Effect of Graphene Nanoplatelets on the Physical and Antimicrobial Properties of Biopolymer-Based Nanocomposites,Roberto Scaffaro,Materials,2016,10.3390/ma9050351,MDPI,https://www.mdpi.com/1996-1944/9/5/351/pdf?version=1462789890
L1,Effect of Ethylenediaminetetraacetic Acid on Unsaturated Poly(Butylene Adipate-Co-Butylene Itaconate) Copolyester with Low-Melting Point and Controllable Hardness,Chin‐Wen Chen,Polymers,2019,10.3390/polym11040611,MDPI,https://www.mdpi.com/2073-4360/11/4/611/pdf?version=1555500280
L1,A Comparative Analysis of Denim Fabric Performances from Cotton/Polyester Blended Rigid and Stretched Yarns,Md Abul Shahid,Fibers,2024,10.3390/fib12100086,MDPI,https://www.mdpi.com/2079-6439/12/10/86/pdf?version=1728466075
L1,Study on Properties and Degradation Behavior of Poly (Adipic Acid/Butylene Terephthalate-Co-Glycolic Acid) Copolyester Synthesized by Quaternary Copolymerization,Yan‐Ning Wang,International Journal of Molecular Sciences,2023,10.3390/ijms24076451,MDPI,https://www.mdpi.com/1422-0067/24/7/6451/pdf?version=1680099348
L1,"Compatibilization of Polylactide/Poly(ethylene 2,5-furanoate) (PLA/PEF) Blends for Sustainable and Bioderived Packaging",Giulia Fredi,Molecules,2022,10.3390/molecules27196371,MDPI,https://www.mdpi.com/1420-3049/27/19/6371/pdf?version=1664334482
L1,Aluminum Alkyl Complexes Bearing Salicylaldiminato Ligands: Versatile Initiators in the Ring-Opening Polymerization of Cyclic Esters,Tiziana Fuoco,Catalysts,2017,10.3390/catal7020064,MDPI,https://www.mdpi.com/2073-4344/7/2/64/pdf?version=1487248139
L1,Recent Progress in Microfluidic Models of the Blood-Brain Barrier,Lili Jiang,Micromachines,2019,10.3390/mi10060375,MDPI,https://www.mdpi.com/2072-666X/10/6/375/pdf?version=1559726935
L1,The Crack Propagation Behaviour of CO2 Fracturing Fluid in Unconventional Low Permeability Reservoirs: Factor Analysis and Mechanism Revelation,Qiang Li,Processes,2025,10.3390/pr13010159,MDPI,https://www.mdpi.com/2227-9717/13/1/159/pdf?version=1736330057
L1,Recent Advances for Flame Retardancy of Textiles Based on Phosphorus Chemistry,Khalifah A. Salmeia,Polymers,2016,10.3390/polym8090319,MDPI,https://www.mdpi.com/2073-4360/8/9/319/pdf?version=1472126915
L1,Active Agents Incorporated in Polymeric Substrates to Enhance Antibacterial and Antioxidant Properties in Food Packaging Applications,Johan Stanley,Macromol—A Journal of Macromolecular Research,2022,10.3390/macromol3010001,MDPI,https://www.mdpi.com/2673-6209/3/1/1/pdf?version=1671785665
L1,Understanding the Barrier and Mechanical Behavior of Different Nanofillers in Chitosan Films for Food Packaging,João Ricardo Afonso Pires,Polymers,2021,10.3390/polym13050721,MDPI,https://www.mdpi.com/2073-4360/13/5/721/pdf?version=1614850773
L1,Natural-Synthetic Hybrid Polymers Developed via Electrospinning: The Effect of PET in Chitosan/Starch System,A. Espíndola-Gonzalez,International Journal of Molecular Sciences,2011,10.3390/ijms12031908,MDPI,https://www.mdpi.com/1422-0067/12/3/1908/pdf?version=1403142073
L1,One-Pot FDCA Diester Synthesis from Mucic Acid and Their Solvent-Free Regioselective Polytransesterification for Production of Glycerol-Based Furanic Polyesters,Deyang Zhao,Molecules,2019,10.3390/molecules24061030,MDPI,https://www.mdpi.com/1420-3049/24/6/1030/pdf?version=1552635909
L1,Artificial Weathering Mechanisms of Uncoated Structural Polyethylene Terephthalate Fabrics with Focus on Tensile Strength Degradation,Hastia Asadi,Materials,2021,10.3390/ma14030618,MDPI,https://www.mdpi.com/1996-1944/14/3/618/pdf?version=1611986285
L1,The Influence of Polymer Composition on the Hydrolytic and Enzymatic Degradation of Polyesters and Their Block Copolymers with PDMAEMA,Maria Kupczak,Materials,2021,10.3390/ma14133636,MDPI,https://www.mdpi.com/1996-1944/14/13/3636/pdf?version=1624968666
L1,Performance Evaluation of Hot Mix Asphalt (HMA) Containing Polyethylene Terephthalate (PET) Using Wet and Dry Mixing Techniques,Nisma Agha,Polymers,2023,10.3390/polym15051211,MDPI,https://www.mdpi.com/2073-4360/15/5/1211/pdf?version=1678151442
L1,Identification of Potential Migrants in Polyethylene Terephthalate Samples of Ecuadorian Market,Karina Marín-Morocho,Polymers,2021,10.3390/polym13213769,MDPI,https://www.mdpi.com/2073-4360/13/21/3769/pdf?version=1635656470
L1,Thermal Analysis of Parylene Thin Films for Barrier Layer Applications,Sébastien Buchwalder,Polymers,2022,10.3390/polym14173677,MDPI,https://www.mdpi.com/2073-4360/14/17/3677/pdf?version=1662521659
L1,Protective Properties of a Microstructure Composed of Barrier Nanostructured Organics and SiOx Layers Deposited on a Polymer Matrix,Radek Přikryl,Nanomaterials,2018,10.3390/nano8090679,MDPI,https://www.mdpi.com/2079-4991/8/9/679/pdf?version=1535972886
L1,Biodegradable PGA/PBAT Blends for 3D Printing: Material Performance and Periodic Minimal Surface Structures,Zihui Zhang,Polymers,2021,10.3390/polym13213757,MDPI,https://www.mdpi.com/2073-4360/13/21/3757/pdf?version=1635581470
L1,p-Xylene Oxidation to Terephthalic Acid: New Trends,Hugo M. Lapa,Molecules,2023,10.3390/molecules28041922,MDPI,https://www.mdpi.com/1420-3049/28/4/1922/pdf?version=1676630591
L1,"Synthesis, Properties of Biodegradable Poly(Butylene Succinate-co-Butylene 2-Methylsuccinate) and Application for Sustainable Release",Jiarui Han,Materials,2019,10.3390/ma12091507,MDPI,https://www.mdpi.com/1996-1944/12/9/1507/pdf?version=1557375705
L1,The Radiation Shielding Performance of Polyester with TeO2 and B2O3,M.I. Sayyed,Processes,2022,10.3390/pr10091725,MDPI,https://www.mdpi.com/2227-9717/10/9/1725/pdf?version=1663030120
L1,Fabrication of Unidirectional Water Permeable PS/PET Composite Nanofibers Modified with Silver Nanoparticles via Electrospinning,Chong Li,Membranes,2023,10.3390/membranes13030257,MDPI,https://www.mdpi.com/2077-0375/13/3/257/pdf?version=1677204648
L1,Recent Approaches to the Plasticization of Poly(lactic Acid) (PLA) (A Review),E. E. Mastalygina,Polymers,2023,10.3390/polym16010087,MDPI,https://www.mdpi.com/2073-4360/16/1/87/pdf?version=1703679467
L1,Fabrication of Cellulose Nanocrystal/Silver/Alginate Bionanocomposite Films with Enhanced Mechanical and Barrier Properties for Food Packaging Application,Mithilesh Yadav,Nanomaterials,2019,10.3390/nano9111523,MDPI,https://www.mdpi.com/2079-4991/9/11/1523/pdf
L1,PLA/PHB Blends: Biocompatibilizer Effects,Alessandra D’Anna,Polymers,2019,10.3390/polym11091416,MDPI,https://www.mdpi.com/2073-4360/11/9/1416/pdf?version=1567510461
L1,Effects of Copper(II) Oxide on the Co-Pyrolysis of Waste Polyester Enameled Wires and Poly(vinyl chloride),Xiaolu Wang,Polymers,2023,10.3390/polym16010027,MDPI,https://www.mdpi.com/2073-4360/16/1/27/pdf?version=1703084044
L1,Advances in Membrane Distillation for Water Desalination and Purification Applications,Lucy Mar Camacho,Water,2013,10.3390/w5010094,MDPI,https://www.mdpi.com/2073-4441/5/1/94/pdf?version=1433834778
L1,High-Gas-Barrier and Biodegradable PPC-P/PBAT Composite Films Coated by Poly(vinyl alcohol)/borax Complexes,Jiangtao Deng,Surfaces,2024,10.3390/surfaces7030034,MDPI,https://www.mdpi.com/2571-9637/7/3/34/pdf?version=1722476525
L1,Comprehensive Review of Geotechnical Engineering Properties of Recycled Polyethylene Terephthalate Fibers and Strips for Soil Stabilization,Bisma Khalid,Polymers,2024,10.3390/polym16131764,MDPI,https://doi.org/10.3390/polym16131764
L1,Permeation Damage of Polymer Liner in Oil and Gas Pipelines: A Review,Hafiz Usman Khalid,Polymers,2020,10.3390/polym12102307,MDPI,https://www.mdpi.com/2073-4360/12/10/2307/pdf
L1,New Approach to Optimize Mechanical Properties of the Immiscible Polypropylene/Poly (Ethylene Terephthalate) Blend: Effect of Shish-Kebab and Core-Shell Structure,Yingxiong Wang,Polymers,2018,10.3390/polym10101094,MDPI,https://www.mdpi.com/2073-4360/10/10/1094/pdf?version=1538473045
L1,Novel Random PBS-Based Copolymers Containing Aliphatic Side Chains for Sustainable Flexible Food Packaging,Giulia Guidotti,Polymers,2017,10.3390/polym9120724,MDPI,https://www.mdpi.com/2073-4360/9/12/724/pdf?version=1513423094
L1,SEM Image Analysis in Permeable Recycled Concretes with Silica Fume. A Quantitative Comparison of Porosity and the ITZ,Manuel J. Chinchillas-Chinchillas,Materials,2019,10.3390/ma12132201,MDPI,https://www.mdpi.com/1996-1944/12/13/2201/pdf?version=1562600575
L1,"Hydrophobic, Sustainable, High-Barrier Regenerated Cellulose Film via a Simple One-Step Silylation Reaction",Goomin Kwon,Polymers,2023,10.3390/polym15081901,MDPI,https://www.mdpi.com/2073-4360/15/8/1901/pdf?version=1681870661
L1,Manufacturing of a PET Filament from Recycled Material for Material Extrusion (MEX),Maximilian Bustos Seibert,Recycling,2022,10.3390/recycling7050069,MDPI,https://www.mdpi.com/2313-4321/7/5/69/pdf?version=1663752890
L1,Assessing the Intestinal Permeability and Anti-Inflammatory Potential of Sesquiterpene Lactones from Chicory,Melanie S. Matos,Nutrients,2020,10.3390/nu12113547,MDPI,https://www.mdpi.com/2072-6643/12/11/3547/pdf?version=1606136008
L1,"Properties and Applications of Polyvinyl Alcohol, Halloysite Nanotubes and Their Nanocomposites",Tayser Sumer Gaaz,Molecules,2015,10.3390/molecules201219884,MDPI,https://www.mdpi.com/1420-3049/20/12/19884/pdf?version=1450518458
L1,Optical Anisotropy of Polyethylene Terephthalate Films Characterized by Spectral Means,Mihaela Avădanei,Polymers,2024,10.3390/polym16060850,MDPI,https://www.mdpi.com/2073-4360/16/6/850/pdf?version=1710925393
L1,Special Features of Polyester-Based Materials for Medical Applications,Raluca Nicoleta Darie-Niță,Polymers,2022,10.3390/polym14050951,MDPI,https://www.mdpi.com/2073-4360/14/5/951/pdf?version=1646194026
L1,"Terephthalate Copolyesters Based on 2,3-Butanediol and Ethylene Glycol and Their Properties",Marian Blom,Polymers,2024,10.3390/polym16152177,MDPI,https://www.mdpi.com/2073-4360/16/15/2177/pdf?version=1722409552
L1,Synthesis of Polyethylene Terephthalate (PET) with High Crystallization and Mechanical Properties via Functionalized Graphene Oxide as Nucleation Agent,Yingdi Dan,Molecules,2024,10.3390/molecules29091953,MDPI,https://www.mdpi.com/1420-3049/29/9/1953/pdf?version=1713968920
L1,Investigation and Comparison of Alternative Oxygen Barrier Coatings for Flexible PP Films as Food Packaging Material,Farshad Sharbafian,Coatings,2024,10.3390/coatings14091086,MDPI,https://www.mdpi.com/2079-6412/14/9/1086/pdf?version=1724422872
L1,On the Cementitious Mixtures Reinforced with Waste Polyethylene Terephthalate,Cristiano Giuseppe Coviello,Materials,2024,10.3390/ma17215351,MDPI,https://www.mdpi.com/1996-1944/17/21/5351/pdf?version=1730393799
L1,Effects of Immobilized Ionic Liquid on Properties of Biodegradable Polycaprolactone/LDH Nanocomposites Prepared by In Situ Polymerization and Melt-Blending Techniques,Sonia Bujok,Nanomaterials,2020,10.3390/nano10050969,MDPI,https://www.mdpi.com/2079-4991/10/5/969/pdf?version=1590393228
L1,Mitigating the Impact of Cellulose Particles on the Performance of Biopolyester-Based Composites by Gas-Phase Esterification,Grégoire David,Polymers,2019,10.3390/polym11020200,MDPI,https://www.mdpi.com/2073-4360/11/2/200/pdf?version=1548317917
L1,Performance of Polyester-Based Electrospun Scaffolds under In Vitro Hydrolytic Conditions: From Short-Term to Long-Term Applications,O. Gil-Castell,Nanomaterials,2019,10.3390/nano9050786,MDPI,https://www.mdpi.com/2079-4991/9/5/786/pdf?version=1558528994
L1,"Thermal and Chemical Characterisation of Reprocessed PET: A Study on Commercial, Recycled, Bottle-Grade and Textile Blend.",Susana Gomes,"Materials (Basel, Switzerland)",2025,10.3390/ma18184394,PubMed,
L1,"Enhancement of Mechanical, Thermal, and Barrier Behavior of Sustainable PECF Copolyester Nanocomposite Films Using Polydopamine-Functionalized MXene Fillers.",Mohammad Raza Miah,Langmuir : the ACS journal of surfaces and colloids,2025,10.1021/acs.langmuir.4c04909,PubMed,
L1,"A novel poly (pentylene 2,5-furandicarboxylate-co-pentylene 2,6-naphthalate) polyester derived from bio-based 2,5-Furandicarboxylic acid with superior gas barrier properties.",Junlei Li,Food chemistry,2025,10.1016/j.foodchem.2025.143965,PubMed,
L1,Synthesis of azelaic acid copolyester plasticizers and their application in PVC.,Wanjing Zhang,RSC advances,2024,10.1039/d4ra03174a,PubMed,
L1,The effect of polyethylene glycol sorbitan monostearate on the morphological characteristics and performance of thermoplastic starch/biodegradable polyester blend films.,Rangrong Yoksan,International journal of biological macromolecules,2023,10.1016/j.ijbiomac.2023.123332,PubMed,
L1,Effects of Machine Washing on the Chromatography Parameters of Polyester Fiber Gel Permeation.,Ritsuko Matsushita,ACS omega,2022,10.1021/acsomega.2c04446,PubMed,
L1,A Facile Fabrication of Lysosome-Targeting pH Fluorescent Nanosensor Based on PEGylated Polyester Block Copolymer.,Lijun Wang,Polymers,2022,10.3390/polym14122420,PubMed,
L1,Self-assembly of dextran - b - deoxycholic acid polyester copolymers: Copolymer composition and self-assembly procedure tune the aggregate size and morphology.,Marieta Nichifor,Carbohydrate polymers,2021,10.1016/j.carbpol.2020.117147,PubMed,
L1,Nanoengineered Eggshell-Silver Tailored Copolyester Polymer Blend Film with Antimicrobial Properties.,Boniface J Tiimob,Journal of agricultural and food chemistry,2017,10.1021/acs.jafc.7b00133,PubMed,
L1,"Synthesis, Characterization, and In Vitro Antimicrobial and Anticancer Evaluation of Copolyester Bearing 4-Arylidene Curcumin in the Main Chain.",Narendran Kandaswamy,International scholarly research notices,2014,10.1155/2014/495927,PubMed,
L1,"Facile Synthesis, Characterization, and In Vitro Antimicrobial and Anticancer Activities of Biscoumarin Copolyester Bearing Pendant 3-(Trifluoromethyl)Styrene.",Narendran Kandaswamy,International scholarly research notices,2014,10.1155/2014/369473,PubMed,
L1,HPMA-LMA copolymer drug carriers in oncology: an in vivo PET study to assess the tumor line-specific polymer uptake and body distribution.,Mareli Allmeroth,Biomacromolecules,2013,10.1021/bm400709z,PubMed,
L1,"Amorphous amphiphilic P(3HV-co-4HB)-b-mPEG block copolymer synthesized from bacterial copolyester via melt transesterification: nanoparticle preparation, cisplatin-loading for cancer therapy and in vitro evaluation.",Mohsin Shah,European journal of pharmaceutics and biopharmaceutics : official journal of Arbeitsgemeinschaft fur Pharmazeutische Verfahrenstechnik e.V,2012,10.1016/j.ejpb.2011.11.014,PubMed,
L1,Experience of using the bioresorbable copolyester poly(DL-lactide-ε-caprolactone) nerve conduit guide Neurolac™ for nerve repair in peripheral nerve defects: report on a series of 28 lesions.,S Chiriac,"The Journal of hand surgery, European volume",2012,10.1177/1753193411422685,PubMed,
L1,On the mechanism and dynamics of uptake and permeation of polyether-copolyester dendrimers across an in vitro blood-brain barrier model.,Renu Singh Dhanikula,Journal of pharmaceutical sciences,2009,10.1002/jps.21669,PubMed,
L1,Synthesis and characterization of poly(butylene succinate-co-butylene malate): a new biodegradable copolyester bearing hydroxyl pendant groups.,Shiping Zhang,Biomacromolecules,2003,,PubMed,
L1,Biosynthesis from gluconate of a random copolyester consisting of 3-hydroxybutyrate and medium-chain-length 3-hydroxyalkanoates by Pseudomonas sp. 61-3.,H Abe,International journal of biological macromolecules,1994,,PubMed,
L1,Robust Compatible Blend of Poly(butylene carbonate-co-terephthalate) and Poly(butylene adipate-co-terephthalate) toward a High Barrier Blown Film,Desconocido,No disponible,,10.1021/acs.iecr.4c03599.s001,Crossref,
L1,High-Barrier Poly(butylene succinate-co-terephthalate) Blend with Poly(lactic acid) as Biodegradable Food Packaging Films,Desconocido,No disponible,,10.1021/acs.iecr.3c00158.s001,Crossref,
L1,Poly Glycolic Acid: High Gas Barrier Polyester,Kazuyuki YAMANE,Kobunshi,2008,10.1295/kobunshi.57.990,Crossref,
L1,"High Oxygen Barrier Polyester from 3,3-Bifuran-5,5-dicarboxylic Acid",Desconocido,No disponible,,10.1021/acsmacrolett.2c00743.s001,Crossref,
L1,Effect of Dimethyl Terephthalate and Dimethyl Isophthalate on the Free Volume and Barrier Properties of Poly(ethylene terephthalate) (PET): Amorphous PET,Desconocido,No disponible,,10.1021/acs.macromol.7b02230.s001,Crossref,
L1,"Toward Sustainable Packaging: A Toughened and Chemically Recyclable Biobased Poly(ethylene-co-1,4-cyclohexanedimethylene 2,5-furandicarboxylate) Copolyester with Balanced Barrier and UV-Blocking Properties",Desconocido,No disponible,,10.1021/acsapm.5c03862.s001,Crossref,
L1,Multilayer ChitinChitosanCellulose Barrier Coatings on Poly(ethylene terephthalate),Desconocido,No disponible,,10.1021/acsapm.2c01059.s001,Crossref,
L1,Oxygen Gas and Water Vapor Permeability of Biaxially Stretched Poly(ethylene terephthalate)/Poly(ethylene-<i>co</i>-vinyl alcohol) and Poly(ethylene terephthalate-<i>co</i>-isophthalate)/Poly(ethylene-<i>co</i>-vinyl alcohol) Blend Films,İlhan Özen,Polymer-Plastics Technology and Engineering,2012,10.1080/03602559.2011.618158,Crossref,
L1,"Mechanical and Gas Barrier Properties of Structurally Enhanced Poly(ethylene terephthalate) by Introducing 1,6-Hexylenediamine Unit",Desconocido,No disponible,,10.1021/acs.iecr.9b04953.s001,Crossref,
L1,"Vinyl, silicone, and liquid-barrier polyester textile",Desconocido,Materials Box,2026,10.5040/9781501393389.ch-005,Crossref,
L1,Environmentally Assisted Cracking in Silicon Nitride Barrier Films on Poly(ethylene terephthalate) Substrates,Desconocido,No disponible,,10.1021/acsami.6b06417.s001,Crossref,
L1,Synthesis of High Molecular Weight Polyester Using in Situ Drying Method and Assessment of Water Vapor and Oxygen Barrier Properties,Shouyun Cheng,Polymers,2018,10.3390/polym10101113,Crossref,
L1,Dimethyl 2Methylterephthalate: A Versatile Building Block in Polyester Synthesis with Intriguing Gas Barrier Properties,Desconocido,No disponible,,10.1021/acssuschemeng.6c01735.s001,Crossref,
L1,Development of Plasma Enhanced Chemical Vapor Deposition for Moisture Barrier On Polyethylene Terephthalate Substrates,Desconocido,59th Annual Technical Conference Proceedings,2016,10.14332/svc16.proc.0062,Crossref,
L1,MoS₂-Integrated polyethylene terephthalate (PET) membranes for enhanced CO₂ barrier performance in climate action applications,Muhammad Salman SHAH,Materials Research Proceedings,2026,10.21741/9781644904176-29,Crossref,
L1,Flexible Furfural-Based Barrier Polyester from a Self-Condensable Monomer,Desconocido,No disponible,,10.1021/acs.macromol.3c01342.s001,Crossref,
L1,Improvements in barrier properties of poly(ethylene terephthalate) films using commercially available high barrier masterbatch additives via melt blend technique,ME Ali Mohsin,Journal of Plastic Film &amp; Sheeting,2013,10.1177/8756087912438880,Crossref,https://journals.sagepub.com/doi/pdf/10.1177/8756087912438880
L1,Boron Nitride-Based Polyester Nanocomposite Films with Enhanced Barrier and Mechanical Performances,Desconocido,No disponible,,10.1021/acsapm.3c03148.s001,Crossref,
L1,Activation energy of water vapor and oxygen transmission through TiNxOy/PET gas barrier films,M.C. Lin,Applied Surface Science,2010,10.1016/j.apsusc.2010.05.058,Crossref,
L1,"Structurally Tuned Citric AcidBased Polyester Thermoset with Balanced Barrier, Durability, and Biodegradation Performance",Desconocido,No disponible,,10.1021/acssuschemeng.5c08559.s001,Crossref,
L1,"Effect of Chain Dynamics, Crystallinity, and Free Volume on the Barrier Properties of Poly(ethylene terephthalate) Biaxially Oriented Films",Desconocido,No disponible,,10.1021/acs.macromol.7b00198.s001,Crossref,
L1,"Poly(ethylene terephthalate)/poly(ethylene glycol‐co‐1,3/1,4‐cyclohexanedimethanol terephthalate)/clay nanocomposites: Mechanical properties, optical transparency, and barrier properties",Jyh‐Horng Wu,Journal of Applied Polymer Science,2014,10.1002/app.39869,Crossref,
L1,"Effect of rice straw loading on morphological, thermal, gas barrier, and mechanical properties of poly(lactic acid)/poly(3-hydroxybutyrate-co-4-hydroxybutyrate) blend films",Desconocido,No disponible,,10.58837/chula.the.2023.122,Crossref,
L1,Polyacrylate Decorating Poly(ethylene terephthalate) (PET) Film Surface for Boosting Oxygen Barrier Property,Wen Zhong,Coatings,2021,10.3390/coatings11121451,Crossref,
L1,Activated Rate Theory Treatment of Oxygen and Water Transport through Silicon Oxide/Poly(ethylene terephthalate) Composite Barrier Structures,Yelena G. Tropsha,The Journal of Physical Chemistry B,1997,10.1021/jp9629856,Crossref,
L1,Effects of argon and oxygen flow rate on water vapor barrier properties of silicon oxide coatings deposited on polyethylene terephthalate by plasma enhanced chemical vapor deposition,Sung-Ryong Kim,Thin Solid Films,2010,10.1016/j.tsf.2009.07.147,Crossref,
L1,Barrier Properties of Biodegradable Bacterial Polyester Films,Desconocido,"Natural Polymers, Biopolymers, Biomaterials, and Their Composites, Blends, and IPNs",2012,10.1201/b13117-10,Crossref,
L1,Oxygen Barrier Properties of Poly(ethylene terephthalate) Nanocomposite Films,Masoud Frounchi,Macromolecular Materials and Engineering,2009,10.1002/mame.200800238,Crossref,
L1,Preparation of High-barrier Polyethylene Terephthalate bottle by Microwave Plasma Enhanced Chemical Vapor Deposition,Lianhua Yin,MATEC Web of Conferences,2022,10.1051/matecconf/202235801002,Crossref,
L1,Antiplasticization-based enhancement of poly(ethylene terephthalate) barrier properties,Jong Suk Lee,Polymer,2012,10.1016/j.polymer.2011.11.006,Crossref,
L1,Toward Excellent Barrier Performance for Semicrystalline Polyethylene Terephthalate via Controlling Crystallinity and Rigid Amorphous Fraction,Desconocido,No disponible,,10.1021/acs.macromol.4c01413.s001,Crossref,
L1,Ultrathin Plasmonic Optical/Thermal Barrier: Flashlight-Sintered Copper Electrodes Compatible with Polyethylene Terephthalate Plastic Substrates,Desconocido,No disponible,,10.1021/acsami.7b14654.s001,Crossref,
L1,Evaluation of the polyester gel barrier Microtainer.,I R Kupke,Clinical Chemistry,1987,10.1093/clinchem/33.8.1468,Crossref,http://academic.oup.com/clinchem/article-pdf/33/8/1468/32764687/clinchem1468.pdf
L1,Nonisothermal crystallization behavior of biodegradable poly(butylene terephthalate‐co‐butylene adipate‐co‐ethylene terephthalate‐co‐ethylene adipate) copolyester,Xiaohui Wang,Polymer Engineering &amp; Science,2011,10.1002/pen.22019,Crossref,https://api.wiley.com/onlinelibrary/tdm/v1/articles/10.1002%2Fpen.22019
L1,Non-isothermal crystallization kinetics and activation energy of bio-based poly(trimethylene terephthalate)/poly(butylene adipate-co-terephthalate) polyester blend,Suresh Dhandapani,Polymer Science Series A,2015,10.1134/s0965545x15050077,Crossref,https://link.springer.com/content/pdf/10.1134/S0965545X15050077.pdf
L1,UV curable coatings for improved gas barrier properties of poly(ethylene terephthalate),Ethem Kaya,Progress in Organic Coatings,2014,10.1016/j.porgcoat.2013.09.010,Crossref,
L1,An advanced gas/vapor permeation system for barrier materials: Design and applications to poly(ethylene terephthalate),Jong Suk Lee,Journal of Polymer Science Part B: Polymer Physics,2012,10.1002/polb.23116,Crossref,
L1,Preparation of oxygen gas barrier poly(ethylene terephthalate) films by deposition of silicon oxide films plasma-polymerized from a mixture of tetramethoxysilane and oxygen,N. Inagaki,Journal of Applied Polymer Science,1999,10.1002/(sici)1097-4628(19990321)71:12<2091::aid-app20>3.0.co;2-a,Crossref,
L1,"Moisture barrier of Al x O y coating on poly(ethylene terephthalate), poly(ethylene naphthalate) and poly(carbonate) substrates",HongYee Low,Applied Surface Science,2005,10.1016/j.apsusc.2004.12.049,Crossref,
L1,Effect of water on the oxygen barrier properties of poly(ethylene terephthalate) and polylactide films,Rafael Auras,Journal of Applied Polymer Science,2004,10.1002/app.20148,Crossref,
L1,In Situ Synthesis of Copper Nanoparticles on Dielectric Barrier Discharge Plasma-Treated Polyester Fabrics at Different Reaction pHs,Desconocido,No disponible,,10.1021/acsapm.2c00375.s001,Crossref,
L1,Surface modification of poly(ethylene terephthalate) (PET) by magnet enhanced dielectric barrier discharge air plasma,Changquan Wang,Surface and Coatings Technology,2011,10.1016/j.surfcoat.2011.04.104,Crossref,
L1,Permeation barrier properties of silicon oxide films deposited on polyethylene terephthalate (PET) substrate using roll-to-roll reactive magnetron sputtering system,S.-H. Bang,Microelectronic Engineering,2016,10.1016/j.mee.2016.09.007,Crossref,
L1,Formation and gas barrier properties of silica thin films formed on heat resistant PET (Polyethylene Terephthalate) substrate by excimer light irradiation to polysilazane coatings,Tomoji Ohishi,Materials Letters,2019,10.1016/j.matlet.2019.03.115,Crossref,
L1,"Melt-Spun Poly(Ethylene Terephthalate-Co-1,4-Cyclohexanedimethylene Terephthalate) (Petg) Copolyester Fibers: Synergistic Effect of Chemical and Crystalline Structure Regulation",Zhihao Zhang,No disponible,,10.2139/ssrn.4956223,Crossref,
L1,Crystallization behavior of poly(ethylene terephthalate‐<i>co</i>‐neopentyl terephthalate‐<i>co</i>‐ethylene isophthalate‐<i>co</i>‐neopentyl isophthalate) copolyester and its application in laminated tin‐free steel,Liping Ding,Journal of Applied Polymer Science,2015,10.1002/app.42308,Crossref,
L1,Synthesis of a Novel AromaticAliphatic Copolyester from Poly(ethylene terephthalate) Using Reactive Extrusion,Desconocido,No disponible,,10.1021/acs.iecr.4c04229.s001,Crossref,
L1,High quality plasma enhanced chemical vapour deposited silicon oxide gas barrier coatings on polyester films,D.G. Howells,Thin Solid Films,2008,10.1016/j.tsf.2007.11.017,Crossref,
L1,Atmospheric Pressure Dielectric Barrier Discharge (DBD) and Its Application to Surface Modification of Poly (Ethylene Terephthalate) (PET) Fabrics,X. L. Tang,Mechanics and Materials Science,2017,10.1142/9789813228177_0115,Crossref,
L1,"Barrier, thermal, and mechanical properties of polyglycolic acid/polyethylene terephthalate (PET) and liquid crystalline polymer/PET blend films",Rishabh Tiwari,Polymer,2025,10.1016/j.polymer.2025.128761,Crossref,
L1,Uniformity analysis of dielectric barrier discharge (DBD) processed polyethylene terephthalate (PET) surface,Chaozong Liu,Applied Surface Science,2006,10.1016/j.apsusc.2005.04.016,Crossref,
L1,Enhancing thermal and mechanical properties of pyridine-based polyester with isosorbide for high gas barrier applications,Xuelian Liu,European Polymer Journal,2024,10.1016/j.eurpolymj.2023.112629,Crossref,
L1,Barrier Properties Analysis of Polyethylene Terephthalate Films (PET) Coated with Natural Polyphenolic and Gelatin Mixture (PGM),Shagufta Ishtiaque,Defect and Diffusion Forum,2018,10.4028/www.scientific.net/ddf.382.38,Crossref,
L1,"COMPARATIVE EFFECT OF DIFFERENT NANOPARTICLES ON
STRUCTURAL, THERMAL AND BARRIER PROPERTIES OF
POLY(ETHYLENE TEREPHTHALATE) IN FOOD PACKAGING SECTOR",Desconocido,Carpathian Journal of Food Science and Technology,2022,10.34302/crpjfst/2022.14.1.4,Crossref,
L1,"Enhancement of Mechanical, Thermal, and Barrier Behavior of Sustainable PECF Copolyester Nanocomposite Films Using Polydopamine-Functionalized MXene Fillers",Desconocido,No disponible,,10.1021/acs.langmuir.4c04909.s001,Crossref,
L1,Dyeing Behavior of Atmospheric Dielectric Barrier Discharge Ar-O2 Plasma Treated Poly(ethylene terephthalate) Fabric,Tang Xiaoliang,2007 IEEE 34th International Conference on Plasma Science (ICOPS),2007,10.1109/ppps.2007.4346135,Crossref,
L1,Detailed Atomistic Simulation of the Segmental Dynamics and Barrier Properties of Amorphous Poly(ethylene terephthalate) and Poly(ethylene isophthalate),Nikos Ch. Karayiannis,Macromolecules,2004,10.1021/ma0352577,Crossref,
L1,"Poly(Ethylene Terephthalate)-Organoclay Nanocomposites: Morphological, Thermal and Barrier Properties",Suel E. Vidotti,Journal of Metastable and Nanocrystalline Materials,2004,10.4028/www.scientific.net/jmnm.22.57,Crossref,
L1,One-pot synthesis of carbon dioxide-based polyester-b-polycarbonate copolymers with high heat resistance and superior gas barrier properties,Shuangshuang Yue,No disponible,,10.2139/ssrn.6056560,Crossref,
L1,Ceramifying Fire-Retardant and Fire-Barrier Unsaturated Polyester Composites,Robert A. Shanks,Advanced Materials Research,2010,10.4028/www.scientific.net/amr.123-125.23,Crossref,
L1,"Permeation of water, methanol, fuel and alcohol-containing fuels in high-barrier ethylene–vinyl alcohol copolymer",Jose M Lagaron,Polymer Testing,2001,10.1016/s0142-9418(00)00077-5,Crossref,
L1,"Atmospheric Dielectric Barrier Discharge Treatments of Polyethylene, Polypropylene, Polystyrene and Poly(ethylene terephthalate) for Enhanced Adhesion",D. Dixon,Journal of Adhesion Science and Technology,2012,10.1163/156856111x599481,Crossref,
L1,"Improving the hydrophobic, water barrier and crystallization properties of poly(ethylene terephthalate) by incorporating monodisperse SiO
                    <sub>2</sub>
                    particles",Ke Yangchuan,Polymer International,2010,10.1002/pi.2874,Crossref,
L1,Parameters that influence the barrier properties of metallized polyester and polypropylene films,J. Weiss,Thin Solid Films,1991,10.1016/0040-6090(91)90506-s,Crossref,
L1,"Potency of nanolay on structural, mechanical and gas barrier properties of poly(ethylene terephthalate) Nanohybrid",Dipti Saxena,Journal of Polymer Research,2020,10.1007/s10965-020-2011-2,Crossref,http://link.springer.com/content/pdf/10.1007/s10965-020-2011-2.pdf
L1,Poly(butylene adipate-co-terephthalate)-Quaternary Ammonium Copolyester with Highly Enhanced Mechanical Performance through Synergistic Cation and Hydrogen-Bonding Interactions,Desconocido,No disponible,,10.1021/acsapm.4c02189.s001,Crossref,
L1,Poly(Neopentyl Glycol Furanoate): A Member of the Furan-Based Polyester Family with Smart Barrier Performances for Sustainable Food Packaging Applications,Laura Genovese,Materials,2017,10.3390/ma10091028,Crossref,
L1,"Structural, mechanical, and gas barrier properties of poly(ethylene terephthalate) nanohybrid using nanotalc",Dipti Saxena,Journal of Applied Polymer Science,2020,10.1002/app.48607,Crossref,https://onlinelibrary.wiley.com/doi/pdf/10.1002/app.48607
L1,Design and Characterization of Bsas-Polyester Abradable Environmental Barrier Coatings (A/Ebcs) on Sic/Sic Composites,Mengqiu Guo,No disponible,,10.2139/ssrn.4373156,Crossref,
L1,Influence of the photo-oxidative degradation on the water barrier and corrosion protection properties of polyester paints,F. Deflorian,Corrosion Science,1996,10.1016/s0010-938x(96)00062-5,Crossref,
L1,Mechanical and barrier properties of copolyester-nanoclay composites,Turup P. Mohan,Journal of Polymer Engineering,2014,10.1515/polyeng-2013-0202,Crossref,
L1,Poly(ethylene Terephthalate)/Poly(alkylene Terephthalate) Copolyester Fibers: Sorption and Dyeability,D.S. Varma,Textile Research Journal,1986,10.1177/004051758605600707,Crossref,https://journals.sagepub.com/doi/pdf/10.1177/004051758605600707
L1,Effect of morphology on barrier properties of poly(ethylene terephthalate),A.A. Natu,Polymer Engineering &amp; Science,2005,10.1002/pen.20288,Crossref,
L1,Robust Compatible Blend of Poly(butylene carbonate-<i>co</i>-terephthalate) and Poly(butylene adipate-<i>co</i>-terephthalate) toward a High Barrier Blown Film,Lipeng Liu,Industrial &amp; Engineering Chemistry Research,2025,10.1021/acs.iecr.4c03599,Crossref,https://pubs.acs.org/doi/pdf/10.1021/acs.iecr.4c03599
L1,Simultaneous measurement of a PET tracer and blood-brain barrier permeability using hybrid PET-MRI,Desconocido,No disponible,,10.14264/9daa8a4,Crossref,
L1,Oxygen-barrier properties of oriented and heat-set poly(ethylene terephthalate),N. Qureshi,Journal of Polymer Science Part B: Polymer Physics,2000,10.1002/1099-0488(20000701)38:13<1679::aid-polb10>3.0.co;2-p,Crossref,
L1,Non-toxic poly(ethylene terephthalate)/clay nanocomposites with enhanced barrier properties,Suren Hayrapetyan,Polymer,2012,10.1016/j.polymer.2011.12.017,Crossref,
L1,Simultaneous Improvement of Oxygen Barrier and Stiffness in High-Density Polyethylene via Effective Integration of Interface Engineering with in Situ EthyleneVinyl Alcohol Copolymer Nanofibrillation,Desconocido,No disponible,,10.1021/acsami.4c16994.s001,Crossref,
L1,"Effect of different starch contents on physical, morphological, mechanical, barrier, and biodegradation properties of tapioca starch and poly(butylene adipate‐co‐terephthalate) blend film",Maisara A. M. Akhir,Polymers for Advanced Technologies,2023,10.1002/pat.5922,Crossref,https://onlinelibrary.wiley.com/doi/pdf/10.1002/pat.5922
L1,X-ray analysis of the structure of the thermotropic copolyester poly[(phenyl-p-phenylene-terephthalate)-co-(1-phenylethyl-p-phenylene-terephthalate)],Sung-Kwon Hong,Polymer,1989,10.1016/0032-3861(89)90173-0,Crossref,
L1,"Mechanical and Gas Barrier Properties of Structurally Enhanced Poly(ethylene terephthalate) by Introducing 1,6-Hexylenediamine Unit",Hongwei Gao,Industrial &amp; Engineering Chemistry Research,2019,10.1021/acs.iecr.9b04953,Crossref,
L1,Poly(ethylene Terephthalate)/Poly(alkylene Terephthalate) Copolyester Fibers: Mechanical and Physical Properties,D.S. Varma,Textile Research Journal,1986,10.1177/004051758605600604,Crossref,https://journals.sagepub.com/doi/pdf/10.1177/004051758605600604
L1,"Preparation, morphology, and properties of multilamellar barrier materials based on blends of high‐density polyethylene and copolyester",Xiuguo Cui,Journal of Applied Polymer Science,2006,10.1002/app.24040,Crossref,
L1,Dynamic mechanical studies of oriented p-oxybenzoate (POB)-poly(ethylene terephthalate) (PET) copolyester films,Roberto S. Benson,Polymer,1989,10.1016/0032-3861(89)90247-4,Crossref,
L1,Study of PVA on Polyester Desizing with Atmospheric Pressure Dielectric Barrier Discharge Plasma,Li Ming Li,Advanced Materials Research,2013,10.4028/www.scientific.net/amr.681.11,Crossref,
L1,Effects of composition and processing variables on barrier property of liquid crystalline polymer/polyethylene blend films,Desconocido,No disponible,,10.58837/chula.the.2003.985,Crossref,
L1,Development of active barrier systems for poly(ethylene terephthalate),Kamal Mahajan,Journal of Applied Polymer Science,2013,10.1002/app.38930,Crossref,
L1,"Morphology and barrier mechanism of biaxially oriented poly(ethylene terephthalate)/poly(ethylene 2,6‐naphthalate) blends",Wei Wu,Journal of Applied Polymer Science,2006,10.1002/app.22728,Crossref,
L1,Gas barrier properties of titanium oxynitride films deposited on polyethylene terephthalate substrates by reactive magnetron sputtering,M.-C. Lin,Applied Surface Science,2008,10.1016/j.apsusc.2007.11.064,Crossref,
L1,Oxygen barrier properties of crystallized and talc-filled poly(ethylene terephthalate),D. J. Sekelik,Journal of Polymer Science Part B: Polymer Physics,1999,10.1002/(sici)1099-0488(19990415)37:8<847::aid-polb10>3.0.co;2-3,Crossref,
L1,Designing polyethylene terephthalate‐based barrier resins,Ramesh M. Gohil,Journal of Applied Polymer Science,2012,10.1002/app.36995,Crossref,
L1,Barrier Properties of Polypropylene/Poly(M-Xylene Adipamide) and Polypropylene/ Poly(Ethylene-Co-Vinyl Alcohol) Blend Films,İlhan Özen,Journal of Plastic Film &amp; Sheeting,2010,10.1177/8756087910397901,Crossref,https://journals.sagepub.com/doi/pdf/10.1177/8756087910397901
L1,Molecular Imaging of Blood–Brain Barrier Permeability in Preclinical Models Using PET and SPECT,Vijayasree V. Giridharan,Neuromethods,2019,10.1007/978-1-4939-8946-1_19,Crossref,
L1,Studies on co[poly(ethylene terephthalate-poxybenzoate)] thermotropic copolyester (V) relaxation/transition by TSC,Ted-Hong Shinn,Journal of Polymer Research,1994,10.1007/bf01374551,Crossref,http://link.springer.com/content/pdf/10.1007/BF01374551.pdf
L1,"High barrier biosourced polyester from dimethyl [2,2′-bifuran]-5,5′-dicarboxylate",H. Eliot Edling,Polymer,2020,10.1016/j.polymer.2020.122258,Crossref,
L1,Dielectric barrier discharge plasma induced surface modification of polyester/cotton blend fabrics to improve polypyrrole coating adhesion and conductivity,Smita C. Deogaonkar,The Journal of The Textile Institute,2020,10.1080/00405000.2019.1710905,Crossref,
L1,Stretchable and Fast Composting Polyester Films with High-Performance Oxygen Barrier,Elmar Sehl,ACS Applied Polymer Materials,2022,10.1021/acsapm.2c01040,Crossref,https://pubs.acs.org/doi/pdf/10.1021/acsapm.2c01040
L1,Application of dielectric barrier discharge for treatment of polyester fabric,Y. Klenko,Czechoslovak Journal of Physics,2006,10.1007/s10582-006-0292-2,Crossref,http://link.springer.com/content/pdf/10.1007/s10582-006-0292-2.pdf
L1,Synthesis and characterization of adipic acid/polyethylene glycol/poly(ethylene terephthalate) copolyester fiber,Syang-Peng Rwei,Textile Research Journal,2015,10.1177/0040517515573406,Crossref,https://journals.sagepub.com/doi/pdf/10.1177/0040517515573406
L1,Evaluation of reused polyester resin from PET bottles for application as a potential barrier material,W.G.S. Batista,Journal of Petroleum Science and Engineering,2021,10.1016/j.petrol.2021.108776,Crossref,
L1,"Sequential Structure, Crystallization, and Properties of Biodegradable Poly(ethylene Terephthalate-Co-Ethylene Oxide-Co-Lactide) Copolyester",Li-Cheng Tan,"Journal of Macromolecular Science, Part B",2014,10.1080/00222348.2014.901870,Crossref,
L1,"Retraction notice to “The barrier properties of polyethylene terephthalate to mixtures of oxygen, carbon dioxide and nitrogen” [Polymer, 44(5) (March 2003), 1631–1640]",E.L.V. Lewis,Polymer,2022,10.1016/j.polymer.2022.125396,Crossref,
L1,"Barrier properties of polyethylene terephthalate, atactic polypropylene, and cis-1,4-polybutadiene via molecular dynamics simulation",David M. Whitley,Soft Matter,2011,10.1039/c0sm01086c,Crossref,
L1,"Miscibility, melting and crystallization behavior of two bacterial polyester/poly(epichlorohydrin-co-ethylene oxide) blend systems",L Zhang,Polymer,2000,10.1016/s0032-3861(99)00320-1,Crossref,
L1,Effect of selected metrological parameters of dyed polyester textiles on their UV-barrier properties,Krysiak Krzysztof,Fibers and Polymers,2014,10.1007/s12221-014-2077-8,Crossref,http://link.springer.com/content/pdf/10.1007/s12221-014-2077-8.pdf
L1,A new biodegradable copolyester poly(butylene succinate-co-ethylene succinate-co-ethylene terephthalate),Li-Min Deng,Acta Materialia,2004,10.1016/j.actamat.2004.09.002,Crossref,
L1,High‐speed plasma treatment of polyethylene terephthalate films using ultrasound assisted dielectric barrier discharge,Cheng Fang,Packaging Technology and Science,2022,10.1002/pts.2579,Crossref,https://onlinelibrary.wiley.com/doi/pdf/10.1002/pts.2579
L1,Co[poly(ethylene terephthalate‐p‐oxybenzoate)] thermotropic copolyester. II. X‐ray diffraction analysis,Ted‐Hong Shinn,Journal of Applied Polymer Science,1993,10.1002/app.1993.070470618,Crossref,
L1,Structure and gas-barrier properties of amorphous hydrogenated carbon films deposited on inner walls of cylindrical polyethylene terephthalate by plasma-enhanced chemical vapor deposition,Jing Li,Applied Surface Science,2009,10.1016/j.apsusc.2008.10.064,Crossref,
L1,"Polyethylene terephthalate bottles with excellent oxygen, water vapor barrier and mechanical performances prepared by injection and blow molding",Penghui Zhang,Polymer Engineering &amp; Science,2024,10.1002/pen.26694,SemanticScholar,
L1,The Influence of Thermal Annealing on Organic Vapor Sorption and Transport in a Nematogenic Copolyester,G. Cantrell,,1994,10.1016/b978-0-08-042149-0.50024-7,SemanticScholar,
L1,Oxygen barrier properties of PET copolymers containing bis(2-hydroxyethyl)hydroquinones,G. S. Andrade,,2003,10.1002/app.12144,SemanticScholar,
L1,Preparation of Phase Change Material on Polyester/Cotton Blend,S. Saleemi,IOP Conference Series: Materials Science and Engineering,2018,10.1088/1757-899x/414/1/012024,SemanticScholar,https://doi.org/10.1088/1757-899x/414/1/012024
L1,Investigation of Moisture Management and Air Permeability Properties of Fabrics with Linen and Linen-Polyester Blend Yarns,E. Çeven,Fibres & Textiles in Eastern Europe,2018,10.5604/01.3001.0012.1311,SemanticScholar,https://doi.org/10.5604/01.3001.0012.1311
L1,"The effect of the nano-structured aerogel powder on the structural parameters, water repellency, and water vapor/air permeability of a fibrous polyester material",Z. Mazrouei-Sebdani,,2016,10.1016/j.matchemphys.2016.04.002,SemanticScholar,
L1,"Transparent polyester film having high oxygen barrier, process for their preparation and their use",H. Pfeiffer,,1998,,SemanticScholar,
L1,"Interrogation of surface, skin, and core orientation in thermotropic liquid-crystalline copolyester moldings by near-edge X-ray absorption fine structure and wide-angle X-ray scattering",S. Rendon,,2007,10.1002/app.26759,SemanticScholar,
L1,"Flame retardant, anti-static and wear comfort properties of modacrylic/Excel®/anti-static PET blend yarns and their knitted fabrics",H. Kim,Journal of the Textile Institute,2019,10.1080/00405000.2019.1565626,SemanticScholar,
L1,Research on immersion resistant and moisture permeable polyester/cotton blend fabric,Gu Zhen-ya,,2005,,SemanticScholar,
L1,"Poly(1,4-butylene -co-1,4-cyclohexanedimethylene 2,5-furandicarboxylate) copolyester: Potential bio-based engineering plastic",Shen Ang,,2021,10.1016/j.eurpolymj.2021.110317,SemanticScholar,
L1,Graphitic carbon nitride embedded in hot-melt adhesive polyester and hydrophilic cellulose blend fibers for the efficient elimination of antibiotics under solar irradiation,Yuxin Chen,Applications of Surface Science,2018,10.1016/j.apsusc.2018.04.188,SemanticScholar,
L1,Predicting the air permeability of polyester/cotton blended woven fabrics,Noman Haleem,Fibers And Polymers,2013,10.1007/s12221-013-1172-6,SemanticScholar,
L1,Study of the properties of barrier PET/PEN copolyester,Jin Yong-long,,2012,,SemanticScholar,
L1,Characterization of recycled polyethylene terephthalates and polyethylene terephthalate–nylon6 blend knitted fabrics,Y. Choi,,2015,10.1177/0040517514547207,SemanticScholar,
L1,Study on Blow Molding of PET/PEN Copolymer,Cheng Zhan-sheng,,2005,,SemanticScholar,
L1,Preparation and Characterization of Hot Melt Copolyester (PBTI) Ultrafine Particles and Their Effect on the Anti-Pilling Performance of Polyester/Cotton Fabrics,Zhichao Huang,Polymers,2018,10.3390/polym10101163,Lens,https://www.mdpi.com/2073-4360/10/10/1163/pdf
L1,Improvement of barrier properties of glycol modified poly(ethylene terephthalate) based nanocomposites containing graphene derivatives forms,Sandra Paszkiewicz,Polimery,2017,10.14314/polimery.2017.868,Lens,
L1,Effect of silane functionalized graphene prepared by a supercritical carbon dioxide process on the barrier properties of polyethylene terephthalate composite films,Jiajia Wei,RSC advances,2019,10.1039/c9ra02479d,Lens,https://pubs.rsc.org/en/content/articlepdf/2019/ra/c9ra02479d
L1,Processing-structure-property relationships in copolyester elastomer nanocomposites,Eid M. Alosime,No disponible,,10.14264/uql.2016.549,Lens,https://espace.library.uq.edu.au/view/UQ:399024/s4216013_phd_finalthesis.pdf
L1,Photodegradation of copolyester films: A mechanistic study,Kiarash Arangdad,Journal of Applied Polymer Science,2018,10.1002/app.47148,Lens,https://repository.lib.ncsu.edu/bitstream/1840.20/33450/1/etd.pdf
L1,"Poly(butylene 2,5-furandicarboxylate) copolyester obtained using 1,6-hexanediamine with high glass transition temperature.",Ying Wang,RSC advances,2023,10.1039/d3ra06409c,Lens,
L1,Biodegradable thermoplastic copolyester elastomers: Methyl branched PBAmT,Wen-Bo Neng,e-Polymers,2021,10.1515/epoly-2021-0024,Lens,
L1,Nano-Brick Wall Architectures Account for Super Oxygen Barrier PET Film by Quadlayer Assembly of Polyelectrolytes and α-ZrP Nanoplatelets.,Dongmei Han,Polymers,2018,10.3390/polym10101082,Lens,https://www.mdpi.com/2073-4360/10/10/1082/pdf
L1,PLA blend /RHA permeable composite films for fruit packaging,Rakesh K. Gupta,DOAJ (DOAJ: Directory of Open Access Journals),2019,10.14456/easr.2019.24,Lens,
L1,Furfural-Based Modification of PET for UV-Blocking Copolymers with Decreased Oxygen Permeability,Desconocido,No disponible,,10.1021/acs.iecr.1c00629.s001,Lens,http://jultika.oulu.fi/files/nbnfi-fe2021051730077.pdf
L1,Comparison of HMDSO and HMDSN as precursors for high-barrier plasma-polymerized multilayer coating systems on polyethylene terephthalate films,Montgomery Jaritz,Plasma Processes and Polymers,2021,10.1002/ppap.202100018,Lens,https://onlinelibrary.wiley.com/doi/pdfdirect/10.1002/ppap.202100018
L1,Synergetic antimicrobial effect of nano-tri copolymer and gamma irradiated treatment as future aspect technology active packaging for extension Egyptian raisins shelf life,Fahmy H.,Radiation Physics and Chemistry,2027,10.1016/j.radphyschem.2026.114277,Elsevier,
L1,Thermomechanical recycling of post-consumer poly(ethylene terephthalate) bottles and post-industrial polyamide 6 fishing nets reinforced with organo-modified montmorillonite,Chaiwutthinan P.,Scientific Reports,2026,10.1038/s41598-026-43815-y,Elsevier,
L1,Deciphering mass-transport mechanisms in compostable copolyesters: Simultaneous atmospheric dyeing and functionalization with curcumin,Pan X.,Colloids and Surfaces A Physicochemical and Engineering Aspects,2026,10.1016/j.colsurfa.2026.141283,Elsevier,
L1,Engineering the future of polyhydroxyalkanoates (PHAs): Systematic design strategies for tailored PHA-based materials,Amirifar A.,Biochemical Engineering Journal,2026,10.1016/j.bej.2026.110326,Elsevier,
L1,Identification and characterisation of a novel polyesterase from Coniochaeta pulveracea CAB 683 and its synergistic potential in bioplastic hydrolysis,Vezzini D.,Bioresource Technology,2026,10.1016/j.biortech.2026.135286,Elsevier,
L1,"Fully renewable and chemically recyclable copolyesters derived from 2,5-furandicarboxylic acid and 2,5-tetrahydrofurandimethanol with enhanced mechanical, gas barrier and UV-shielding properties",Li C.,Polymer Degradation and Stability,2026,10.1016/j.polymdegradstab.2026.112270,Elsevier,
L1,Photothermal co-pyrolysis of peanut shell and plastics: Efficacy of potash catalyst on oil component selectivity and char property,Shagali A.A.,Journal of Analytical and Applied Pyrolysis,2026,10.1016/j.jaap.2026.108000,Elsevier,
L1,Fibers/nanofibers from hybrid biopolymeric systems: Tailoring blending strategies for enhanced electrospinning in sustainable food packaging,Yang T.,Advances in Colloid and Interface Science,2026,10.1016/j.cis.2026.103952,Elsevier,
L1,Waste-PET-derived rigid–flexible copolyesters with tunable ordered structures and enhanced mechanical and gas-barrier properties,Liu A.,Polymer,2026,10.1016/j.polymer.2026.130500,Elsevier,
L1,Fumarate-based copolyesters with long-term stability and temperature-gated enzymatic degradation,Liang P.,Journal of Hazardous Materials,2026,10.1016/j.jhazmat.2026.143008,Elsevier,
L1,Mimicking the human stratum corneum barrier: a biomimetic brick-and-mortar model for in vitro permeation study,Liu B.,Biofabrication,2026,10.1088/1758-5090/ae7207,Elsevier,
L1,Multisite noncovalent hydrogen-bonding interactions enable synergistic activation for efficient depolymerization of waste polyesters,Xiong N.,Journal of Catalysis,2026,10.1016/j.jcat.2026.117055,Elsevier,
L1,Comparative enzymatic degradation of poly(diethylene furanoate)-based block copolymers with polylactide or polycaprolactone,Molnár J.R.,Polymer Degradation and Stability,2026,10.1016/j.polymdegradstab.2026.112260,Elsevier,
L1,Degradable porous PLGA/PCL membrane enable a lung alveoli-on-a-chip for modeling particulate-induced alveolar injury,Choi J.W.,Biofabrication,2026,10.1088/1758-5090/ae9402,Elsevier,
L1,"High-Molecular-Weight Isodimorphic Copolyesters with Tunable Ductility, Barrier Performance, and Adhesive Behavior",Torres-Rodríguez J.,ACS Sustainable Chemistry and Engineering,2026,10.1021/acssuschemeng.6c04613,Elsevier,
L1,"Chemical recycling and repolymerization of poly(ethylene terephthalate), poly(ethylene furanoate), and their copolyesters",Välinen L.,Rsc Advances,2026,10.1039/d6ra02625g,Elsevier,
L1,Multi-Response Optimization of Bio-Based Knitted Fabrics for Moisture Management and UV Protection,Duru S.C.,Circular Economy and Sustainability,2026,10.1007/s43615-026-01047-2,Elsevier,
L1,Spunlace Nonwoven Wipes with Improved Functional and Antimicrobial Performance for Incontinence Application,Kumar T.,Fibers and Polymers,2026,10.1007/s12221-026-01447-z,Elsevier,
L1,Electrochemically Controlled Copolymerization of Lactones for Block Polyesters,Sun X.,ACS Sustainable Chemistry and Engineering,2026,10.1021/acssuschemeng.6c01732,Elsevier,
L1,Molecular Engineering of Hard Segment Domains in Polyurethane Elastomers for Toughening Poly(Glycolic Acid),Dong Q.,Advanced Engineering Materials,2026,10.1002/adem.202503208,Elsevier,
L1,Development and characterisation of 3D printed short bamboo fibre-reinforced polyethylene terephthalate glycol (PETG) with added charred coconut shell additive,N S.,Rapid Prototyping Journal,2026,10.1108/rpj-08-2025-0382,Elsevier,
L1,Toward Compostable Packaging: Biodegradable Polymer Blends with Biobased Components for Household Chemical Bottle-Layer Applications,Kowalczyk S.,ACS Omega,2026,10.1021/acsomega.5c10689,Elsevier,
L1,Coaxially Electrospun Myocardial dECM- Based Nanofibrous Scaffolds Demonstrate Enhanced Cardiomyocyte Biocompatibility,Rajapakse D.N.,Advanced Healthcare Materials,2026,10.1002/adhm.202503928,Elsevier,
L1,Unique Hierarchical Mesostructures Arising from Biobased Double-Crystalline PLLA-b-PHDO-b-PLLA ABA Triblock Copolymers,Kilens F.,Biomacromolecules,2026,10.1021/acs.biomac.6c00880,Elsevier,
L1,Biodegradable nanofibrous drug-eluting seed for sustained intratumoral immunotherapy,Manfredi F.,Journal of Controlled Release,2026,10.1016/j.jconrel.2026.115004,Elsevier,
L1,Comparative analysis of heat and moisture transport in cross-tuck knitted structures using Tukey test,Fatima F.,International Journal of Clothing Science and Technology,2026,10.1108/ijcst-08-2025-0140,Elsevier,
L1,"Reactive Compatibilization and Biaxial Stretching of Poly(glycolic Acid)/Polycaprolactone Films for High Strength, Toughness, Barrier, and Transparency",Liu J.,Industrial and Engineering Chemistry Research,2026,10.1021/acs.iecr.6c02120,Elsevier,
L1,"Poly(butylene isophthalate-co-2,5-furandicarboxylate): Toward sustainable and moisture-resistant monolayer food packaging",Venturi M.,Materials Today Chemistry,2026,10.1016/j.mtchem.2026.103793,Elsevier,
L1,Predicting the elastic modulus of fibrous networks: A micromechanical scaling approach,Bonfiglio P.,Journal of the Acoustical Society of America,2026,10.1121/10.0044387,Elsevier,
L1,Architecture-Dependent Thermal Decomposition of RAFT-Modified Polypropylene Glycol Maleate-Acrylic Acid Copolymers: Results of TG–MS and Kinetic Analysis,Sarsenbekova A.Z.,Polymers,2026,10.3390/polym18131599,Elsevier,
L1,Comprehensive study on comfort of ecofriendly cellulose diacetate fiber blend fabric,Guan X.,Textile Research Journal,2026,10.1177/00405175251340260,Elsevier,
L1,Structure–property relationships in melt-synthesized poly(butylene succinate-co-suberate) copolyesters: influence of suberic acid content on crystallization and mechanical performance,Weber M.,Polymer,2026,10.1016/j.polymer.2026.130091,Elsevier,
L1,Upcycling waste PET into functional multiblock copolymers through controlled macromolecular design,Watson-Sanders S.,Green Chemistry,2026,10.1039/d6gc01907b,Elsevier,
L1,Relationships Between Sequential Structure and Physicochemistry Performance for CO2-Derived Semi-Aromatic Poly(Carbonate-Ester) Terpolymers,Zhao X.,Journal of Polymer Science,2026,10.1002/pola.70153,Elsevier,
L1,"Synthesis, physical properties and hydrolytic degradation of novel biobased poly(hexamethylene furandicarboxylate-co-oxalate) copolyesters",Feng S.,Polymer,2026,10.1016/j.polymer.2026.130071,Elsevier,
L1,Component-Resolved Kinetics of Low-Temperature Disperse Dyeing in Chemically Modified PET/Spandex Blends,Rahman M.M.,Fibers and Polymers,2026,10.1007/s12221-026-01409-5,Elsevier,
L1,Hierarchical Structured Poly (Butylene Adipate-Co-Terephthalate) Composites for Biodegradable Mulch Films with High Water Vapor Barrier and Aging Resistance,Zhu L.,Engineered Science,2026,10.30919/es2298,Elsevier,
L1,"Sustainable and High-Performance Food-Packaging Films from Poly(butylene 2,5-furanoate) and Poly(pentamethylene 2,5-furanoate) Blends",Palumbo A.,Polymers,2026,10.3390/polym18111372,Elsevier,
L1,Cushion-and-preserve: A biodegradable copolyester/montmorillonite elastomer with programmed ClO2 delivery for extended shelf life,Tang L.,Applied Food Research,2026,10.1016/j.afres.2026.102077,Elsevier,
L1,Interfacial enhancement and stiffness–toughness balance in MDI-compatibilized PBAT/sc-PLA blends,Shi L.,International Journal of Biological Macromolecules,2026,10.1016/j.ijbiomac.2026.152430,Elsevier,
L1,Synthesis and anti-cancer drug loading properties of acetylated dextran-grafted lysine-arginine-based polyesteramide comb graft copolymer micelles,Zhao Y.,International Journal of Biological Macromolecules,2026,10.1016/j.ijbiomac.2026.152267,Elsevier,
L1,Enhancing flexibility and antibacterial properties of PLA fibers via blending with PLA-based polyurethane and surface modification with ε-polylysine,Zhang Z.,International Journal of Biological Macromolecules,2026,10.1016/j.ijbiomac.2026.152536,Elsevier,
L1,Biofilm Formation on Different Fabrics in the Presence of Sweat,Dixit S.,Indian Journal of Microbiology,2026,10.1007/s12088-024-01409-0,Elsevier,
L1,Hyperspectral Detection and Classification of Stain-Contaminated Waste Textiles,Zou J.,Coatings,2026,10.3390/coatings16060629,Elsevier,
L1,Cashew gum-assisted polylactic acid/polypyrrole nanocomposite films loaded with zinc oxide nanoparticles: A sustainable route toward high-performance biohybrids,Kalladi A.J.,International Journal of Biological Macromolecules,2026,10.1016/j.ijbiomac.2026.152663,Elsevier,
L1,Evaluating the Effects of Poly(ε-Caprolactone)-Nanohydroxyapatite Composition on 3D-Printed Scaffold Structural Properties,Kennedy M.M.,Journal of Biomedical Materials Research Part A,2026,10.1002/jbm.a.70094,Elsevier,
L1,Microplastics in the air and potential health risks – a narrative review,Joss M.K.,Swiss Medical Weekly,2026,10.57187/4935,Elsevier,
L1,PEG-b-PCL Micelles as Nanocarriers for Poorly Soluble Benzimidazoles: A Comparative Study of Albendazole and Fenbendazole,Bryaskova R.,Molecules,2026,10.3390/molecules31122070,Elsevier,
L1,Reactive Compatibilization Enabled Structure and Property Optimization of Poly(lactic acid)/Poly(3-hydroxybutyrate-co-4-hydroxybutyrate) Blend Films via Biaxial Stretching and Annealing,Xiao B.,Macromolecules,2026,10.1021/acs.macromol.6c00221,Elsevier,
L1,Sprayable Polymer Blends With Short-Chain Surface Segregation for Preventing Postoperative Abdominal Adhesions,Morris R.J.,Advanced Healthcare Materials,2026,10.1002/adhm.202505289,Elsevier,
L1,"Functionalized Nanocrystalline Cellulose Reinforced PLA/PHBH Blend Films: Assessment of Mechanical, Thermal and Barrier Properties for Sustainable Packaging Applications",Sahoo B.L.,Journal of Applied Polymer Science,2026,10.1002/app.70633,Elsevier,
L1,Epoxidized Safflower Oil–Mediated Reactive Compatibilization for High-Performance PLA/PBAT Blown Film,Natanahally Rajegowda A.,Journal of Polymer Science,2026,10.1002/pola.70117,Elsevier,
L1,Closed-Loop Recycling of Poly(pentylene Adipate-co-Terephthalate) via Amine-Catalyzed Methanolysis,Aboukeila H.,Chemsuschem,2026,10.1002/cssc.70664,Elsevier,
L1,One-pot synthesis of carbon dioxide-based polyester-b-polycarbonate copolymers with high heat resistance and superior gas barrier properties,Yue S.,Polymer,2026,10.1016/j.polymer.2026.129910,Elsevier,
L1,"Synthesis, physical properties and enzymatic degradation of novel biobased Poly(butylene succinate)-b-poly(diethylene glycol 2,5-furandicarboxylate) multiblock copolyesters",Yang H.,Polymer,2026,10.1016/j.polymer.2026.129970,Elsevier,
L1,3D Printing and Electrospinning of PLLA-co-CL/PDLA Blends as Potential Materials for Cardiovascular Implants,Alkhamis H.,ACS Biomaterials Science and Engineering,2026,10.1021/acsbiomaterials.6c00151,Elsevier,
L1,"Synergistic Effects of Phosphorus, Acrylic, and Garnet on the Performance of Polyurethane Coatings",Umasankar P.,Journal of Applied Polymer Science,2026,10.1002/app.70589,Elsevier,
L1,Molecular design of a “soft–hard–soft” bio-based compatibilizer to create reinforced interfacial gradients in Poly(lactic acid) (PLA) blends,Zhan C.,Polymer,2026,10.1016/j.polymer.2026.129865,Elsevier,
L1,Synthesis of high-molecular-weight poly(ethylene oxalate-co-terephthalate) via a temperature-matching melt polymerization strategy,Wang J.,European Polymer Journal,2026,10.1016/j.eurpolymj.2026.114680,Elsevier,
L1,Organic blend films based on metal phthalocyanines deposited by MAPLE on rigid and flexible substrates for optoelectronic applications,Socol M.,Applied Physics A Materials Science and Processing,2026,10.1007/s00339-026-09600-4,Elsevier,
L1,Double emulsion-based encapsulation of iron in amphiphilic block copolymer nanocarriers for controlled release,Camacho V.,Journal of Biomaterials Applications,2026,10.1177/08853282251393482,Elsevier,
L1,Ex Vivo Characterization and In Vivo Nasal Delivery of Ropinirole-Loaded PEO-b-PCL/Tween 80/β-Cyclodextrin Systems in C57BL/6J Mice,Saitani E.M.,Molecules,2026,10.3390/molecules31091405,Elsevier,
L1,Poly(lactic acid)–poly(ethylene glycol) asymmetric membranes with enhanced hemocompatibility and gas exchange performance for artificial oxygenation,Zhang X.,International Journal of Biological Macromolecules,2026,10.1016/j.ijbiomac.2026.152057,Elsevier,
L1,Stereochemically-Controlled Fluorinated Copolymers for Selectively Permeable Barrier Applications,Bu Y.,Advanced Functional Materials,2026,10.1002/adfm.202531526,Elsevier,
L1,"Dynamics in renewable sourced random poly(trimethylene 2,5-furanoate-co-trimethylene suberate) copolymers: ambient-pressure fragility and compensation law in secondary relaxations",Zubkiewicz A.,Physical Chemistry Chemical Physics,2026,10.1039/d5cp03981a,Elsevier,
L1,Ring-opening (co)polymerization of macrolactones catalyzed by a simple organoaluminum complex of MeAl(BHT)2,Han R.,Polymer Chemistry,2026,10.1039/d6py00054a,Elsevier,
L1,Tailoring biodegradable copolyesters from bis(2-hydroxyethyl) terephthalate and aliphatic dicarboxylic acids: Toward sustainable packaging materials,Shin H.,Sustainable Materials and Technologies,2026,10.1016/j.susmat.2026.e01868,Elsevier,
L1,Alkaline deweighting process and mechanical properties of sea-island filament base fabrics for synthetic leather,Zhao L.,Fangzhi Xuebao Journal of Textile Research,2026,10.13475/j.fzxb.20250702401,Elsevier,
L1,"High Glass Transition Temperature Copolyesters from Biobased 2,5-Thiophenedicarboxylic Acid with Excellent Mechanical Properties",Jiang X.,Biomacromolecules,2026,10.1021/acs.biomac.5c02589,Elsevier,
L1,Investigation of Novel Antiproliferative Drugs Interaction with mPEG2k-PCLy Copolymers Using Molecular Dynamics Simulation Approach,Solórzano-Acevedo K.,Journal of Chemical Information and Modeling,2026,10.1021/acs.jcim.5c02581,Elsevier,
L1,PLA-Derived High-Barrier Slow-Release Antibacterial Film: Industrial-Scale Preparation and Enhanced Preservation of Salmon,Yang Z.,Journal of Food Science,2026,10.1111/1750-3841.71003,Elsevier,
L1,Biobased Random Copolymers From Furandicarboxylic Acid Isomers: Proof of Concept for an Integrated Biorefinery Approach Toward Outstanding Sustainable Food Packaging,Bianchi E.,Global Challenges,2026,10.1002/gch2.202600003,Elsevier,
L1,Wet-stable PLGA–PCL electrospun membranes as synthetic scaffolds for corneal applications,Navarrete D.V.,Biomedical Materials Bristol,2026,10.1088/1748-605x/ae57f1,Elsevier,
L1,Advancing Sterilization of Medical Implant Polymers: Novel Low-Temperature Deep-vacuum Vaporized H2O2 Technology Surpasses Current Methods,Nallathambi A.,Pharmaceutical Research,2026,10.1007/s11095-026-04063-x,Elsevier,
L1,Starch-grafted poly(ɛ-caprolactone) nanofibrous membranes for wound healing and pH-triggered drug delivery,V.S. S.,International Journal of Biological Macromolecules,2026,10.1016/j.ijbiomac.2026.151649,Elsevier,
L1,"Printable concrete with multi-source recycled aggregates: particle packing design, rheological behavior, and 3D printing validation",Silva G.,Materials and Structures Materiaux Et Constructions,2026,10.1617/s11527-026-03063-y,Elsevier,
L1,Design and characterization of intravitreal bevacizumab-loaded PLGA nanoparticles: pharmacokinetic and biodistribution impact,Varela-Fernández R.,Drug Delivery and Translational Research,2026,10.1007/s13346-025-01891-z,Elsevier,
L1,Abrasion-Resistant Composite Materials With Functional Properties,Magdiyev S.,Aip Conference Proceedings,2026,10.1063/5.0317228,Elsevier,
L1,Multifunctional Recombinant Human Collagen-Based Janus Membrane to Tailor Cell Microenvironment for Guided Bone Regeneration,Huang J.,Small,2026,10.1002/smll.202513419,Elsevier,
L1,The Phase Structure and Properties of Polyurethanes Based on Polycaprolactone Block Copolymers Dangling Side-Chain PEG,Tang Q.,Biomacromolecules,2026,10.1021/acs.biomac.5c02518,Elsevier,
L1,High-Strength Degradable Transparent Bio-Electronics Enabled by Confined Crystallization in Aligned Nanofibers for AI-Assisted Motion Sensors,Pan C.,Small,2026,10.1002/smll.202509404,Elsevier,
L1,Investigating the role of chemically modified PET in enhancing the properties of green concrete with nano silica under freeze-thaw conditions,Bagheri H.,Results in Engineering,2026,10.1016/j.rineng.2025.108527,Elsevier,
L1,Achieving Simultaneous High Thermal Stability and Rapid Seawater Degradation in Poly(butylene succinate-co-glycolide) Copolyesters,Wang Y.H.,Chinese Journal of Polymer Science English Edition,2026,10.1007/s10118-025-3535-z,Elsevier,
L1,MgAl-mixed metal oxides with abundant oxygen vacancies for efficient PET glycolysis,Pang X.,Chemical Engineering Science,2026,10.1016/j.ces.2025.123104,Elsevier,
L1,"Preparation, characterization and properties of PPC-based fully biodegradable ternary blends for sustainable packaging application",Chen Y.,Rsc Applied Polymers,2026,10.1039/d5lp00274e,Elsevier,
L1,Textile Transformation: Unveiling the Impact of a Functional Polymer Treatment on Sports Clothing Fabrics,Di Domenico I.,Textiles Switzerland,2026,10.3390/textiles6010026,Elsevier,
L1,"Green synthesis of nano pyrazolone disperse reactive dyes containing sulfonyl ethyl hydrogen sulfate group and their effect in dyeing performance and biological activity on pure, blend and modified fabrics",Rizk H.F.,Dyes and Pigments,2026,10.1016/j.dyepig.2025.113339,Elsevier,
L1,Investigation of gamma radiation absorption parameters and comfort properties of woven fabrics with hybrid yarns containing Haynes 25/L625 alloy,Şahin M.C.,European Physical Journal Plus,2026,10.1140/epjp/s13360-026-07407-z,Elsevier,
L1,Antioxidant and antimicrobial films for sustainable food packaging based on mushroom waste biomass,Hernández-García E.,Food Hydrocolloids,2026,10.1016/j.foodhyd.2025.111836,Elsevier,
L1,"Fibre-to-Fibre Recycling in Textiles: Strategies, Limitations and Industrial Perspectives",Silva A.C.,Textiles Switzerland,2026,10.3390/textiles6010030,Elsevier,
L1,Multifunctional bilayer scaffold for dental pulp protection and sustained calcium hydroxide release for mineralized tissue regeneration,Anselmi C.,Biomaterials,2026,10.1016/j.biomaterials.2025.123700,Elsevier,
L1,CO2-Based ABA Triblock Thermoplastic Elastomer with Readily Adjustable Performance,Zhang T.,Macromolecules,2026,10.1021/acs.macromol.5c02409,Elsevier,
L1,"Improved properties of biodegradable poly(ethylene adipate-co-terephthalate) (PEAT)/thermoplastic starch (TPS) composite films via chemical crosslinking: Enhanced mechanical properties, water-oxygen barrier performance, and compatibility",Chen L.,Polymer,2026,10.1016/j.polymer.2026.129614,Elsevier,
L1,Preparation of Copolyester PESG and Its Properties by CHDM Modified PES,Wang S.,Journal of Applied Polymer Science,2026,10.1002/app.70020,Elsevier,
L1,"Optimization of intermolecular interactions in poly(propylene 2,4-furanoate) copolymers: an ecodesign case study towards high-performance, biobased, biodegradable food packaging",Bianchi E.,European Polymer Journal,2026,10.1016/j.eurpolymj.2025.114480,Elsevier,
L1,Development and characterisation of a thermoreversible sol–gel for intranasal delivery of MRI and PET imaging agents,Almahmoud A.,International Journal of Pharmaceutics,2026,10.1016/j.ijpharm.2025.126517,Elsevier,
L1,Effects of hydrophobic chain lengths on the structure and properties of polymeric micelles: experimental and simulation studies,Sun M.,International Journal of Pharmaceutics,2026,10.1016/j.ijpharm.2025.126550,Elsevier,
L1,Synthesis and characterization of poly (butylene adipate-co-phenylsuccinate-co-terephthalate) (PBAPT) with good mechanical properties and excellent water vapor barrier,He X.,Journal of Polymer Research,2026,10.1007/s10965-026-04759-z,Elsevier,
L1,Investigation of the chemical and thermomechanical stability of poly(ethylene terephthalate) during chemical separation from elastane-containing textile waste,Vonbrül L.,Polymer Degradation and Stability,2026,10.1016/j.polymdegradstab.2025.111846,Elsevier,
L1,Biobased copolyesters derived from long-chain dicarboxylic acid with high water barrier and controlled degradability via incorporation of spiroglycol,Liu K.,Polymer Degradation and Stability,2026,10.1016/j.polymdegradstab.2025.111806,Elsevier,
L1,"Ecofriendly synthetic strategies for the realization of FDCA-based polymer films for sustainable, flexible and recyclable/compostable food packaging",Guidotti G.,Polymer Degradation and Stability,2026,10.1016/j.polymdegradstab.2025.111792,Elsevier,
L1,Development of an Insulin-Permeable Hydrogel Membrane Based on Photocrosslinkable Poly(2-Alkyl-2-Oxazoline)s,Ibragimova A.,Macromolecular Materials and Engineering,2026,10.1002/mame.202500300,Elsevier,
L1,"Poly (butylene adipate-co-terephthalate) (PBAT) and functional blends: Applications, performance tuning, and emerging directions",Ardabili T.F.,Materials and Design,2026,10.1016/j.matdes.2026.115515,Elsevier,
L1,Fabrication of Highly Conductive Inkjet Printing Silver Nanoparticle Ink via a Synergistic Strategy Combining Centrifugal Classification and Dispersant Optimization,Zhou G.X.,Materials,2026,10.3390/ma19030628,Elsevier,
L1,"Valorization of Biodiesel Waste, Glycerine Pitch as a Substrate for Poly(3-Hydroxybutyrate-co-3-Hydroxyvalerate) Biosynthesis",Kakar R.,Biotechnology and Applied Biochemistry,2026,10.1002/bab.70011,Elsevier,
L1,Charge-reversal nanoassembly for rheumatoid arthritis therapy via cell-free DNA scavenging and microenvironment reprogramming,Peng C.,Biomaterials,2026,10.1016/j.biomaterials.2025.123591,Elsevier,
L1,Long-term skin quality and scar formation after enzymatic debridement of deep-dermal burn wounds: A follow-up comparative study of Suprathel® and Jelonet®,Heitzmann W.,Burns,2026,10.1016/j.burns.2025.107803,Elsevier,
L1,Diabetic Socks: A Systematic Review of the Literature and Commercially Available Products,Venkatraman P.D.,Diabetes Metabolism Research and Reviews,2026,10.1002/dmrr.70138,Elsevier,
L1,Injectable smart hydrogel with dual pH/thermal responsiveness: A PCL–PEG–PCL/niosome synergistic platform for precision drug delivery,Davarpanah F.,Biomaterials Advances,2026,10.1016/j.bioadv.2025.214527,Elsevier,
L1,"Toward Sustainable Packaging: A Toughened and Chemically Recyclable Biobased Poly(ethylene-co-1,4-cyclohexanedimethylene 2,5-furandicarboxylate) Copolyester with Balanced Barrier and UV-Blocking Properties",Tu Z.,ACS Applied Polymer Materials,2026,10.1021/acsapm.5c03862,Elsevier,
L1,Chemically recyclable films from thermoplastic ABA-triblock copolymers containing polylactide A-blocks and easily degradable polydioxolane B-block - towards the novel type of sustainable plastics,Cichoń K.,Polymer,2026,10.1016/j.polymer.2025.129501,Elsevier,
L1,Exploring structure influence of mPEG-PLGA nanocarriers on their interaction with physiopathological barriers in the lung and anti-lung cancer effect,Liu Q.,International Journal of Pharmaceutics,2026,10.1016/j.ijpharm.2025.126484,Elsevier,
L1,"Biodegradable polyester-polycarbonate copolymers from thiophenedicarboxylic acid with high thermal, mechanical and gas barrier properties",Zhang X.,Chemical Engineering Journal,2026,10.1016/j.cej.2025.172398,Elsevier,
L1,Polymer vesicle microreactors produced using permeable polymer blocks: Circumventing complex functionality to impart membrane permeability,Rosso A.P.,Journal of Colloid and Interface Science,2026,10.1016/j.jcis.2025.139004,Elsevier,
L1,"Highly Tough, Barrier, and Biodegradable Copolyesters Synthesized from Furandicarboxylic Acid",Zhao J.,Biomacromolecules,2026,10.1021/acs.biomac.5c02108,Elsevier,
L1,"Influence of Clay Chemistry on the Microstructure, Water Sensitivity, and Home-Composting Disintegration of Protein-Rich Wheat Gluten–PBAT Blends",Lorenzo M.C.,ACS Applied Polymer Materials,2026,10.1021/acsapm.5c03815,Elsevier,
L1,Chemically Cross-Linked Nanocapsules from Terpolymers of Polyethylene Glycol-Polylactide with Cationic Pendent Groups for Pgp-siRNA and Doxorubicin Codelivery in Overcoming Multidrug Resistance in Breast Cancer,Lin Z.I.,Molecular Pharmaceutics,2026,10.1021/acs.molpharmaceut.4c00600,Elsevier,
L1,Bio-Based High Toughness and Gas Barrier Properties Copolyesters Synthesized From Furandicarboxylic Acid,Zhao J.,Journal of Applied Polymer Science,2026,10.1002/app.71244,Elsevier,
L1,Evaluation of multilayer fabrics for thermophysiological comfort and heat protection using merino wool,Purohit P.S.,Man Made Textiles in India,2026,,Elsevier,
L1,"An Inherently Flame-retardant Bio-based Poly(ethylene 2,5-furandicarboxylate) Copolyester with High Impact Toughness and UV Shielding",Jiang Q.,Chinese Journal of Polymer Science English Edition,2026,10.1007/s10118-025-3478-4,Elsevier,
L1,Dry-formed cellulose trays with biodegradable barrier coating for modified atmosphere packaging of chicken breast fillets,Lindstad A.J.,Food Packaging and Shelf Life,2026,10.1016/j.fpsl.2026.101709,Elsevier,
L1,Influence of Heat Treatment on the Retort Blushing Resistance of PET Film Laminated Steel Sheets,Hiraguchi T.,Tetsu to Hagane Journal of the Iron and Steel Institute of Japan,2026,10.2355/tetsutohagane.tetsu-2025-085,Elsevier,
L1,Eco-engineered nonwoven air filters from sansevieria trifasciata natural fibers reinforced with recycled polyester,Yasotha P.,Man Made Textiles in India,2026,,Elsevier,
L1,Recent Advances in Thermoplastic Starch (TPS) and Biodegradable Polyester Blends: A Review of Compatibilization Strategies and Bioactive Functionalities,Moreno-Bohorquez E.,Polymers,2026,10.3390/polym18020289,Elsevier,
L1,Development and characterization of sustainable safety gloves manufactured from recycled para-aramid blends,Qadir M.B.,International Journal of Occupational Safety and Ergonomics,2026,10.1080/10803548.2026.2633875,Elsevier,
L1,Bio-sourced methylenediphenol-aliphatic copolyesters: Synthesis from diester monomer to high-performance copolyesters,Zhou H.,Journal of Macromolecular Science Part A Pure and Applied Chemistry,2026,10.1080/10601325.2025.2587804,Elsevier,
L1,Non-leaching cationic nanofibers from chitosan-g-PCL copolymer: A structurally durable platform for biomedical applications,Ebrahimi A.,Carbohydrate Research,2026,10.1016/j.carres.2025.109767,Elsevier,
L1,Degradable polyester ternary blends: composition and hybrid compatibilization for flexible packaging,Menossi M.,Rsc Applied Polymers,2026,10.1039/d6lp00109b,Elsevier,
L1,Biobased Random Copolymers of Poly(Hexamethylene Furanoate) for Sustainable Food Packaging: Camphoric Acid as a Valuable Co-Monomer for Improved Mechanical Properties,Bianchi E.,Polymers,2026,10.3390/polym18020255,Elsevier,
L1,Impact of Polyester/Cotton Fabric Composition on the Controlled Release of Amoxicillin and Ginger Extract for Sustainable Wound Dressing Applications,Elrys S.M.M.E.,Egyptian Journal of Chemistry,2026,10.21608/ejchem.2026.444331.12660,Elsevier,
L1,Nanostructured Thermoplastic Elastomers Reinforced with Anatase TiO₂ for Offshore and Subsea Applications,Gonzalez D.F.,Proceedings of the International Offshore and Polar Engineering Conference,2026,,Elsevier,
L1,Synergistic HNT/GNP reinforcement in compatibilized RPET/PA-11 hybrid nanocomposites: Simultaneous gains in mechanical and thermal properties,Khan Z.I.,Polymer International,2026,10.1002/pi.70144,Elsevier,
L1,Synthesis and Characterization of Acrylate-Based Block and Block-Graft Copolymers Using Polyester-Based Macro-RAFT Agents Through Two-Step Polymerization and Assessment of One-Pot Epoxy Group Ring-Opening Modification,Göktaş M.,Polymer Engineering and Science,2026,10.1002/pen.70660,Elsevier,
L1,Performance analysis of knitted fabrics made from blended yarns with novel porous fibers,Wang K.,Journal of the Textile Institute,2026,10.1080/00405000.2026.2663738,Elsevier,
L1,Competing crystallization behaviors and microstructural evolution in poly(trimethylene terephthalate)/poly(butylene terephthalate) blends,Yizhong T.,Polymer International,2026,10.1002/pi.70120,Elsevier,
L1,Comparative Assessment of Sensory Comfort Properties Across Eco-Friendly Textile Materials for Apparel,Iftikhar F.,Journal of Natural Fibers,2026,10.1080/15440478.2025.2608721,Elsevier,
L1,“Synergistic Enhancement of Thermomechanical and Chemical Properties in Carbon Fiber-Reinforced Composites via Modified Polyester–Epoxy Hybrid Matrix”,Sheth M.,Polymer Plastics Technology and Materials,2026,10.1080/25740881.2026.2698039,Elsevier,
L1,INVESTIGATION OF THERMO-PHYSIOLOGICAL COMFORT PROPERTIES OF COMPOSITE YARN GLOVES,Hafsa J.,Journal of Advanced Manufacturing Technology,2026,,Elsevier,
L1,Recent advances in plastic upcycling enabled by dynamic covalent cross-linking strategies,Huang R.,Scientia Sinica Chimica,2026,10.1360/ssc-2025-0237,Elsevier,
L1,Engineering odor-control functional fabrics using activated carbons derived from textile wastes,Çetmeli Bakadur A.,International Journal of Clothing Science and Technology,2026,10.1108/ijcst-09-2025-0179,Elsevier,
L1,Eco-Friendly Polyurethane Binders from Castor and Linseed Oil Polyols Reinforced with Chitosan for Enhanced Pigment Printing Performance and Mechanical Properties of Textile Fabrics,Saad F.,Egyptian Journal of Chemistry,2026,10.21608/ejchem.2026.447059.12706,Elsevier,
L1,Crystallization in poly(l-Lactic Acid) Foams,Longo A.,Comprehensive Polymer Science,2026,10.1016/b978-0-323-95486-0.00077-6,Elsevier,
L1,"Cotton/Protex knitted multifunctional fabrics for undergarments with antibacterial, flame-retardant and thermal comfort properties",Abbas A.,International Journal of Occupational Safety and Ergonomics,2026,10.1080/10803548.2025.2540165,Elsevier,
L1,Study on the wear-ability of high-performance nylon/nylon/cotton woven fabrics based on core-wrapped composite yarn with double filament,Ye F.,Journal of the Textile Institute,2026,10.1080/00405000.2025.2561408,Elsevier,
L1,The effect of cryoprotectant and storage conditions on the aggregation of poly(ethylene glycol)-poly(α-benzyl carboxylate-ε-caprolactone) nanoparticles,Sarrami N.,Journal of Pharmacy and Pharmaceutical Sciences,2026,10.3389/jpps.2026.15721,Elsevier,
L1,Durable flame-retardant cotton fabric coatings based on cation-π interactions,Shi M.,Fangzhi Xuebao Journal of Textile Research,2026,10.13475/j.fzxb.20251102102,Elsevier,
L1,Preparation and in vivo effectiveness evaluation of heparin-loaded PLGA@PCL core-shell fiber small-diameter vascular grafts,Xiao Y.,Plos One,2026,10.1371/journal.pone.0337192,Elsevier,
L1,Biodegradable poly(CL-co-TOSUO)/curcumin membrane: Biocompatibility and IL-6 suppression in atherosclerosis-relevant macrophage inflammation,Chen D.,Journal of Biomaterials Applications,2026,10.1177/08853282251369236,Elsevier,
L1,"Structure, performance and tissue repair evaluation of biodegradable core-sheath fiber patch loaded with curcumin nano-micelles",Qi F.,Biomaterials Advances,2026,10.1016/j.bioadv.2025.214432,Elsevier,
L1,Extrusion Coating of Poly(Hydroxyalkanoates) (PHAs) and Blends: Modifying the Mechanical Properties and Water Vapor Barrier Performance,Toriseva J.,Journal of Applied Polymer Science,2025,10.1002/app.57851,Elsevier,
L1,"Novel biobased poly(trimethylene 2,5-furanoate-co-trimethylene dodecanedioate) PTFcoDod copolymers for sustainable packaging",Guidotti G.,Industrial Crops and Products,2025,10.1016/j.indcrop.2025.122378,Elsevier,
L1,Effect of carbodiimides on the compatibility and hydrolytic behavior of PLA/PBAT blends,Wang Y.,Green Materials,2025,10.1680/jgrma.24.00072,Elsevier,
L1,Efficient monomer-loop recycling of PELT copolyesters: Interplay of theoretical and experimental approaches,Zhu C.,Polymer Degradation and Stability,2025,10.1016/j.polymdegradstab.2025.111683,Elsevier,
L1,A novel PET-based copolyester with adjustable fluorescence and degradability,Gao M.,Chemical Engineering Journal,2025,10.1016/j.cej.2025.170720,Elsevier,
L1,Chemically and mechanically recyclable polyester-based multilayer plastics,Abdelwahab M.A.,Chemical Engineering Journal,2025,10.1016/j.cej.2025.169956,Elsevier,
L1,Lignin-Sourced Aromatics for Biodegradable Flexible Copolyesters Mimicking Poly(Butylene Adipate-co- Terephthalate),Nguyen T.T.,Chemsuschem,2025,10.1002/cssc.202501297,Elsevier,
L1,Synthesis of highly effective polyester/polyacrylate compatibilizers using switchable polymerization,Fu X.Y.,Nature Communications,2025,10.1038/s41467-025-57449-7,Elsevier,
L1,Development of the membrane ceiling method for in vitro spermatogenesis,Kamoshita M.,Scientific Reports,2025,10.1038/s41598-024-84965-1,Elsevier,
L1,Polycotton waste textile recycling by sequential hydrolysis and glycolysis,Leenders N.,Nature Communications,2025,10.1038/s41467-025-55935-6,Elsevier,
L1,Study on Hydrolytic Degradation of Polyester and Polyamide in Basic Solutions at High Temperatures,Fan H.,Polymers,2025,10.3390/polym17233090,Elsevier,
L1,Polybutylene succinate film incorporating essential oil as active packaging materials to prolong tomatoes shelf-life,Barrino F.,Applied Food Research,2025,10.1016/j.afres.2025.101360,Elsevier,
L1,Poly(3-hydroxybutyrate-co-3-hydroxyvalerate) modified with toughening agents and surface treated by atmospheric cold plasma for tissue engineering,Panaitescu D.M.,International Journal of Biological Macromolecules,2025,10.1016/j.ijbiomac.2025.148780,Elsevier,
L1,Amphiphilic mPEG-PLGA copolymer nanoparticles co-delivering colistin and niclosamide to treat colistin-resistant Gram-negative bacteria infections,Yi K.,Communications Biology,2025,10.1038/s42003-025-08095-8,Elsevier,
L1,Real-time label-free imaging of living crystallization-driven self-assembly,Guo Y.,Nature Communications,2025,10.1038/s41467-025-57776-9,Elsevier,
L1,The effect of Fe3O4 biosynthesized through the green synthesis of Silybum marianum and HA in the targeted delivery of 5-Fluorouracil to HCT116 cell line,Mansuryar A.,Daru Journal of Pharmaceutical Sciences,2025,10.1007/s40199-025-00568-9,Elsevier,
L1,Enhanced skin cancer therapy using green synthesized titanium dioxide-polycaprolactone-chitosan nanostructure loaded with curcumin,Nazari Moghaddam S.,International Journal of Biological Macromolecules,2025,10.1016/j.ijbiomac.2025.149095,Elsevier,
L1,Synthesis of polyethylene-like aliphatic long-chain polyester from ring-opening polymerization of ω-dodecalactone macrolactone catalyzed by Lewis acid-base pair,Han R.,European Polymer Journal,2025,10.1016/j.eurpolymj.2025.114339,Elsevier,
L1,Cell membrane-inspired controllably degradable polyesters: High barrier and tailored oxidation responsiveness,Luan Q.,Chemical Engineering Journal,2025,10.1016/j.cej.2025.169264,Elsevier,
L1,Synthesis and characterization of poly(trimethylene terephthalate)-block-poly(tetramethylene glycol) copolymers,Dong H.,Fangzhi Xuebao Journal of Textile Research,2025,10.13475/j.fzxb.20250300101,Elsevier,
L1,Wearing performance of polyamide filament/cotton woven fabrics made from core spun-wrapped composite yarn,Yin W.,Fangzhi Xuebao Journal of Textile Research,2025,10.13475/j.fzxb.20250101901,Elsevier,
L1,An Evaluation of the Thermal Comfort Properties of Synthetic Fibers and Their Blends in Knitted Fabrics,Ananthi P.,Fibers and Polymers,2025,10.1007/s12221-025-01118-5,Elsevier,
L1,Rheological Assessment of Compatibility and Hydrolytic Degradation of Poly(glycolic Acid)/Poly(butylene succinate) (PGA/PBS) Blends,Zhao C.,Polymer Degradation and Stability,2025,10.1016/j.polymdegradstab.2025.111531,Elsevier,
L1,Triaxial Electrospun Nanofiber Membranes for Prolonged Curcumin Release in Dental Applications: Drug Release and Biological Properties,Tabakoglu S.,Molecules,2025,10.3390/molecules30214241,Elsevier,
L1,Modification of thermoplastic starch (TPS) with PLA and PCL via ring-opening polymerization (ROP): Comparative study of water solution and solvent-free approaches,Tutek K.,Industrial Crops and Products,2025,10.1016/j.indcrop.2025.121785,Elsevier,
L1,Preparation and Characterization of New pH-Sensitive Polyurethane Hydrogels as Anti-Cancer Drug Delivery Systems for 5-Fluorouracyl and Fluorodeoxyuridine,Sobczak M.,International Journal of Molecular Sciences,2025,10.3390/ijms262110258,Elsevier,
L1,Nanofibrillated cellulose-reinforced biopolymer nanocomposites for FDM 3D printing: From processing to biodegradation,Jeffri N.I.,International Journal of Biological Macromolecules,2025,10.1016/j.ijbiomac.2025.148273,Elsevier,
L1,Intranasal delivery of rapamycin via brain-targeting polymeric micelles for Alzheimer's disease treatment,Sugandhi V.V.,International Journal of Pharmaceutics,2025,10.1016/j.ijpharm.2025.126011,Elsevier,
L1,Visible-Light-Driven PET-RAFT Emulsion PISA of Biobased Graft Copolymers Toward Spherical Nanoparticle Formulation,Saye N.,Macromolecular Rapid Communications,2025,10.1002/marc.202500412,Elsevier,
L1,Diffusion Behavior of Polyethylene Furanoate (PEF) and Tritan as Sustainable Polyester Packaging Materials,Welle F.,Polymers,2025,10.3390/polym17192674,Elsevier,
L1,Recycling of unsorted post-consumer polyethylene and polyethylene terephthalate via mechanochemical compatibilization for food packaging,Lee S.,Sustainable Materials and Technologies,2025,10.1016/j.susmat.2025.e01562,Elsevier,
L1,Assessing mechanical recyclability of blown films and integration of PCR for high modulus uniaxially drawn PE film application,Guleria D.,Polymer Degradation and Stability,2025,10.1016/j.polymdegradstab.2025.111458,Elsevier,
L1,Post-mortem evidence of microplastic bioaccumulation in human organs: insights from advanced imaging and spectroscopic analysis,Dzierżyński E.,Archives of Toxicology,2025,10.1007/s00204-025-04092-2,Elsevier,
L1,Redox-triggered hyaluronic acid polymersomes for co-delivery of methotrexate and curcumin to breast cancer cells,Ahrar S.,International Journal of Biological Macromolecules,2025,10.1016/j.ijbiomac.2025.147232,Elsevier,
L1,Structure–Property Optimization in High-Barrier Polyglycolic Acid/Polyamide 6 Blends: Achieving Concurrent High Strength and Toughness,Chu X.,ACS Applied Polymer Materials,2025,10.1021/acsapm.5c02576,Elsevier,
L1,Zwitterionic Sulfadiazine-Based Micelle Achieves Effective Drug Delivery to Glioblastoma by Overcoming Multiple Biological Barriers,Zheng K.,Journal of the American Chemical Society,2025,10.1021/jacs.5c10422,Elsevier,
L1,Epoxy/Polycaprolactone (PCL) adhesives cured with ionic liquids: Study of crosslinking and interchange reactions,Razquin I.,Polymer,2025,10.1016/j.polymer.2025.128808,Elsevier,
L1,DEVELOPMENT AND PERFORMANCE EVALUATION OF HIGH TEMPERATURE AND HIGH PRESSURE POLYESTER FLOATING AGENT INFOR OFFSHORE OILFIELD,Wen H.,Speciality Petrochemicals,2025,10.20075/j.cnki.issn.1003-9384.2025.05.004,Elsevier,
L1,"Fully Biobased Copolyesters from 2,5-Furandicarboxylic Acid and Vegetable Oil-Derived Dimer Fatty Acid: Toward Sustainable Thermoplastic Elastomers with Tunable Properties",Jiang J.,Industrial and Engineering Chemistry Research,2025,10.1021/acs.iecr.5c01630,Elsevier,
L1,"Exploring the Impact of Hydrogen Bonds on Poly(ethylene 2,5-furandicarboxylate) (PEF) Modification: Enhancing the PEF Properties through Copolymerization with 5-Hydroxyisophthalic Acid (5-HIPA)",Liang J.,ACS Applied Polymer Materials,2025,10.1021/acsapm.5c01295,Elsevier,
L1,"Synthesis and antistatic property of poly(ethylene 2,5-furandicarboxylate) (PEF) and sulfonated PEF",Zhang J.,Polymer,2025,10.1016/j.polymer.2025.128750,Elsevier,
L1,Impact of water content on the pyrolysis mechanism and air pollution of polyester/cotton mixtures,Qi Y.,Journal of Silk,2025,10.3969/j.issn.1001-7003.2025.10.009,Elsevier,
L1,"A Novel Bio-Based Copolyester Elastomer—Itaconic Acid Modifying Poly(Butylene 2,5-Furandicarboxylate)",Wang Z.,Journal of Applied Polymer Science,2025,10.1002/app.57314,Elsevier,
L1,Cyclization of L-(-)-arabitol as a cyclic building block in poly(butylene succinate) copolymer,Kunthong T.,Polymer Degradation and Stability,2025,10.1016/j.polymdegradstab.2025.111384,Elsevier,
L1,Structure–property of copolyesters with potential applications in optical communication,Pan J.,Journal of Polymer Research,2025,10.1007/s10965-025-04512-y,Elsevier,
L1,Bio-based PFA polymer: Achieving high toughness of polylactic acid (PLA) via copolymerization with poly(pentanediol furandicarboxylate),Lin Y.,International Journal of Biological Macromolecules,2025,10.1016/j.ijbiomac.2025.146460,Elsevier,
L1,"Structure–Property Relationships of Renewable Ternary Polyesters Derived from Vanillin-Based Methyl Ester, Aliphatic Diacids, and Phenol Ether-Based Diols",Li S.,Journal of Polymers and the Environment,2025,10.1007/s10924-025-03643-z,Elsevier,
L1,Novel Poly(butylene succinate-dilinoleic succinate) Films in Packaging Systems for Fresh Cut Chicory,Macieja S.,Coatings,2025,10.3390/coatings15091095,Elsevier,
L1,PHA/PBAT biocomposites reinforced with rice straw lignocellulosic macromolecules: Decoding structure-property relationships through filler size and concentration,Cabrera-Villamizar L.,International Journal of Biological Macromolecules,2025,10.1016/j.ijbiomac.2025.146804,Elsevier,
L1,Enhancing the compatibility and ductility of poly(lactic acid) and poly(ethylene oxide) blends by a multi-epoxy compatibilizer,Chang D.,International Journal of Biological Macromolecules,2025,10.1016/j.ijbiomac.2025.146738,Elsevier,
L1,Enabling waterless polycotton textile waste recycling via controlled partial depolymerization of polyester,Gupta N.,Resources Conservation and Recycling,2025,10.1016/j.resconrec.2025.108512,Elsevier,
L1,A Versatile Molecular Dynamics Force Field for Modelling Polyhydroxyalkanoate Structure and Barrier Properties,Middleton N.,Macromolecular Theory and Simulations,2025,10.1002/mats.202500048,Elsevier,
L1,ML228-loaded nanoparticles with platelet membrane coating promote endothelialization of vascular grafts by enhancing HIF-1α expression,Wang R.,Colloids and Surfaces B Biointerfaces,2025,10.1016/j.colsurfb.2025.114756,Elsevier,
L1,Investigation of the protein corona and biodistribution profile of polymeric nanoparticles for intra-amniotic delivery,Lynn A.Y.,Biomaterials,2025,10.1016/j.biomaterials.2025.123238,Elsevier,
L1,"Influence of the Saccharide Structure on Cargo Loading, Thermal Properties, and Lectin Binding of Amphiphilic Glycopolymer-Polylactic Acid Block Copolymer Nanoparticles",Green K.A.,Bioconjugate Chemistry,2025,10.1021/acs.bioconjchem.5c00217,Elsevier,
L1,Synthesis and Characterization of a Novel Membrane Based on Poly (2-Ethyl Oxazoline) and Poly (Propylene) Graft Copolymer for Potential Food Packaging and Medical Applications,Hazer B.,ACS Omega,2025,10.1021/acsomega.5c00605,Elsevier,
L1,Reactive Extrusion of Polyethylene Terephthalate/Polyethylene Furanoate Copolyesters: Structure–Property Relationships for Rigid Packaging,Riaz O.,ACS Applied Polymer Materials,2025,10.1021/acsapm.5c01601,Elsevier,
L1,Metal-Salphen covalent organic polymers for bifunctional electrocatalytic ammonia synthesis and oxygen evolution,Zhao J.,Applied Catalysis A General,2025,10.1016/j.apcata.2025.120369,Elsevier,
L1,"Synthesis and properties of 1,4-benzenedimethanol-modified PBAT copolyesters",He X.,Colloid and Polymer Science,2025,10.1007/s00396-025-05434-3,Elsevier,
L1,Comparative study of packaging performance: Thermoplastic starch blends and polyester blends for biodegradable personal care packaging,Azimi N.R.,International Journal of Biological Macromolecules,2025,10.1016/j.ijbiomac.2025.145739,Elsevier,
L1,Assessing the role of biodegradable polymer composites in mitigating insect infestations of pearl millet: Focus on polylactic acid and polybutylene adipate terephthalate with phytochemicals,Prabhakar P.R.,International Journal of Biological Macromolecules,2025,10.1016/j.ijbiomac.2025.145447,Elsevier,
L1,High-performance biodegradable poly(lactic acid) composites with xylan and lignin copolymer,Cho Y.,International Journal of Biological Macromolecules,2025,10.1016/j.ijbiomac.2025.145985,Elsevier,
L1,Enhancement of Stability Towards Aging and Soil Degradation Rate of Plasticized Poly(lactic Acid) Composites Containing Ball-Milled Cellulose,Capuano R.,Polymers,2025,10.3390/polym17152127,Elsevier,
L1,Effects of LinTT1-peptide conjugation on the properties of poly(ethylene glycol)-block-(ε-caprolactone) nanoparticles prepared by the nanoprecipitation method,Känkänen V.,Drug Delivery and Translational Research,2025,10.1007/s13346-024-01768-7,Elsevier,
L1,Enhancing stereocomplexation by the synergistic effect of D-mannitol and CO2 foaming: Toward high-performance and fully bio-based polylactic acid foams,Gao M.,International Journal of Biological Macromolecules,2025,10.1016/j.ijbiomac.2025.145637,Elsevier,
L1,Nopal mucilage-encapsulated poly (butylene adipate-co-terephthalate) nanoparticles for efficient gallic acid delivery in glioblastoma cells,Çakır D.,Journal of Drug Delivery Science and Technology,2025,10.1016/j.jddst.2025.107025,Elsevier,
L1,"Synthesis, Structures, and Properties of Bio-Based Elastomer Poly(Butylene 2,5-Thiophenedicarboxylate-Co-ε-Caprolactone)",Liang Y.,Journal of Applied Polymer Science,2025,10.1002/app.57093,Elsevier,
L1,Antistatic Easily-Dyeable Polyethylene Terephthalate Fabric via Eco-Friendly Plasma-Mediated Facile Tactic,Mowafi S.,Polymers for Advanced Technologies,2025,10.1002/pat.70249,Elsevier,
L1,INFLUENCE OF WASHING ON COMFORT PROPERTIES OF WOVEN FABRICS INTENDED FOR REUSABLE PROTECTIVE CLOTHING FOR MEDICAL PERSONNEL,Djordjic D.,Cellulose Chemistry and Technology,2025,10.35812/cellulosechemtechnol.2025.59.76,Elsevier,
L1,Synthesis and characterization of bio-based maltitol modified polybutylene terephthalate,Nie G.,Materials Today Communications,2025,10.1016/j.mtcomm.2025.113212,Elsevier,
L1,"Mechanically recycled textile fibers in carded and needle-punched non-wovens: Implications on processability, structure, and performance",Badara O.,Textile Research Journal,2025,10.1177/00405175241302482,Elsevier,
L1,Evaluation of Fire-Retardant Efficacy and Comfort Properties of Treated Polyester/Cotton and Polyester/Viscose Fabrics,Afkhami F.,Progress in Color Colorants and Coatings,2025,10.30509/pccc.2025.167452.1354,Elsevier,
L1,Polyester/cotton blended fabrics coated with natural rubber latex containing lignin nanoparticles and molybdenum disulfide nanosheets for medical and protective applications,Sethulekshmi A.S.,International Journal of Biological Macromolecules,2025,10.1016/j.ijbiomac.2025.144878,Elsevier,
L1,Study and Development of Natural Antibacterial Finished Milkweed and Milkweed/Recycled Hollow Polyester Blended Textile Materials using Senna Auriculata Component for Feminine Health and Hygiene Products,C R.k.,Fibers and Polymers,2025,10.1007/s12221-025-00987-0,Elsevier,
L1,Block copolymers: Efficient toughening agents for the preparation of 3D-printable high impact denture base materials,Fässler P.,Dental Materials,2025,10.1016/j.dental.2025.05.003,Elsevier,
L1,Electrospun poly(ester-carbonate)/poly(carbonate-urethane) membranes with controlled drug release for potential use in abdominal surgery,Wlodarczyk J.,European Journal of Pharmaceutical Sciences,2025,10.1016/j.ejps.2025.107105,Elsevier,
L1,Intrinsically flame-retardant and biodegradable DDP-based adhesives for wet environments,Jiang Q.,Chemical Engineering Journal,2025,10.1016/j.cej.2025.163938,Elsevier,
L1,Highly porous polysalicylates via Grignard reagent triggered “three-in-one” polyesterification and their high-loading nanocomposite membranes for gas separation,Zheng J.,Journal of Membrane Science,2025,10.1016/j.memsci.2025.124232,Elsevier,
L1,Mechanism of DNA and RNA degradation over a photoactive TiO2@SiO2-coated fabric,Solovyeva M.,International Journal of Biological Macromolecules,2025,10.1016/j.ijbiomac.2025.145089,Elsevier,
L1,Sorption of semi-volatile organic compounds to clothing textiles,Salthammer T.,Science of the Total Environment,2025,10.1016/j.scitotenv.2025.179578,Elsevier,
L1,"Density and Crystallinity Correlations: Enhancing Moisture Barrier Properties in Poly(l-Lactic Acid), Poly(d-Lactic Acid), and Stereocomplex-Poly(l,d-Lactic Acid) Films",Macnamara J.F.,Journal of Applied Polymer Science,2025,10.1002/app.56986,Elsevier,
L1,Imparting Marine Biodegradability to Poly(Ethylene Succinate) (PES) by Blending with a PES-Based Copolymer,Kumagai S.,ACS Applied Polymer Materials,2025,10.1021/acsapm.5c00486,Elsevier,
L1,How to sterilize biodegradable polymers? An in-depth characterization of effects of low energy electron beam irradiation (LEEI) and gamma irradiation on the molecular weight of poly(lactide-co-glycolide) films,Krieghoff J.,International Journal of Pharmaceutics,2025,10.1016/j.ijpharm.2025.125684,Elsevier,
L1,Characterization of Polymer Nanoparticles: An Educational Case Based on PEO-PCL Self-Assemblies Illustrating the Pitfalls to be Avoided,Gineste S.,Biomacromolecules,2025,10.1021/acs.biomac.5c00165,Elsevier,
L1,Additive-Enhanced PAX Polyesters for Industrial Processing and Increased Longevity,Manker L.P.,ACS Sustainable Chemistry and Engineering,2025,10.1021/acssuschemeng.4c08640,Elsevier,
L1,"Recent developments in sustainable high Tg (co)polyesters from 2,5-furandicarboxylic acid, isosorbide, and oxalic acid. Performance and social perspectives",Gruter G.J.M.,Current Opinion in Green and Sustainable Chemistry,2025,10.1016/j.cogsc.2025.101013,Elsevier,
L1,Preparation of biodegradable poly(lactic acid)/poly[(butylene diglycolate)-co-furandicarboxylate] blends with excellent toughness and gas barrier performance,Yang Y.,Polymer International,2025,10.1002/pi.6692,Elsevier,
L1,An effective and sustainable strategy to improve the stability and adhesion of thermoplastic starch to polyester/cotton yarns via the mixture of gellan gum,He Y.,International Journal of Biological Macromolecules,2025,10.1016/j.ijbiomac.2025.143727,Elsevier,
L1,Shorter-process low-carbon cleaner digital ink-jet printing of polyester-cotton blend fabric using self-cured core-shell color microsphere with high dyes content,Guo D.,Progress in Organic Coatings,2025,10.1016/j.porgcoat.2025.109185,Elsevier,
L1,Influence of Hydrolysis on Non-Isothermal Crystallization of Poly(Butylene Succinate-Co-Adipate) (PBSA),Svarcova A.,Molecules,2025,10.3390/molecules30112252,Elsevier,
L1,Insights into the Development of Corrosion Protection Coatings,Saikia M.,Polymers,2025,10.3390/polym17111548,Elsevier,
L1,Antineoplastic Activity of Podophyllotoxin and Juniper Extracts Encapsulated in MPEG-b-PLA Diblock Copolymer Micelles in Cutaneous Squamous Carcinoma Cells,Kalinova R.G.,International Journal of Molecular Sciences,2025,10.3390/ijms26115167,Elsevier,
L1,Sustainable Kapok/cotton/graphene-based textiles for thermal regulation and moisture control with innovative composite,Yu H.,Industrial Crops and Products,2025,10.1016/j.indcrop.2025.120930,Elsevier,
L1,In situ loading of lipase onto polycaprolactone nanofibers via alternate electrospin-electrospray for enzymatic self-degradable air filtration membranes,Thew C.X.E.,International Journal of Biological Macromolecules,2025,10.1016/j.ijbiomac.2025.144679,Elsevier,
L1,"High Heat Resistance, Barrier Property, and Low Carbon Emission PET for Sustainable Food Packaging Applications Based on Biobased Functional Monomers",Han X.,Macromolecules,2025,10.1021/acs.macromol.4c02610,Elsevier,
L1,Elastic osmotic capsules mimic bolus injection with high release at delayed burst,Hidalgo-Alvarez V.,International Journal of Pharmaceutics,2025,10.1016/j.ijpharm.2025.125550,Elsevier,
L1,Improved Drug Delivery through Amide-Functionalized Polycaprolactones: Enhanced Loading Capacity and Sustained Drug Release,Polara H.,Biomacromolecules,2025,10.1021/acs.biomac.5c00280,Elsevier,
L1,"Synthesis and Properties of Biobased 2,5-Furandicarboxylic Acid Copolyesters: Synergistic Realization of Environmental Friendliness, Ultraviolet Shielding, and Glass Bonding",Ren Y.,ACS Applied Polymer Materials,2025,10.1021/acsapm.5c00611,Elsevier,
L1,"If ‘AI Waste-Sorting Robots Are the Future of Circular Economy,’ How Are Emerging Economies Responding?","Santra, Sanjana",AI-Driven Circular Economy for Carbon Neutrality in Emerging Economies,2027,10.1007/978-3-032-30298-4_14,Springer,http://link.springer.com/openurl/pdf?id=doi:10.1007/978-3-032-30298-4_14
L1,Artificial Intelligence in Academia: A Systematic Review of Faculty Implications Across Design and Practice,"Fedeli, Laura",Higher Education Learning Methodologies and Technologies Online,2027,10.1007/978-3-032-31853-4_4,Springer,http://link.springer.com/openurl/pdf?id=doi:10.1007/978-3-032-31853-4_4
L1,Beyond the Path: XR Branching Narrative to Foster Nature Exploration,"Fernandes, Luis",Extended Reality,2027,10.1007/978-3-032-33500-5_1,Springer,http://link.springer.com/openurl/pdf?id=doi:10.1007/978-3-032-33500-5_1
L1,AI-Assisted Diplomatic Decision-Making During Crises: Challenges and Opportunities,"Pokhriyal, Neeti",AI and Ethics Handbook,2027,10.1007/978-3-032-12201-8_36,Springer,http://link.springer.com/openurl/pdf?id=doi:10.1007/978-3-032-12201-8_36
L1,Applications in Engineering and Technology,"Bhuyan, Bikram Pratim",Scientific Machine Learning,2027,10.1007/978-981-95-7856-6_12,Springer,http://link.springer.com/openurl/pdf?id=doi:10.1007/978-981-95-7856-6_12
L1,A Human Visual System-Inspired Model for Recipe Prediction of Pre-colored Fiber Blends,"Wang, Min",Proceedings of the 13th International Conference on Information Systems and Computing Technology,2027,10.1007/978-981-95-4448-6_24,Springer,http://link.springer.com/openurl/pdf?id=doi:10.1007/978-981-95-4448-6_24
L1,Adaptive MOHAN Activation for Enhanced Brain Tumor Segmentation Using TransUNet and Grad-CAM++,"Ramamoorthy, Hariharan",Advanced Network Technologies and Intelligent Computing,2027,10.1007/978-3-032-27117-4_20,Springer,http://link.springer.com/openurl/pdf?id=doi:10.1007/978-3-032-27117-4_20
L1,"Materials, Design, and Innovations in Flexible Pressure Sensors for Biomedical Applications: A Review","Lakshmanan, Saranya",Biomedical Materials & Devices,2026,10.1007/s44174-025-00523-x,Springer,http://link.springer.com/openurl/pdf?id=doi:10.1007/s44174-025-00523-x
L1,Biomedical Applications of Natural and Synthetic Polymers: A Mechanical Perspective,"Menagadevi, M.",Biomedical Materials & Devices,2026,10.1007/s44174-025-00515-x,Springer,http://link.springer.com/openurl/pdf?id=doi:10.1007/s44174-025-00515-x
L1,Recent Advances in Bioink Research for Biomedical Applications,"Chandarana, Chandni",Biomedical Materials & Devices,2026,10.1007/s44174-025-00478-z,Springer,http://link.springer.com/openurl/pdf?id=doi:10.1007/s44174-025-00478-z
L1,Next-generation sustainable food packaging: Development of functional PLA/PHBV/EVOH blend films,"Altindag, Esra",Journal of Materials Science,2026,10.1007/s10853-026-13407-2,Springer,http://link.springer.com/openurl/pdf?id=doi:10.1007/s10853-026-13407-2
L1,"Fundamentals, Classification of Photonic Crystals and Their Applications in Textiles: A Review","Li, Shuai",Advanced Fiber Materials,2026,10.1007/s42765-026-00739-6,Springer,http://link.springer.com/openurl/pdf?id=doi:10.1007/s42765-026-00739-6
L1,"Flexible Films and Metafabrics with Low Visible Reflection, High Near-Infrared Reflection, and Ultralow Mid-infrared Emissivity for Day–Night Thermal Camouflage","Gao, Shuai",Advanced Fiber Materials,2026,10.1007/s42765-026-00724-z,Springer,http://link.springer.com/openurl/pdf?id=doi:10.1007/s42765-026-00724-z
L1,Progress in Fiber Thermoelectric Materials for Next-Generation Wearable Applications,"Li, Jiahui",Advanced Fiber Materials,2026,10.1007/s42765-026-00721-2,Springer,http://link.springer.com/openurl/pdf?id=doi:10.1007/s42765-026-00721-2
L1,Differential accumulation of microplastics in the gills and gastrointestinal tract of fish species of commercial and ecological importance in the Colombian Caribbean Sea,"Rueda-Reyes, Paola A.",Hydrobiologia,2026,10.1007/s10750-026-06199-8,Springer,http://link.springer.com/openurl/pdf?id=doi:10.1007/s10750-026-06199-8
L1,Ecological responses of phytoplankton community from the Río de la Plata estuary to polyester fiber exposure,"Pazos, Rocío Soledad",Hydrobiologia,2026,10.1007/s10750-026-06210-2,Springer,http://link.springer.com/openurl/pdf?id=doi:10.1007/s10750-026-06210-2
L1,Microplastic abundance and composition along an anthropogenic pressure gradient in an Andean river (Colombia),"Prado-Guasca, A.",Hydrobiologia,2026,10.1007/s10750-025-06095-7,Springer,http://link.springer.com/openurl/pdf?id=doi:10.1007/s10750-025-06095-7
L1,High-Resolution Downscaling of GRACE-Derived Groundwater Storage Anomalies using Stacking Ensemble Machine Learning in the Data-Scarce Tropical Catchments,"Karunarathna, S.",Earth Systems and Environment,2026,10.1007/s41748-026-01022-9,Springer,http://link.springer.com/openurl/pdf?id=doi:10.1007/s41748-026-01022-9
L1,Spatial distribution and characterization of microplastics in crayfish from inland waters of Türkiye,"Eryaşar, Ahmet Raif",Hydrobiologia,2026,10.1007/s10750-025-06011-z,Springer,http://link.springer.com/openurl/pdf?id=doi:10.1007/s10750-025-06011-z
L1,Structural and Morphological Features of Al–SBA-15 Composites,"Novikova, S. A.",Catalysis in Industry,2026,10.1134/s2070050426700133,Springer,http://link.springer.com/openurl/pdf?id=doi:10.1134/S2070050426700133
L1,Effect of the combination of chain extender/coupling agents on the mechanical performance and compost ability of PLA/PBAT polymer nanocomposites: simulation and experiment,"Shang, Wei",Journal of Materials Science,2026,10.1007/s10853-026-13398-0,Springer,http://link.springer.com/openurl/pdf?id=doi:10.1007/s10853-026-13398-0
L1,Sustainable smart geopolymers—from earth-derived materials to high-performance functional applications,"Hassan, Mohamed Ali",Journal of Materials Science,2026,10.1007/s10853-026-13424-1,Springer,http://link.springer.com/openurl/pdf?id=doi:10.1007/s10853-026-13424-1
L1,"Review: advancements in fibrous aerosol filtration across experimental analysis, numerical modeling, and fabrication technologies","Zaid, Mirza Muhammad",Journal of Materials Science,2026,10.1007/s10853-026-13269-8,Springer,http://link.springer.com/openurl/pdf?id=doi:10.1007/s10853-026-13269-8
L1,"Study on the catalytic synthesis of 1,3-dioxolane using mesoporous aluminum phosphate","Zhang, Yixiao",Research on Chemical Intermediates,2026,10.1007/s11164-026-06071-3,Springer,http://link.springer.com/openurl/pdf?id=doi:10.1007/s11164-026-06071-3
L1,"Review: manufacturing processes, application advances, and recycling transformation of carbon fiber-reinforced thermoplastic composites","Su, Hailiang",Journal of Materials Science,2026,10.1007/s10853-026-13416-1,Springer,http://link.springer.com/openurl/pdf?id=doi:10.1007/s10853-026-13416-1
L1,Study on the electrochemical properties of a water-based binder for lithium iron phosphate cathode,"Xu, Yangshuhan",Journal of Materials Science,2026,10.1007/s10853-026-13423-2,Springer,http://link.springer.com/openurl/pdf?id=doi:10.1007/s10853-026-13423-2
L1,Effect of moisture control on the mechanical recycling of a commercial PLA/PHB blend under laboratory and industrial conditions,"Plavec, Roderik",Journal of Materials Science,2026,10.1007/s10853-026-13403-6,Springer,http://link.springer.com/openurl/pdf?id=doi:10.1007/s10853-026-13403-6
L1,Review: advances in the engineering of MXene-metal oxide-based composite thin-film transistor for gas sensors,Komal,Journal of Materials Science,2026,10.1007/s10853-026-13411-6,Springer,http://link.springer.com/openurl/pdf?id=doi:10.1007/s10853-026-13411-6
L1,Aerogel composite cores for vacuum insulation panels,"Yan, Weiye",Journal of Materials Science,2026,10.1007/s10853-026-13272-z,Springer,http://link.springer.com/openurl/pdf?id=doi:10.1007/s10853-026-13272-z
L1,Enhanced thermal resistance and toughness of poly(lactic acid)/core–shell rubber blends by the aid of nucleating agent,"Zhou, Qiang",Journal of Materials Science,2026,10.1007/s10853-026-13367-7,Springer,http://link.springer.com/openurl/pdf?id=doi:10.1007/s10853-026-13367-7
L1,Enhancement of Mobility of CuS Thin Film on PET Substrate Grown by Chemical Bath Deposition Method For Flexible Photodetectors,"Sabat, Somesh",Journal of Electronic Materials,2026,10.1007/s11664-026-13037-z,Springer,http://link.springer.com/openurl/pdf?id=doi:10.1007/s11664-026-13037-z
L1,"Influence of silica nanoparticle incorporation on the wettability, oil affinity, and dye removal properties of blow-spun polymeric membranes","Bento, A. S.",Journal of Materials Science,2026,10.1007/s10853-026-13279-6,Springer,http://link.springer.com/openurl/pdf?id=doi:10.1007/s10853-026-13279-6
L1,Research progress on the application of chitosan in aqueous zinc-ion batteries,"Bian, Hongli",Journal of Solid State Electrochemistry,2026,10.1007/s10008-026-06649-2,Springer,http://link.springer.com/openurl/pdf?id=doi:10.1007/s10008-026-06649-2
L1,High performance polyvinylcarbazole/silica nanocomposite coating on 316L stainless steel: a promising material for corrosion resistant in marine environment,"Elangovan, N.",Journal of Materials Science,2026,10.1007/s10853-026-13233-6,Springer,http://link.springer.com/openurl/pdf?id=doi:10.1007/s10853-026-13233-6
L1,Review: polymer-based strategies for processing and stability optimization of organic–inorganic perovskites,"Daraigan, Sami Gumaan Salmen",Journal of Materials Science,2026,10.1007/s10853-026-13310-w,Springer,http://link.springer.com/openurl/pdf?id=doi:10.1007/s10853-026-13310-w
L1,"Review: Two-dimensional insulating nanofillers for thermally conductive, electrically insulating polymer composites for battery energy storage systems","Alao, Kehinde Temitope",Journal of Materials Science,2026,10.1007/s10853-026-13198-6,Springer,http://link.springer.com/openurl/pdf?id=doi:10.1007/s10853-026-13198-6
L1,Sustainable conductive polylactic acid/cashew gum/polypyrrole nanocomposites reinforced with boehmite for multifunctional applications,"Kalladi, Ayisha Jemshiya",Research on Chemical Intermediates,2026,10.1007/s11164-026-06060-6,Springer,http://link.springer.com/openurl/pdf?id=doi:10.1007/s11164-026-06060-6
L1,"Tannins as Bio-Based UV-Blocking Agents for Textiles: Chemistry, Mechanisms, Processing Strategies, and Functional Performance","Hoque, Mohammad Bellal",Fibers and Polymers,2026,10.1007/s12221-026-01493-7,Springer,http://link.springer.com/openurl/pdf?id=doi:10.1007/s12221-026-01493-7
L1,Synergistic Reinforcement of Jute Fiber/Epoxy Composites Utilizing Sustainable Hybrid Fillers from Coconut-Leaf Midrib and Eggshell Waste,"Rahim, Niazur",Fibers and Polymers,2026,10.1007/s12221-026-01488-4,Springer,http://link.springer.com/openurl/pdf?id=doi:10.1007/s12221-026-01488-4
L1,"Polychloroaniline and Tin Oxide Quantum Dots: Photocatalytic Activity, Recycling Process, and Germination of Vegetable Seeds","Alatawi, Rehab",Fibers and Polymers,2026,10.1007/s12221-026-01494-6,Springer,http://link.springer.com/openurl/pdf?id=doi:10.1007/s12221-026-01494-6
L1,Antibacterial Effects of Lignin Silver Nanoparticle-Modified Sportswear on Sweat at Different Exercise Intensities,"Zhou, Wenlong",Fibers and Polymers,2026,10.1007/s12221-026-01479-5,Springer,http://link.springer.com/openurl/pdf?id=doi:10.1007/s12221-026-01479-5
L1,Chemical-Free and Functional Dyeing of Cotton Fabric with Khaya anthotheca Bark Extract: A Natural Dye with Antimicrobial Activity,"Haque, Md. Anamul",Fibers and Polymers,2026,10.1007/s12221-026-01486-6,Springer,http://link.springer.com/openurl/pdf?id=doi:10.1007/s12221-026-01486-6
L1,Plant-based functional and active agents in sustainable food packaging: a comprehensive review,"Sarma, Jula",Journal of Food Science and Technology,2026,10.1007/s13197-026-06755-z,Springer,http://link.springer.com/openurl/pdf?id=doi:10.1007/s13197-026-06755-z
L1,Performance enhancement of recycled steel fiber concrete using geometrically shaped synthetic aggregates and Taguchi-GRA approach,"Sivakumar, N. S.",Asian Journal of Civil Engineering,2026,10.1007/s42107-026-01723-6,Springer,http://link.springer.com/openurl/pdf?id=doi:10.1007/s42107-026-01723-6
L1,"Effect of different antioxidants on the optical, thermal and mechanical properties of isosorbide polycarbonate films","Tan, Yufeng",Iranian Polymer Journal,2026,10.1007/s13726-026-01630-2,Springer,http://link.springer.com/openurl/pdf?id=doi:10.1007/s13726-026-01630-2
L1,Nanoparticles for autoimmune diseases: advancing diagnostics and therapeutic solutions,"Ong, Elaine Xue Ning",Acta Pharmacologica Sinica,2026,10.1038/s41401-026-01794-w,Springer,https://www.nature.com/articles/s41401-026-01794-w.pdf
L1,The Impact of Various Binders on Durability and Mechanical Characteristics of Eco-Friendly Self-Compacting Concrete Contained Waste Activated Carbon Particles,"Aadi, Ayad S.",International Journal of Civil Engineering,2026,10.1007/s40999-026-01235-z,Springer,http://link.springer.com/openurl/pdf?id=doi:10.1007/s40999-026-01235-z
L1,Clinical innovations and future directions of nanoparticles in the treatment of psychiatric and neurological disorders,"Zhu, Ting-ting",Molecular Psychiatry,2026,10.1038/s41380-026-03603-6,Springer,https://www.nature.com/articles/s41380-026-03603-6.pdf
L1,Artificial Intelligence as Taskmaster and Guru: Using Bossware To Curb Cyberslacking,"Oravec, Jo Ann",Human Arenas,2026,10.1007/s42087-026-00558-6,Springer,http://link.springer.com/openurl/pdf?id=doi:10.1007/s42087-026-00558-6
L1,Functionalized tannic acid/poly(vinylidene fluoride) (PVDF) selective ultrafiltration membranes: excellent hydrophilicity and antifouling potential,"Tang, Yulan",Iranian Polymer Journal,2026,10.1007/s13726-026-01627-x,Springer,http://link.springer.com/openurl/pdf?id=doi:10.1007/s13726-026-01627-x
L1,"Synergistic enhancement of flame retardancy, mechanical and thermal properties in recycled polystyrene composites via kaolin/carbon microspheres and intumescent flame retardant","Li, Xiang",Iranian Polymer Journal,2026,10.1007/s13726-026-01624-0,Springer,http://link.springer.com/openurl/pdf?id=doi:10.1007/s13726-026-01624-0
L1,Exploring the Potential of Metal-Loaded Sutures in Preventing Surgical Site Infections: A Review,"Pandey, Dhara",Biomedical Materials & Devices,2026,10.1007/s44174-025-00518-8,Springer,http://link.springer.com/openurl/pdf?id=doi:10.1007/s44174-025-00518-8
L1,Rethinking disability entrepreneurship: the role of technology in entrepreneurship education for persons living with disabilities (PLWDs),"Dakung, Reuel Johnmark",Entrepreneurship Education,2026,10.1007/s41959-025-00160-x,Springer,http://link.springer.com/openurl/pdf?id=doi:10.1007/s41959-025-00160-x
L1,Exploring the Potential of Electrospun Chitosan Nanofibers in Skin Tissue Engineering,"Sabarees, Govindaraj",Biomedical Materials & Devices,2026,10.1007/s44174-025-00481-4,Springer,http://link.springer.com/openurl/pdf?id=doi:10.1007/s44174-025-00481-4
L1,Redefining Psoriasis Therapy: The Emerging Role of Polymeric Nanocarriers in Precision Dermatology,"Goel, Karan",Biomedical Materials & Devices,2026,10.1007/s44174-025-00473-4,Springer,http://link.springer.com/openurl/pdf?id=doi:10.1007/s44174-025-00473-4
L1,Novel Therapeutic Strategies for Neuropsychiatric Treatments: Targeted and Controlled Drug Delivery Approaches,"Bhor, Shraddha D.",Biomedical Materials & Devices,2026,10.1007/s44174-025-00428-9,Springer,http://link.springer.com/openurl/pdf?id=doi:10.1007/s44174-025-00428-9
L1,Supramolecular Polymers in Hybrid Drug Delivery Systems: A Promising Platform for Targeted and Responsive Therapeutics,"Edwin, Elizabeth Rani",Biomedical Materials & Devices,2026,10.1007/s44174-025-00423-0,Springer,http://link.springer.com/openurl/pdf?id=doi:10.1007/s44174-025-00423-0
L1,Advances in camptothecin nanomedicine: enhancing targeted breast-cancer therapeutics using innovative drug delivery systems,"Ghorai, Mimosa",The Nucleus,2026,10.1007/s13237-025-00565-y,Springer,http://link.springer.com/openurl/pdf?id=doi:10.1007/s13237-025-00565-y
L1,"Embodied, Transpersonal Agency: Singing at the Bedside","Hensley Owens, Kim",Journal of Medical Humanities,2026,10.1007/s10912-025-09947-4,Springer,http://link.springer.com/openurl/pdf?id=doi:10.1007/s10912-025-09947-4
L1,Structure–property–function relationships in PVA films enriched with agro-waste bioactives: a design-oriented perspective for food packaging,"Hizir Kadi, Ilayda",European Food Research and Technology,2026,10.1007/s00217-026-05234-1,Springer,http://link.springer.com/openurl/pdf?id=doi:10.1007/s00217-026-05234-1
L1,Interaction of Microplastics and Other Environmental Pollutants on a One Health Perspective,"Alijagic, Andi",,2026,10.1007/698_2026_1284,Springer,http://link.springer.com/openurl/pdf?id=doi:10.1007/698_2026_1284
L1,"Interactions of Micro/Nanoplastics and Antibiotics: Research Trends, Toxicological Effects, and Environmental Risks","Du, Junyi","Water, Air, & Soil Pollution",2026,10.1007/s11270-026-09884-5,Springer,http://link.springer.com/openurl/pdf?id=doi:10.1007/s11270-026-09884-5
L1,Itaconic acid-engineered bioplastics of poly(lactic acid) with photohydrolyzability,"Zheng, Jixin",Polymer Journal,2026,10.1038/s41428-026-01244-8,Springer,https://www.nature.com/articles/s41428-026-01244-8.pdf
L1,"Cryogenic aging of h-BN/PDMS-modified polyester nanogelcoat on GFRP laminates: mechanical, viscoelastic, thermal and microstructural performance","Ozen, Mustafa",Archives of Civil and Mechanical Engineering,2026,10.1007/s43452-026-01616-0,Springer,http://link.springer.com/openurl/pdf?id=doi:10.1007/s43452-026-01616-0
L1,Laser-Assisted Patterning of Metallized Fabrics for Washable and Durable Electronic Textiles,"Rana, Muhammad Masud",Advanced Fiber Materials,2026,10.1007/s42765-026-00761-8,Springer,http://link.springer.com/openurl/pdf?id=doi:10.1007/s42765-026-00761-8
L1,Recent advances in carbon nitride photocatalysts for multi-phase organic pollutant degradation,"Kim, Bogyeong",Carbon Letters,2026,10.1007/s42823-026-01127-1,Springer,http://link.springer.com/openurl/pdf?id=doi:10.1007/s42823-026-01127-1
L1,Development and performance evaluation of a bio-based thermal insulation composite incorporating epoxidized tung oil and waste-derived mineral fillers,"Balo, Figen",Iranian Polymer Journal,2026,10.1007/s13726-026-01738-5,Springer,http://link.springer.com/openurl/pdf?id=doi:10.1007/s13726-026-01738-5
L1,Inverse Acoustic Modeling of Natural Fibrous Porous Materials Using Sound Absorption Measurements,"Tayari, Faouzia",Applied Composite Materials,2026,10.1007/s10443-026-10530-w,Springer,http://link.springer.com/openurl/pdf?id=doi:10.1007/s10443-026-10530-w
L1,"Comparative evaluation of cement stabilized well graded sand using rice husk ash, fly ash, and recycled plastic fibers for subgrade applications","Umesh, K. C.",Discover Civil Engineering,2026,10.1007/s44290-026-00600-0,Springer,http://link.springer.com/openurl/pdf?id=doi:10.1007/s44290-026-00600-0
L1,Mechanical behavior of Caesalpinia Decapetala seed shell reinforced epoxy composites,"Shahapurkar, Kiran",Polymer Bulletin,2026,10.1007/s00289-026-06645-6,Springer,http://link.springer.com/openurl/pdf?id=doi:10.1007/s00289-026-06645-6
L1,"Occurrence, fate, monitoring challenges, and bio-based adsorbents for sustainable remediation of emerging contaminants in low- and middle-income countries","Suter, Evans",Discover Environment,2026,10.1007/s44274-026-00977-w,Springer,http://link.springer.com/openurl/pdf?id=doi:10.1007/s44274-026-00977-w
L1,Thermo-responsive materials for rechargeable batteries,"Li, Caicai",Nature Reviews Materials,2026,10.1038/s41578-026-00952-0,Springer,https://www.nature.com/articles/s41578-026-00952-0.pdf
L1,Moisture-Sensitive Adhesion at the Aggregate–Binder Interface in Polyurethane-Modified Asphalt Mixtures,"Lu, Pengzhen",Arabian Journal for Science and Engineering,2026,10.1007/s13369-026-11602-6,Springer,http://link.springer.com/openurl/pdf?id=doi:10.1007/s13369-026-11602-6
L1,Sustainable madar fiber-based polymer composites with dual-function fever-nut shell fillers for structural and antibacterial applications,"Purushothaman, S.",Interactions,2026,10.1007/s10751-026-02745-x,Springer,http://link.springer.com/openurl/pdf?id=doi:10.1007/s10751-026-02745-x
L1,"Synthesis of CBIMMT-modified SBA-15 as a novel nano-sorbent to preconcentrate, extraction and determination of trace amounts of Cd (II) ions in wastewater and natural water samples","Kazemi, Fatemeh",Journal of Saudi Chemical Society,2026,10.1007/s44442-026-00117-2,Springer,http://link.springer.com/openurl/pdf?id=doi:10.1007/s44442-026-00117-2
L1,β-FeOOH-modified graphene oxide nanosheets exhibit excellent flame retardancy and smoke suppression in epoxy resin,"Feng, Shulin",Journal of Materials Science,2026,10.1007/s10853-026-13578-y,Springer,http://link.springer.com/openurl/pdf?id=doi:10.1007/s10853-026-13578-y
L1,Sustainable edible films and coatings for improved fruit preservation: recent advances and emerging applications,"Kaur, Simranjeet",Polymer Bulletin,2026,10.1007/s00289-026-06660-7,Springer,http://link.springer.com/openurl/pdf?id=doi:10.1007/s00289-026-06660-7
L1,Comparative analysis on the recycling performance of bio-based and petroleum-based polyethylene,"Yücetürk, Mert",Polymer Bulletin,2026,10.1007/s00289-026-06672-3,Springer,http://link.springer.com/openurl/pdf?id=doi:10.1007/s00289-026-06672-3
L1,"Lightweight, Flexible, and Sustainable Piezoresistive Foams based on EVA/PCL Composites with Biochar for Wearable Electronics and Motion Monitoring","Chang, Boon Peng",Journal of Polymers and the Environment,2026,10.1007/s10924-026-03898-0,Springer,http://link.springer.com/openurl/pdf?id=doi:10.1007/s10924-026-03898-0
L1,Fabrication and characterization of optimized PHB/BCP/PVA-based scaffolds for potential bone tissue regeneration,"Shaikh, Shifa Ibrahim",Journal of Polymer Research,2026,10.1007/s10965-026-05090-3,Springer,http://link.springer.com/openurl/pdf?id=doi:10.1007/s10965-026-05090-3
L1,Development of Bio-based Functional Finishes on Woven Textiles Using Essential Oil-Loaded Microcapsules,"Upadhyay, Rimika",Fibers and Polymers,2026,10.1007/s12221-026-01534-1,Springer,http://link.springer.com/openurl/pdf?id=doi:10.1007/s12221-026-01534-1
L1,Material-process-property relationships in SLA 3D printed photocurable PLA/TPU Blends for tunable mechanical and elastic recovery properties,"Tomar, Paritosh",Journal of Polymer Research,2026,10.1007/s10965-026-05091-2,Springer,http://link.springer.com/openurl/pdf?id=doi:10.1007/s10965-026-05091-2
L1,Impact of reducing aligners’ wear schedule from 7-days to 3-days on the predictability of tooth movement and treatment efficiency: a randomized controlled trial,"Brown, Alexandra",Clinical Oral Investigations,2026,10.1007/s00784-026-07088-z,Springer,http://link.springer.com/openurl/pdf?id=doi:10.1007/s00784-026-07088-z
L1,Fe_3O_4@SiO_2-hexamethyldisilazane amphiphilic magnetic emulsifier for viscosity-reduction of heavy oils via aquathermolysis reaction,"Feng, Yaoyao",Brazilian Journal of Chemical Engineering,2026,10.1007/s43153-026-00702-3,Springer,http://link.springer.com/openurl/pdf?id=doi:10.1007/s43153-026-00702-3
L1,Experimental Study on the Flexural Response of Fire-Exposed Hybrid Rebar-Reinforced Concrete Elements,"Rajkumar, R.",Fire Technology,2026,10.1007/s10694-026-01997-x,Springer,http://link.springer.com/openurl/pdf?id=doi:10.1007/s10694-026-01997-x
L1,"Multi-analytical characterization and radiation shielding assessment of natural ophiolitic rocks: a combined experimental, mineralogical, and simulation analysis","Agha, Mohamed A.",Scientific Reports,2026,10.1038/s41598-026-66379-3,Springer,https://www.nature.com/articles/s41598-026-66379-3.pdf
L1,Enhancing the filtration properties of water-based drilling mud using a novel lignosulfonate–starch–silica nanocomposite (LS-SSNC) additive,"Okwaraku, Samuelson I.",Journal of Engineering and Applied Science,2026,10.1186/s44147-026-01167-4,Springer,http://link.springer.com/openurl/pdf?id=doi:10.1186/s44147-026-01167-4
L1,Segmental composition-dependent enzymatic degradation of poly(ε-caprolactone)-based polyurethanes and poly(urethane-amide)s,"Cheng, Kai",Polymer Journal,2026,10.1038/s41428-026-01239-5,Springer,https://www.nature.com/articles/s41428-026-01239-5.pdf
L1,"A critical review on
advances and future strategies in eco-friendly processing technologies of agro-based waste lignocellulosic fibers: driving sustainable innovation","Singh, N.",International Journal of Environmental Science and Technology,2026,10.1007/s13762-026-07374-z,Springer,http://link.springer.com/openurl/pdf?id=doi:10.1007/s13762-026-07374-z
L1,Enhancement of fir and poplar wood properties with citric acid and polyols esterification,"Özkan, Osman Emre",European Journal of Wood and Wood Products,2026,10.1007/s00107-026-02475-5,Springer,http://link.springer.com/openurl/pdf?id=doi:10.1007/s00107-026-02475-5
L1,A dual perspective on carbon capture technologies in Egypt and the UAE from direct air to deep storage,"Seleem, FatmaElzahraa S.",Discover Sustainability,2026,10.1007/s43621-026-04341-z,Springer,http://link.springer.com/openurl/pdf?id=doi:10.1007/s43621-026-04341-z
L1,PVDF–Aerogel Composite Separators: An Alternative to Commercial Polymer-Based Separators,"Sutrodhar, Pappu",Arabian Journal for Science and Engineering,2026,10.1007/s13369-026-11614-2,Springer,http://link.springer.com/openurl/pdf?id=doi:10.1007/s13369-026-11614-2
L1,Sustainable Waterborne Polycaprolactone/Chitosan Coatings for Potentially Recyclable and Compostable Paper-Based Packaging,"Obando-Garzón, Catalina",Journal of Polymers and the Environment,2026,10.1007/s10924-026-03948-7,Springer,http://link.springer.com/openurl/pdf?id=doi:10.1007/s10924-026-03948-7
L1,Exploring the effects of low-pressure plasma and electron beam pre-treatments on surface esterification and liquid repellence of polylactic acid films,"Sturm, Max",MRS Communications,2026,10.1557/s43579-026-01031-9,Springer,http://link.springer.com/openurl/pdf?id=doi:10.1557/s43579-026-01031-9
L1,"Citrus Essential Oils in Sustainable Food Preservation and Active Packaging: Current Advances, Challenges and Future Perspectives","Barbhuiya, Pervej Alom",Journal of Packaging Technology and Research,2026,10.1007/s41783-026-00203-1,Springer,http://link.springer.com/openurl/pdf?id=doi:10.1007/s41783-026-00203-1
L1,Engineered coacervates as emerging liquid biomaterials,"Yi, Bo",Nature Reviews Materials,2026,10.1038/s41578-026-00950-2,Springer,https://www.nature.com/articles/s41578-026-00950-2.pdf
L1,Piezo-Photocatalysis in Polymeric Photocatalytic Membranes for Wastewater Treatment,"Veisi, Payam",Topics in Current Chemistry,2026,10.1007/s41061-026-00564-w,Springer,http://link.springer.com/openurl/pdf?id=doi:10.1007/s41061-026-00564-w
L1,A green strategy for improving the crystallization of polylactic acid: influence of tomato peel residue on its crystallization and melting behavior,"Du, Jianghua",Journal of Polymer Research,2026,10.1007/s10965-026-05088-x,Springer,http://link.springer.com/openurl/pdf?id=doi:10.1007/s10965-026-05088-x
L1,Multifunctional tungsten bronze-based nanocomposite: strategy on fabrication and mechanism for improving near-infrared shielding and photocatalytic activity,"Puspasari, Vinda",Tungsten,2026,10.1007/s42864-026-00398-5,Springer,http://link.springer.com/openurl/pdf?id=doi:10.1007/s42864-026-00398-5
L1,Structurally Designed Alginate-Based Hydrogels with Superior Mechanical Performance and Excellent Weldability for Load-Bearing Materials and Soft Actuators,"Tran, Van Tron",Journal of Polymers and the Environment,2026,10.1007/s10924-026-03949-6,Springer,http://link.springer.com/openurl/pdf?id=doi:10.1007/s10924-026-03949-6
L1,A herbivore-inducible CYP82 catalyzes DMNT formation in Idesia polycarpa leaves,"Panagoulias, Melina",BMC Plant Biology,2026,10.1186/s12870-026-09677-2,Springer,https://www.biomedcentral.com/openurl/pdf?id=doi:10.1186/s12870-026-09677-2
L1,Unique Interfacial Properties and Micellization Behavior of a New Natural Cosmetic Preservative: Effect on Dispersion Stability of Cosmetic Formulation,"Choi, Seohyun",Korean Journal of Chemical Engineering,2026,10.1007/s11814-026-00799-9,Springer,http://link.springer.com/openurl/pdf?id=doi:10.1007/s11814-026-00799-9
L1,The universal polyol platform explains the evolution of lipid headgroups and the origin of membrane function,"Dembitsky, Valery M.",Discover Life,2026,10.1007/s11084-026-09760-6,Springer,http://link.springer.com/openurl/pdf?id=doi:10.1007/s11084-026-09760-6
L1,The role of initial temperature on the yield stress of formulated waxy oils,"de Souza Cunha, Matheus",Rheologica Acta,2026,10.1007/s00397-026-01591-6,Springer,http://link.springer.com/openurl/pdf?id=doi:10.1007/s00397-026-01591-6
L1,"Mechanical, thermal, dynamic mechanical, and creep performance of krill shell chitin biopolymer-toughened boehmerianivea fiber reinforced vinyl ester composites","Subburathinam, Rajkumar",Polymer Bulletin,2026,10.1007/s00289-026-06649-2,Springer,http://link.springer.com/openurl/pdf?id=doi:10.1007/s00289-026-06649-2
L1,"Flow-induced Structural Evolution in Graphene Oxide-grafted Carbon Nanotube/Polyamide 6 Composites with Enhanced Barrier Performance, Mechanical Properties, and Thermal Conductivity","Liu, Guan-Jun",Chinese Journal of Polymer Science,2026,10.1007/s10118-026-3765-8,Springer,http://link.springer.com/openurl/pdf?id=doi:10.1007/s10118-026-3765-8
L1,Chemoselective Ring-opening Copolymerization of CO_2-based Lactones towards Functional Polyesters,"Zhang, Zhuo-Rui",Chinese Journal of Polymer Science,2026,10.1007/s10118-026-3759-6,Springer,http://link.springer.com/openurl/pdf?id=doi:10.1007/s10118-026-3759-6
L1,Production of cellulose nanocrystals from agrowaste biomass for multifunctional bionanocomposite manufacturing: a critical review,"Akhfer, Syed Hasibul",Cellulose,2026,10.1007/s10570-026-07184-z,Springer,http://link.springer.com/openurl/pdf?id=doi:10.1007/s10570-026-07184-z
L1,Enhancing the Performance of PBAT Composites via Incorporation of Nano TiO_2-Tannic Acid Hybrid Filler,"Lv, Chang",Journal of Polymers and the Environment,2026,10.1007/s10924-026-03941-0,Springer,http://link.springer.com/openurl/pdf?id=doi:10.1007/s10924-026-03941-0
L1,"Radiation-shielding concrete systems: an analytical review of material strategies, shielding efficiency, and engineering performance","Owais, Mahmoud",Innovative Infrastructure Solutions,2026,10.1007/s41062-026-02893-7,Springer,http://link.springer.com/openurl/pdf?id=doi:10.1007/s41062-026-02893-7
L1,"Implantable flexible neuroelectrodes: advances in material innovation, structural design, and performance optimization","Su, Jiaqi",Journal of Zhejiang University-SCIENCE A,2026,10.1631/jzus.a2600114,Springer,http://link.springer.com/openurl/pdf?id=doi:10.1631/jzus.A2600114
L1,Methods of removing deposits in oil and gas pipelines: a review,"Karimi, Mohammad",Environmental Science and Pollution Research,2026,10.1007/s11356-026-37978-4,Springer,http://link.springer.com/openurl/pdf?id=doi:10.1007/s11356-026-37978-4
L1,Forward osmosis in the modern era: recent progress in membrane engineering and draw solute,"Lohar, Ajay",Polymer Bulletin,2026,10.1007/s00289-026-06654-5,Springer,http://link.springer.com/openurl/pdf?id=doi:10.1007/s00289-026-06654-5
L1,Turning E-waste into water treatment: preliminary physicochemical and diffusion‑based ion‑transport assessment of cationic cellulose acetate-based membranes,"Silva, Mayara Teixeira",Polymer Bulletin,2026,10.1007/s00289-026-06631-y,Springer,http://link.springer.com/openurl/pdf?id=doi:10.1007/s00289-026-06631-y
L1,Research on environmentally friendly temperature-resistant and salt-resistant high polymeric stability graft-modified cellulose filtrate reducer,"Li, Yana",Journal of Materials Science,2026,10.1007/s10853-026-13548-4,Springer,http://link.springer.com/openurl/pdf?id=doi:10.1007/s10853-026-13548-4
L1,Recycled High-Density Polyethylene as a Sustainable Wood Alternative for Indoor Furniture,"Elkholy, Mostafa",Circular Economy and Sustainability,2026,10.1007/s43615-026-01117-5,Springer,http://link.springer.com/openurl/pdf?id=doi:10.1007/s43615-026-01117-5
L1,Evolution of oil spill remediation technologies from conventional to emerging solutions,"Amoako, Christian",Discover Environment,2026,10.1007/s44274-026-00975-y,Springer,http://link.springer.com/openurl/pdf?id=doi:10.1007/s44274-026-00975-y
L1,"Microwave-initiated turpentine polymerization for multifunctional rubberwood modification: integrated antibacterial, superhydrophobic, and termite-resistant properties","Wang, Hailun",Cellulose,2026,10.1007/s10570-026-07177-y,Springer,http://link.springer.com/openurl/pdf?id=doi:10.1007/s10570-026-07177-y
L1,Structure and Morphology of Electrospun Polycaprolactone Fibers Loaded with Silver Nanoparticles Formed in the Presence of β-Cyclodextrin,"Riabov, S. V.",Theoretical and Experimental Chemistry,2026,10.1007/s11237-026-09894-8,Springer,http://link.springer.com/openurl/pdf?id=doi:10.1007/s11237-026-09894-8
L1,Time-Resolved Investigation of the Priming Effect of Biodegradable Plastics on Soil Organic Matter Using Radiocarbon Analysis,"Ju, Sungbin",Journal of Polymers and the Environment,2026,10.1007/s10924-026-03940-1,Springer,http://link.springer.com/openurl/pdf?id=doi:10.1007/s10924-026-03940-1
L1,Genetic and morphological variation in taxonomically critical populations of Quercus petraea s.l. in Southern Europe,"Di Pietro, Romeo",European Journal of Forest Research,2026,10.1007/s10342-026-01938-x,Springer,http://link.springer.com/openurl/pdf?id=doi:10.1007/s10342-026-01938-x
L1,Development and characterization of PBS and PBAT blend based sustainable films for food packaging applications,"Adeebpasha, A.",Discover Polymers,2026,10.1007/s44347-026-00061-9,Springer,http://link.springer.com/openurl/pdf?id=doi:10.1007/s44347-026-00061-9
L1,"Asymmetric poly(ethylene glycol)-b-polylactide-b-poly(ethylene glycol) triblock copolymer micelles for dual delivery of paclitaxel and cisplatin: in vitro release, degradation, and biological evaluation","Li, Rongye",Journal of Nanoparticle Research,2026,10.1007/s11051-026-06737-4,Springer,http://link.springer.com/openurl/pdf?id=doi:10.1007/s11051-026-06737-4
L1,"Plastics to fertilizer: A polymer system based on isosorbide as a monomer, plasticizer, and fertilizer","Fujimata, Shunsuke",Scientific Reports,2026,10.1038/s41598-026-63638-1,Springer,https://www.nature.com/articles/s41598-026-63638-1.pdf
L1,"Nanoparticle-driven parameters betterment in unexplored NLCs: engineering ZLI-3103/TiO_2 systems for next-generation capacitors, sensors, and displays","Saxena, Saransh",Journal of Materials Science,2026,10.1007/s10853-026-13528-8,Springer,http://link.springer.com/openurl/pdf?id=doi:10.1007/s10853-026-13528-8
L1,Dendrimer-Based Nanoplatforms for Cancer Diagnosis and Therapy: from Liquid Biopsy to Targeted Protein Degradation,"Alibaglou, Mahsa Hasannejad",BioNanoScience,2026,10.1007/s12668-026-02783-3,Springer,http://link.springer.com/openurl/pdf?id=doi:10.1007/s12668-026-02783-3
L1,Sulfur Passivation During Acid Leaching of Sulfide Ore: An Overview,"Haile, Michael Girma",Journal of Sustainable Metallurgy,2026,10.1007/s40831-026-01643-4,Springer,http://link.springer.com/openurl/pdf?id=doi:10.1007/s40831-026-01643-4
L1,Scalable Reconfigurable Meta-textile System Enabling Adaptive and Self-Automated Thermoregulation,"Sun, Ya",Advanced Fiber Materials,2026,10.1007/s42765-026-00766-3,Springer,http://link.springer.com/openurl/pdf?id=doi:10.1007/s42765-026-00766-3
L1,Boehmite/Polyacrylonitrile Composite Nanofiber Separator with Enhanced Ionic Conductivity and Thermal Stability for Lithium-Ion Batteries,"Tu, Zhi-Jun",Chinese Journal of Polymer Science,2026,10.1007/s10118-026-3751-1,Springer,http://link.springer.com/openurl/pdf?id=doi:10.1007/s10118-026-3751-1
L1,"Natural fibre reinforced concrete: a review of natural fibres, properties, durability and environmental benefits","Hamad, Ali Jihad",Innovative Infrastructure Solutions,2026,10.1007/s41062-026-02905-6,Springer,http://link.springer.com/openurl/pdf?id=doi:10.1007/s41062-026-02905-6
L1,"Polymer-regulated TiO_2/KCu^2+[Co^3+(CN)_6] nanocomposites with enhanced photochromism, color stability and tunable hue for durable rewritable paper","Wang, Jingwen",Journal of Materials Science,2026,10.1007/s10853-026-13596-w,Springer,http://link.springer.com/openurl/pdf?id=doi:10.1007/s10853-026-13596-w
L1,"Engineering strategies, applications for safety and sustainability in chitosan-based emerging food systems","Ağgül, Ahmet Gökhan",Chemical Papers,2026,10.1007/s11696-026-05460-7,Springer,http://link.springer.com/openurl/pdf?id=doi:10.1007/s11696-026-05460-7
L1,"Cyclodextrin-cellulose composites: applications in food preservation, environmental remediation, and separation","Gu, Xuesong",Polymer Bulletin,2026,10.1007/s00289-026-06623-y,Springer,http://link.springer.com/openurl/pdf?id=doi:10.1007/s00289-026-06623-y
L1,"Improved mechanical and thermal properties of PLA-based green nanocomposites through TPU, EVA, and PBAT blending","Vinodh, Sooraj",Iranian Polymer Journal,2026,10.1007/s13726-026-01732-x,Springer,http://link.springer.com/openurl/pdf?id=doi:10.1007/s13726-026-01732-x
L1,"Designing Polymer Electrolytes for Metal–Air Batteries: A Critical Review of Additive Strategies, Design Principles, and Future Directions","Adam, Abdullahi Abbas",Journal of Inorganic and Organometallic Polymers and Materials,2026,10.1007/s10904-026-04500-9,Springer,http://link.springer.com/openurl/pdf?id=doi:10.1007/s10904-026-04500-9
L1,"Effects of pre-vulcanisation on compounding, maturation, thermal stability, and mechanical properties of epoxidised natural rubber latex/citric acid/sulphur (ENR/CA/S) blend films","Abdul Ghani, Anis",Journal of Rubber Research,2026,10.1007/s42464-026-00391-0,Springer,http://link.springer.com/openurl/pdf?id=doi:10.1007/s42464-026-00391-0
L1,Effect of temperature on dielectric behavior and charge transport mechanisms in PMMA/TBAI/Mg_1−xZn_xAl_2O_4 polymer nanocomposites,"El-naggar, A. M.",Journal of Materials Science: Materials in Electronics,2026,10.1007/s10854-026-18257-x,Springer,http://link.springer.com/openurl/pdf?id=doi:10.1007/s10854-026-18257-x
L1,"A review of heating mechanisms, process parameters, and defect-minimized densification applications of microwave sintering in metals","Qiu, Qingyang",Advanced Materials Joining,2026,10.1007/s44500-026-00011-2,Springer,http://link.springer.com/openurl/pdf?id=doi:10.1007/s44500-026-00011-2
L1,Valorization of Glass Powder and Crushed Date Pits in Dune Sand Stabilization: A Geotechnical and Microstructural Approach,"Zaidi, Lina","Iranian Journal of Science and Technology, Transactions of Civil Engineering",2026,10.1007/s40996-026-02234-9,Springer,http://link.springer.com/openurl/pdf?id=doi:10.1007/s40996-026-02234-9
L1,Advances in pacemaker powering: a review of energy harvesting mechanisms with emphasis on piezoelectric integration,"Saxena, Shradha",Microsystem Technologies,2026,10.1007/s00542-026-06127-9,Springer,http://link.springer.com/openurl/pdf?id=doi:10.1007/s00542-026-06127-9
L1,"Nanothermochromic smart windows: Nanostructures, doping and multifunctional strategies for high thermochromic performance","Ontiveros-Gómez, Luis Adrián",Emergent Materials,2026,10.1007/s42247-026-01501-9,Springer,http://link.springer.com/openurl/pdf?id=doi:10.1007/s42247-026-01501-9
L1,Sustainability of structural piles: New York City case studies and US application,"Bhadiyadra, Vivek",Discover Civil Engineering,2026,10.1007/s44290-026-00595-8,Springer,http://link.springer.com/openurl/pdf?id=doi:10.1007/s44290-026-00595-8
L1,Quantifying environmental impacts and user experience in sustainable food packaging design,"Zhang, Xiaonan",Discover Environment,2026,10.1007/s44274-026-00966-z,Springer,http://link.springer.com/openurl/pdf?id=doi:10.1007/s44274-026-00966-z
L1,Single-use polypropylene cups manufacturing: lowering the environmental toll,"Assali, Wael",Journal of Material Cycles and Waste Management,2026,10.1007/s10163-026-02678-1,Springer,http://link.springer.com/openurl/pdf?id=doi:10.1007/s10163-026-02678-1
L1,Reinforcing the piezoelectric response of poly(vinylidene fluoride) based composites by using ZIF-8 hedgehog particles,"Cui, Qingwen",Journal of Materials Science: Materials in Electronics,2026,10.1007/s10854-026-18269-7,Springer,http://link.springer.com/openurl/pdf?id=doi:10.1007/s10854-026-18269-7
L1,Modification of discarded PET molecular chains with methyl lactate endows the material with degradable properties,"Wu, Ruzheng",Journal of Polymer Research,2026,10.1007/s10965-026-05015-0,Springer,http://link.springer.com/openurl/pdf?id=doi:10.1007/s10965-026-05015-0
L1,Revolutionizing Wearable Electronics: Zinc Oxide-Based Piezoelectric Nanogenerators for Mechanical Energy Harvesting,"Korkmaz, S.",Journal of Electronic Materials,2026,10.1007/s11664-026-13080-w,Springer,http://link.springer.com/openurl/pdf?id=doi:10.1007/s11664-026-13080-w
L1,Thermal transport behaviour of glycerol-plasticised cassava starch/PVA composite films: A photoacoustic approach,"Sreelakshmi, V S",Heat and Mass Transfer,2026,10.1007/s00231-026-03758-6,Springer,http://link.springer.com/openurl/pdf?id=doi:10.1007/s00231-026-03758-6
L1,"Deconstructing Microplastic Pollution in Terrestrial and Freshwater Environs: Holistic Assessment of Source Apportionment, Polymer-driven Ecological Hazard, and Human Exposure","Mohan, Kiruthika","Water, Air, & Soil Pollution",2026,10.1007/s11270-026-09837-y,Springer,http://link.springer.com/openurl/pdf?id=doi:10.1007/s11270-026-09837-y
L1,"Enhancing the electrical conductivity of PEDOT:PSS with graphene quantum dots: a review of strategies, mechanisms, and device applications","Zhang, Yan",Journal of Materials Science: Materials in Electronics,2026,10.1007/s10854-026-18282-w,Springer,http://link.springer.com/openurl/pdf?id=doi:10.1007/s10854-026-18282-w
L1,"Classification of defects in additive manufacturing processes according to their technologies, defect kinds, and underlying causes","Aniba, Sana",International Journal on Interactive Design and Manufacturing (IJIDeM),2026,10.1007/s12008-026-02677-4,Springer,http://link.springer.com/openurl/pdf?id=doi:10.1007/s12008-026-02677-4
L1,"A comprehensive review of advanced polymer coatings for corrosion protection: properties, applications, and innovations","Rzaij, Dina R.",Journal of Coatings Technology and Research,2026,10.1007/s11998-026-01309-6,Springer,http://link.springer.com/openurl/pdf?id=doi:10.1007/s11998-026-01309-6
L1,Preparation and anti-corrosion performance of CKPU-NE composite coatings,"Qiu, Yuzhe",Polymer Bulletin,2026,10.1007/s00289-026-06647-4,Springer,http://link.springer.com/openurl/pdf?id=doi:10.1007/s00289-026-06647-4
L1,Mechanisms of water-inrush mitigation under alternative grouting strategies during shaft sinking: Solidification-enabled stress–seepage–damage coupling,"Li, Wenxin",Bulletin of Engineering Geology and the Environment,2026,10.1007/s10064-026-05247-w,Springer,http://link.springer.com/openurl/pdf?id=doi:10.1007/s10064-026-05247-w
L1,Accelerating the development of protein-based materials: Automation as a tool for materials advancement,"Komatsu, Yasuhiko",MRS Communications,2026,10.1557/s43579-026-01024-8,Springer,http://link.springer.com/openurl/pdf?id=doi:10.1557/s43579-026-01024-8
L1,Exploring new approaches to enhance polyhydroxybutyrate accumulation in Paracoccus denitrificans,"Fukala, Ivo",World Journal of Microbiology and Biotechnology,2026,10.1007/s11274-026-05198-0,Springer,http://link.springer.com/openurl/pdf?id=doi:10.1007/s11274-026-05198-0
L1,Development of Single and Hybrid AA6063 Metal Matrix Composites Reinforced with Metallurgical Slag Powders,"Amra, Rana H.",International Journal of Metalcasting,2026,10.1007/s40962-026-02086-z,Springer,http://link.springer.com/openurl/pdf?id=doi:10.1007/s40962-026-02086-z
L1,Radiation shielding and optical properties of phosphate glass doped with Yb_2O_3 and Er_2O_3,"Agha, Ahmad Rabie",Applied Physics A,2026,10.1007/s00339-026-10045-y,Springer,http://link.springer.com/openurl/pdf?id=doi:10.1007/s00339-026-10045-y
L1,Carbazole-based aqueous supramolecular organic frameworks enabling cascade energy transfer-regulated ROS photocatalysis for metal-free C–S and P–S bond formation,"Liu, Jian-Yue",Science China Materials,2026,10.1007/s40843-026-4225-6,Springer,http://link.springer.com/openurl/pdf?id=doi:10.1007/s40843-026-4225-6
L1,Adaptive neuro-fuzzy capsule network optimised by Salp Swarm Algorithm for simultaneous prediction of strength and durability indices in sustainable PET–RHA concrete,"Kumar, Pololy Pradeep",Discover Concrete and Cement,2026,10.1007/s44416-026-00105-0,Springer,http://link.springer.com/openurl/pdf?id=doi:10.1007/s44416-026-00105-0
L1,Hyperbranched Polyester/Rubber Powder Improves Epoxy Asphalt Mechanical and Aging Performance,"Zou, Xiaolong",Journal of Materials Engineering and Performance,2026,10.1007/s11665-026-14833-8,Springer,http://link.springer.com/openurl/pdf?id=doi:10.1007/s11665-026-14833-8
L1,Employing Density Separation to Characterise Microplastic Contamination in Coastal Wetland Ecosystems,"Cousins, Abigail",Wetlands,2026,10.1007/s13157-026-02115-x,Springer,http://link.springer.com/openurl/pdf?id=doi:10.1007/s13157-026-02115-x
L1,Quantitative evaluation of coloration and functionalization efficiency for surface modification of regenerated cellulose fabrics,"Gaafer, Rania Rashad Tawakol",Scientific Reports,2026,10.1038/s41598-026-64814-z,Springer,https://www.nature.com/articles/s41598-026-64814-z.pdf
L1,Animal degradation of microbial storage polyhydroxyalkanoates,"Zeidler, Caroline",Nature Ecology & Evolution,2026,10.1038/s41559-026-03153-8,Springer,https://www.nature.com/articles/s41559-026-03153-8.pdf
L1,Polar-Twisted Electron-Transport Layer Simultaneously Breaks Efficiency-Flexibility-Cost Limits in Organic Solar Cells,"Huyen Mai, Thi",Nano-Micro Letters,2026,10.1007/s40820-026-02330-5,Springer,http://link.springer.com/openurl/pdf?id=doi:10.1007/s40820-026-02330-5
L1,Sustainable compounding: innovations in green ingredients for the rubber industry,"Musa, Muhamad Sharan",Journal of Rubber Research,2026,10.1007/s42464-026-00389-8,Springer,http://link.springer.com/openurl/pdf?id=doi:10.1007/s42464-026-00389-8
L1,"Biological and synthetic biology strategies for polystyrene degradation: mechanisms, microbial advances, and circular economy perspectives","Nazir, Mehar",Biodegradation,2026,10.1007/s10532-026-10356-0,Springer,http://link.springer.com/openurl/pdf?id=doi:10.1007/s10532-026-10356-0
L1,Irish Thoracic Society Annual Scientific Meeting - Abstract Book 2025,Desconocido,Irish Journal of Medical Science (1971 -),2026,10.1007/s11845-026-04555-0,Springer,http://link.springer.com/openurl/pdf?id=doi:10.1007/s11845-026-04555-0
L1,Hyemo as Emotional Politics in Digital Feminism: The Case of the 4B Movement in South Korea,"Shin-Winans, Daeun",Gender Issues,2026,10.1007/s12147-026-09431-w,Springer,http://link.springer.com/openurl/pdf?id=doi:10.1007/s12147-026-09431-w
L1,"Underwater-Adhesive, Stretchable Fabric Dry Electrode Based on a Novel Graphene Oxide Aqueous Polyurethane for Electrophysiological Monitoring","Li, Rui",Advanced Fiber Materials,2026,10.1007/s42765-026-00755-6,Springer,http://link.springer.com/openurl/pdf?id=doi:10.1007/s42765-026-00755-6
L1,"Thermal Protective Performance of Firefighter Clothing: A Review of Advances in Heat, Moisture, Materials, and Physiological Safety","Kumar, Virendra",Fire Technology,2026,10.1007/s10694-026-01976-2,Springer,http://link.springer.com/openurl/pdf?id=doi:10.1007/s10694-026-01976-2
L1,Modified starches for fluid loss control in water-based drilling fluids: A systematic review and future perspectives for sago-based approaches,"Pramana, Yanuar Sigit",Emergent Materials,2026,10.1007/s42247-026-01498-1,Springer,http://link.springer.com/openurl/pdf?id=doi:10.1007/s42247-026-01498-1
L1,Coinage-Metal-Based Nanostructures: Multifunctional Nanomaterials for Energy Harvesting,"Che Lah, Nurul Akmal",Transactions of Tianjin University,2026,10.1007/s12209-026-00498-w,Springer,http://link.springer.com/openurl/pdf?id=doi:10.1007/s12209-026-00498-w
L1,"Effects of mechanical treatment, salt, and temperature on the properties of lignin-containing cellulose nanofibril/bentonite drilling fluids","Noor, Abdullahi Ahmed",Cellulose,2026,10.1007/s10570-026-07157-2,Springer,http://link.springer.com/openurl/pdf?id=doi:10.1007/s10570-026-07157-2
L1,Advances in piezoelectric materials with diverse crystal structures: from design to applications,"Yang, Danni",Science China Materials,2026,10.1007/s40843-025-4334-9,Springer,http://link.springer.com/openurl/pdf?id=doi:10.1007/s40843-025-4334-9
L1,"Fly Ash Stabilization of Expansive Soils: Mechanisms, Engineering Properties, and Machine Learning Applications — A Comprehensive Review","Yadav, Navin Kumar",Archives of Computational Methods in Engineering,2026,10.1007/s11831-026-10762-w,Springer,http://link.springer.com/openurl/pdf?id=doi:10.1007/s11831-026-10762-w
L1,Enhancing foam production through surfactant synergistic effects: A review of current developments and future prospects,"Rakam, Abhinay",Sādhanā,2026,10.1007/s12046-026-03173-x,Springer,http://link.springer.com/openurl/pdf?id=doi:10.1007/s12046-026-03173-x
L1,"Influence of chitosan incorporation on the thermo-mechanical, fatigue, creep, and flammability behavior of canabo fiber–reinforced epoxy composites","Gayathri, N.",Chemical Papers,2026,10.1007/s11696-026-05314-2,Springer,http://link.springer.com/openurl/pdf?id=doi:10.1007/s11696-026-05314-2
L1,Multivariate optimization of uranium removal via radiation-grafted acrylonitrile/acrylamide polymers on hollow fibers with phosphonic functional group modifications,"Alahyarizadeh, Ghasem",Journal of Radioanalytical and Nuclear Chemistry,2026,10.1007/s10967-026-11079-5,Springer,http://link.springer.com/openurl/pdf?id=doi:10.1007/s10967-026-11079-5
L1,Digital-Twin and IoT-Enabled Closed-Loop Dispatch for Dynamic Ore-Grade Blending in Open-Pit Mining,"Uchkun, Eshonkulov","Mining, Metallurgy & Exploration",2026,10.1007/s42461-026-01667-0,Springer,http://link.springer.com/openurl/pdf?id=doi:10.1007/s42461-026-01667-0
L1,"Insects as a New Source of Biomolecules and their Application in Agroindustry, Cosmetics and Pharmacology","Joubari, Mariam El",Cell Biochemistry and Biophysics,2026,10.1007/s12013-026-02123-y,Springer,http://link.springer.com/openurl/pdf?id=doi:10.1007/s12013-026-02123-y
L1,"Domestic low temperature washing as a critical point in kitchen towel hygiene. Effectiveness of washing temperature, disinfectant and antibacterial finishing","Čuk, Nina",BMC Microbiology,2026,10.1186/s12866-026-05521-7,Springer,https://www.biomedcentral.com/openurl/pdf?id=doi:10.1186/s12866-026-05521-7
L1,One-step melt synthesis of Zn^2+-doped 2D manganese(II)-based coordination polymer phosphors,"Lai, Yuhua",Journal of Central South University,2026,10.1007/s11771-026-6401-4,Springer,http://link.springer.com/openurl/pdf?id=doi:10.1007/s11771-026-6401-4
L1,Progress and Prospects in Cascade Upgrading of CO_2 Electroreduction Products Toward Long-Chain Chemicals,"Ren, Houan",Transactions of Tianjin University,2026,10.1007/s12209-026-00497-x,Springer,http://link.springer.com/openurl/pdf?id=doi:10.1007/s12209-026-00497-x
L1,ETS-guided iPSC-endothelial models recapitulate malaria pathogenesis,"Korbmacher, François",EMBO Molecular Medicine,2026,10.1038/s44321-026-00467-9,Springer,http://link.springer.com/openurl/pdf?id=doi:10.1038/s44321-026-00467-9
L1,Kinetics of aggregation and hydrolysis of water-dispersible polyester in sodium hydroxide solution: processes and interaction mechanism,"Wang, Jie",Colloid and Polymer Science,2026,10.1007/s00396-026-05705-7,Springer,http://link.springer.com/openurl/pdf?id=doi:10.1007/s00396-026-05705-7
L1,Mechanical and wear performance of polyethylene terephthalate glycol and carbon fiber 3D printed composite,"Sravanthi, K.",Iranian Polymer Journal,2026,10.1007/s13726-026-01725-w,Springer,http://link.springer.com/openurl/pdf?id=doi:10.1007/s13726-026-01725-w
L1,"Additive manufacturing of advanced electronic devices: a comprehensive review of materials, processes, and applications","Karuniawan, Bayu Wiro",The International Journal of Advanced Manufacturing Technology,2026,10.1007/s00170-026-18820-0,Springer,http://link.springer.com/openurl/pdf?id=doi:10.1007/s00170-026-18820-0
L1,Solvent-mediated tailoring of charge transport and dielectric behavior in APS-synthesized polypyrrole/carbon black nanocomposites,"Ignasius, Haidy",Journal of Materials Science: Materials in Electronics,2026,10.1007/s10854-026-18212-w,Springer,http://link.springer.com/openurl/pdf?id=doi:10.1007/s10854-026-18212-w
L1,Development and functional assessment of a polymer supported nanoscale iron hybrid for sustainable enhancement of water based drilling fluids,"Jaf, Pshtiwan T.",Discover Nano,2026,10.1186/s11671-026-04840-y,Springer,https://www.biomedcentral.com/openurl/pdf?id=doi:10.1186/s11671-026-04840-y
L1,"Integrated approaches for microplastic detection, risk assessment and sustainable biotechnological remediation","Prasad, Bhairav",Discover Environment,2026,10.1007/s44274-026-00959-y,Springer,http://link.springer.com/openurl/pdf?id=doi:10.1007/s44274-026-00959-y
L1,Challenges and Prospects for the Manufacture of Polymer Liners for Hydrogen Composite Pressure Vessels: An Overview,"Reda, Reham",Journal of Materials Engineering and Performance,2026,10.1007/s11665-026-14741-x,Springer,http://link.springer.com/openurl/pdf?id=doi:10.1007/s11665-026-14741-x
L1,Photothermal Superhydrophobic Textiles: An Emerging Paradigm from Passive Water Repellency to Active Thermal Management,"Sheng, Tianyu",Nano-Micro Letters,2026,10.1007/s40820-026-02323-4,Springer,http://link.springer.com/openurl/pdf?id=doi:10.1007/s40820-026-02323-4
L1,Materials–Structure–Hardware–Algorithm Co-Driven Hierarchical Optimization for Flexible Sensors,"Zhu, Pengyu",Nano-Micro Letters,2026,10.1007/s40820-026-02274-w,Springer,http://link.springer.com/openurl/pdf?id=doi:10.1007/s40820-026-02274-w
L1,"Bibliometric, patent, and systematic review of waste-derived biopolymers and natural functional agents in active and intelligent packaging","Amobonye, Ayodeji",Discover Polymers,2026,10.1007/s44347-026-00058-4,Springer,http://link.springer.com/openurl/pdf?id=doi:10.1007/s44347-026-00058-4
L1,Toward therapnostic integration as a new paradigm for precision management of interstitial cystitis driven by medical-engineering convergence,"Zhang, Weilun",Discover Nano,2026,10.1186/s11671-026-04857-3,Springer,https://www.biomedcentral.com/openurl/pdf?id=doi:10.1186/s11671-026-04857-3
L1,Optimizing metronidazole-loaded PCL films for pH-triggered drug release,"Saghafi, Hanieh",Journal of Polymer Research,2026,10.1007/s10965-026-05071-6,Springer,http://link.springer.com/openurl/pdf?id=doi:10.1007/s10965-026-05071-6
L1,"Geodiversity, Cultural Geology, and Geotourism Potential of the Ukhrul Ophiolite Complex, Northeast India","Angkang, Mirinsing",Geoheritage,2026,10.1007/s12371-026-01419-y,Springer,http://link.springer.com/openurl/pdf?id=doi:10.1007/s12371-026-01419-y
L1,Silk fibroin-based wearable bioelectronics for self-powered healthcare,"Ansari, Ali Imran",International Journal on Interactive Design and Manufacturing (IJIDeM),2026,10.1007/s12008-026-02669-4,Springer,http://link.springer.com/openurl/pdf?id=doi:10.1007/s12008-026-02669-4
L1,Advances in Protein/Metal/Biopolymer Composites for Bone Tissue Regeneration: A Comprehensive Review,"Monisha, K.",Transactions of the Indian Institute of Metals,2026,10.1007/s12666-026-03964-0,Springer,http://link.springer.com/openurl/pdf?id=doi:10.1007/s12666-026-03964-0
L1,Continuous Fabrication of Bioinspired All-Biomass Aerogel Fibers for Thermal Insulation,"Zhou, Meiling",Nano-Micro Letters,2026,10.1007/s40820-026-02332-3,Springer,http://link.springer.com/openurl/pdf?id=doi:10.1007/s40820-026-02332-3
L1,"Modeling of drying kinetics and color change of bacterial cellulose: a comparative study of theoretical, semi-empirical, and machine learning (ANN, SVR, GPR) approaches","Tepe, Fadime Begüm",Cellulose,2026,10.1007/s10570-026-07160-7,Springer,http://link.springer.com/openurl/pdf?id=doi:10.1007/s10570-026-07160-7
L1,Bridging perspectives: utilizing the CCA worldview map to unlock potential for transformation,"Selseng, Torbjørn",Sustainability Science,2026,10.1007/s11625-026-01878-w,Springer,http://link.springer.com/openurl/pdf?id=doi:10.1007/s11625-026-01878-w
L1,A review and perspective on plant scaffolds as economical and sustainable next-generation biomaterials for bioengineering applications,"Kumar, Tukendra",Cellulose,2026,10.1007/s10570-026-07173-2,Springer,http://link.springer.com/openurl/pdf?id=doi:10.1007/s10570-026-07173-2
L1,Development of (polyvinyl alcohol/O-carboxymethyl chitosan/PbO) nanocomposites for efficient gamma radiation protection,"Elkhatib, Ahmed M.",Scientific Reports,2026,10.1038/s41598-026-64674-7,Springer,https://www.nature.com/articles/s41598-026-64674-7.pdf
L1,Recent progress in wood-based polymer composites toward cleaner production and circular material systems,"Kwon, Daeyul",Cellulose,2026,10.1007/s10570-026-07171-4,Springer,http://link.springer.com/openurl/pdf?id=doi:10.1007/s10570-026-07171-4
L1,Three-dimensional templating by translating intrinsic orientational order and topological complexity of liquid crystals into solid architectures,Chinky,Journal of Materials Science,2026,10.1007/s10853-026-13511-3,Springer,http://link.springer.com/openurl/pdf?id=doi:10.1007/s10853-026-13511-3
L1,"Advances in stimuli-responsive hydrogels for liver disease therapy: mechanisms, applications, and translational perspectives","Kuang, Yilin",Drug Delivery and Translational Research,2026,10.1007/s13346-026-02201-x,Springer,http://link.springer.com/openurl/pdf?id=doi:10.1007/s13346-026-02201-x
L1,Synthesis and Characterization of Highly Transparent and Hydrophobic Coating from Emulsified PDMS and Padma River Sand Extracted Silica Nano-Composite,"Tonmoy, Md. Al-Riad",Silicon,2026,10.1007/s12633-026-03762-9,Springer,http://link.springer.com/openurl/pdf?id=doi:10.1007/s12633-026-03762-9
L1,Sustainable cement blends with quartz-aluminum waste and silica-rich pozzolan for high-temperature oil well cementing,"Pereira, Fábio",Discover Concrete and Cement,2026,10.1007/s44416-026-00102-3,Springer,http://link.springer.com/openurl/pdf?id=doi:10.1007/s44416-026-00102-3
L1,Light-responsive systems enable efficient resources recovery in wastewater treatment,"Duraisathiamoorthy, Kiruthikha",Communications Sustainability,2026,10.1038/s44458-026-00137-4,Springer,https://www.nature.com/articles/s44458-026-00137-4.pdf
L1,From natural wood to high-performance composites: role of fiber treatment and graphene nanoplatelets,"Megahed, M.",Scientific Reports,2026,10.1038/s41598-026-64844-7,Springer,https://www.nature.com/articles/s41598-026-64844-7.pdf
L1,Greening Membrane Processes: End-of-life and Energy Management,"Shalaby, Marwa",Chemistry Africa,2026,10.1007/s42250-026-01799-2,Springer,http://link.springer.com/openurl/pdf?id=doi:10.1007/s42250-026-01799-2
L1,Influence of Yarn Micro-Architecture on Coupled Heat and Moisture Transport: Modeling and Validation,"Xu, Wang",Fibers and Polymers,2026,10.1007/s12221-026-01535-0,Springer,http://link.springer.com/openurl/pdf?id=doi:10.1007/s12221-026-01535-0
L1,Wearable Electronics for Precision Diagnosis Through Advanced Manufacturing and Integration,"Gong, Xia",Nano-Micro Letters,2026,10.1007/s40820-026-02311-8,Springer,http://link.springer.com/openurl/pdf?id=doi:10.1007/s40820-026-02311-8
L1,"Investigation of miscibility, acoustical parameters and molecular interactions in PVA–PVP polymer blends through viscosity, ultrasonic velocity, DFT, and molecular docking approaches","Yadav, Preeti",Journal of Molecular Modeling,2026,10.1007/s00894-026-06870-w,Springer,http://link.springer.com/openurl/pdf?id=doi:10.1007/s00894-026-06870-w
L1,"Comparative Investigation of Polyhedral Oligomeric Silsesquioxane, Hydroxyapatite, and Nanoclay on the Mechanical and Swelling Behavior of HNBR/NBR Composites","Vishvanathperumal, S.",Journal of Inorganic and Organometallic Polymers and Materials,2026,10.1007/s10904-026-04492-6,Springer,http://link.springer.com/openurl/pdf?id=doi:10.1007/s10904-026-04492-6
L1,"Critical review on quality, stability and uses of fuel additives for biodiesel","Rehman, Shajia",Chemical Papers,2026,10.1007/s11696-026-05110-y,Springer,http://link.springer.com/openurl/pdf?id=doi:10.1007/s11696-026-05110-y
L1,High-Cell-Density Production of High-Molecular-Weight P(3HB-co-3HHx) from Solvent-Extracted Palm Fibre Oil by Engineered Cupriavidus necator,"Lim, Wei Yang",Journal of Polymers and the Environment,2026,10.1007/s10924-026-03936-x,Springer,http://link.springer.com/openurl/pdf?id=doi:10.1007/s10924-026-03936-x
L1,Stimulus-Responsive Polymeric Carriers for Gene Delivery: Balancing Endosomal Escape with Nucleic Acid Release,"Hulugalla, Kenneth",Pharmaceutical Research,2026,10.1007/s11095-026-04173-6,Springer,http://link.springer.com/openurl/pdf?id=doi:10.1007/s11095-026-04173-6
L1,Development of nitrocellulose-based central ignition system for uniform obscurant cloud generation in thermal and laser countermeasures,"Khattak, Farrukh Naveed",Chemical Papers,2026,10.1007/s11696-026-05385-1,Springer,http://link.springer.com/openurl/pdf?id=doi:10.1007/s11696-026-05385-1
L1,Synthesis and characterization of a shape-stable CA-MA/SEBS composite for low-temperature thermal energy storage,"Jebasingh, B. Eanest",Discover Environment,2026,10.1007/s44274-026-00900-3,Springer,http://link.springer.com/openurl/pdf?id=doi:10.1007/s44274-026-00900-3
L1,Innovative electrolytes for improving the energy density and potential window of electrochemical supercapacitors,"Udayan, Anu Prathap M.",Ionics,2026,10.1007/s11581-026-07437-8,Springer,http://link.springer.com/openurl/pdf?id=doi:10.1007/s11581-026-07437-8
L1,Stabilization of compressed earth blocks using recycled thermoplastics: experimental study of key parameters,"Salem, Laila H.",Scientific Reports,2026,10.1038/s41598-026-64250-z,Springer,https://www.nature.com/articles/s41598-026-64250-z.pdf
L1,Field evaluation of polished desalinated produced water for alfalfa irrigation in a semi-arid environment,"Saddapalli, Teja",Irrigation Science,2026,10.1007/s00271-026-01165-7,Springer,http://link.springer.com/openurl/pdf?id=doi:10.1007/s00271-026-01165-7
L1,Biodegradable polymer-based active packaging: role of functional additives in enhancing food quality and sustainability,"Pandiselvam, R.",Journal of Food Measurement and Characterization,2026,10.1007/s11694-026-04791-z,Springer,http://link.springer.com/openurl/pdf?id=doi:10.1007/s11694-026-04791-z
L1,Study on crystallinity and physical properties of polyvinyl alcohol films regulated by electric field,"Tao, Yuancheng",Journal of Polymer Research,2026,10.1007/s10965-026-05067-2,Springer,http://link.springer.com/openurl/pdf?id=doi:10.1007/s10965-026-05067-2
L1,Soil biodegradation of virgin and recycled cotton and PET based fabrics: physicochemical and biological assessment,"Erayman Yüksel, Yaşar",Biodegradation,2026,10.1007/s10532-026-10343-5,Springer,http://link.springer.com/openurl/pdf?id=doi:10.1007/s10532-026-10343-5
L1,Influence of Coupling Agents and a Carbodiimide-Based Hydrolysis Stabilizer on the (Thermo)Mechanical Properties and Water Degradation of Poly(L-Lactide)- and Polyamide 11-Based Flax Fiber-Reinforced Composites,"Schulte, Sarina",Applied Composite Materials,2026,10.1007/s10443-026-10526-6,Springer,http://link.springer.com/openurl/pdf?id=doi:10.1007/s10443-026-10526-6
L1,Lignin valorization toward eco-friendly agricultural inputs,"Zhang, Xinran",Carbon Research,2026,10.1007/s44246-026-00294-0,Springer,http://link.springer.com/openurl/pdf?id=doi:10.1007/s44246-026-00294-0
L1,Super-hydrophilization of polydimethylsiloxane by combined plasma approach and effect of carbonyl iron filler on surface properties,"Zaplotnik, Rok",Emergent Materials,2026,10.1007/s42247-026-01493-6,Springer,http://link.springer.com/openurl/pdf?id=doi:10.1007/s42247-026-01493-6
L1,Listening to Immunotherapy – Ultrasound and Photoacoustic Imaging Strategies to Guide and Enhance Cancer Treatments,"Aslam, Muskan",Molecular Imaging and Biology,2026,10.1007/s11307-026-02126-4,Springer,http://link.springer.com/openurl/pdf?id=doi:10.1007/s11307-026-02126-4
L1,Biotechnological advances in biomaterial-based strategies for diabetic foot ulcers: drug delivery-based approaches for enhanced angiogenesis and regeneration,"Lamba, Khushi",Biotechnology for Sustainable Materials,2026,10.1186/s44316-026-00061-6,Springer,https://www.biomedcentral.com/openurl/pdf?id=doi:10.1186/s44316-026-00061-6
L1,BODIPY and aza-BODIPY Dyes for Theragnostic Applications,"Rojas-Montoya, Sandra M.",,2026,10.1007/164_2026_832,Springer,http://link.springer.com/openurl/pdf?id=doi:10.1007/164_2026_832
L1,Scalable Manufacture and Cutting-Edge Applications of Electrospun Nanofibrous Assemblies,"Dai, Linqi",Advanced Fiber Materials,2026,10.1007/s42765-026-00760-9,Springer,http://link.springer.com/openurl/pdf?id=doi:10.1007/s42765-026-00760-9
L1,Urban and Industrial Pollution of Water and Soil Systems,"Chaukura, Nhamo",,2026,10.1007/698_2026_1273,Springer,http://link.springer.com/openurl/pdf?id=doi:10.1007/698_2026_1273
L1,"A new organic–inorganic tellurovanadate hybrid: biological activity, electrical conductivity, magnetism, and computational evaluation toward TNBC targets","Makhlouf, Jawher",Journal of the Iranian Chemical Society,2026,10.1007/s13738-026-03586-9,Springer,http://link.springer.com/openurl/pdf?id=doi:10.1007/s13738-026-03586-9
L1,Performance enhancement of blast furnace slag-based geopolymer composites reinforced with natural and synthetic fibers,"Filazi, Ahmet",Emergent Materials,2026,10.1007/s42247-026-01483-8,Springer,http://link.springer.com/openurl/pdf?id=doi:10.1007/s42247-026-01483-8
L1,The stable radical anions generated from perylenediimide functionalized bispillar[5]arene for boosting near-infrared photothermal conversion,"Sang, Luo",Science China Materials,2026,10.1007/s40843-026-4179-x,Springer,http://link.springer.com/openurl/pdf?id=doi:10.1007/s40843-026-4179-x
L1,"Geometallurgy of Lithium Ores: Advances, Challenges and Prospects in Beneficiation Strategies—A review","Saim, Alex Kwasi","Mining, Metallurgy & Exploration",2026,10.1007/s42461-026-01669-y,Springer,http://link.springer.com/openurl/pdf?id=doi:10.1007/s42461-026-01669-y
L1,Alternating CO_2 and bicycloalkane copolymerization to circular polyesters,"Zhu, Min",Nature,2026,10.1038/s41586-026-10848-2,Springer,https://www.nature.com/articles/s41586-026-10848-2.pdf
L1,Development of Ortho Silicic acid Crosslinked Sodium Alginate/PVOH Blend Films Reinforced with Biosynthesised Silver Nanoparticles; Sustainable Approach for the Preservation of Chicken meat,"Havanur, Shiddalingesh G.",BioNanoScience,2026,10.1007/s12668-026-02769-1,Springer,http://link.springer.com/openurl/pdf?id=doi:10.1007/s12668-026-02769-1
L1,Performance Evaluation and Mechanical Response of a Fully Permeable Pavement Utilizing DRP/SBS Surface and VAE-Modified Base,"Zhang, Mingming",Journal of Materials Engineering and Performance,2026,10.1007/s11665-026-14486-7,Springer,http://link.springer.com/openurl/pdf?id=doi:10.1007/s11665-026-14486-7
L1,"A Comprehensive Review of Recent Advances in Sustainable Synthesis of Bio-Based Furanic Compounds Via Chemical, Biological, Chemobiological and Other Combination Approach in Benign Systems","Jiang, Shaojie",Applied Biochemistry and Biotechnology,2026,10.1007/s12010-026-05856-x,Springer,http://link.springer.com/openurl/pdf?id=doi:10.1007/s12010-026-05856-x
L1,Study on temperature- and salt-resistant fracturing fluid thickeners based on nano-organic condensation crosslinking,"Jia, Wendong",Colloid and Polymer Science,2026,10.1007/s00396-026-05692-9,Springer,http://link.springer.com/openurl/pdf?id=doi:10.1007/s00396-026-05692-9
L1,Engineering high-performance reactive hot-melt polyurethanes: the role of chain extenders in modulating polyester polyols properties,"Dehghanian, Arash",Journal of Polymer Research,2026,10.1007/s10965-026-05058-3,Springer,http://link.springer.com/openurl/pdf?id=doi:10.1007/s10965-026-05058-3
L1,"A review on environmental durability and service life prediction of natural fiber composites: mechanisms, strategies, and models","Feng, Huafeng",Cellulose,2026,10.1007/s10570-026-07170-5,Springer,http://link.springer.com/openurl/pdf?id=doi:10.1007/s10570-026-07170-5
L1,"Decarbonizing the Cement Industry: A Systematic Review of Emissions Analysis, Technological Innovations, and Sustainability Strategies","Larik, Temoor Abbas",Process Integration and Optimization for Sustainability,2026,10.1007/s41660-026-00845-3,Springer,http://link.springer.com/openurl/pdf?id=doi:10.1007/s41660-026-00845-3
L1,Mechanical evaluation of 3D printed PLA-cenosphere composite,"Gupta, Ayushi",Journal of Polymer Research,2026,10.1007/s10965-026-05063-6,Springer,http://link.springer.com/openurl/pdf?id=doi:10.1007/s10965-026-05063-6
L1,Microplastic Occurrence in Foragers of Two Neotropical Bee Species (Apidae: Meliponini) from the Eastern Amazon,"Lopes, Bárbara","Water, Air, & Soil Pollution",2026,10.1007/s11270-026-09801-w,Springer,http://link.springer.com/openurl/pdf?id=doi:10.1007/s11270-026-09801-w
L2,Enhanced Water Vapor Barrier and Gas Barrier Properties of Transparent Poly(Butylene Adipate‑Co‑Terephthalate)/Poly(Lactic Acid)/Hexagonal Boron Nitride Nanosheets Composite Films,Ke Wang,No disponible,,10.2139/ssrn.4512613,Crossref,
L2,Enhanced water vapor barrier and gas barrier properties of transparent poly(butylene adipate‑co‑terephthalate)/poly(lactic acid)/hexagonal boron nitride nanosheets composite films,Ke Wang,Materials Letters,2023,10.1016/j.matlet.2023.135171,Crossref,
L2,Improved Oxygen Barrier Properties of Poly (lactic acid)/Poly (butylene adipate-co-terephthalate) Composite Films by Combining “Active” and “Passive” Barrier Techniques,Mengjing Yang,No disponible,,10.2139/ssrn.5415426,Crossref,
L2,"Review for ""Acid-derived bacterial cellulose nanocrystals as organic filler for the generation of high-oxygen barrier bio-nanocomposite coatings""",Desconocido,No disponible,2023,10.1039/d3fb00147d/v2/review1,Crossref,
L2,"Review for ""Acid-derived bacterial cellulose nanocrystals as organic filler for the generation of high-oxygen barrier bio-nanocomposite coatings""",Desconocido,No disponible,2023,10.1039/d3fb00147d/v1/review2,Crossref,
L2,"Review for ""Acid-derived bacterial cellulose nanocrystals as organic filler for the generation of high-oxygen barrier bio-nanocomposite coatings""",Desconocido,No disponible,2023,10.1039/d3fb00147d/v1/review1,Crossref,
L2,Barrier and Biodegradable Properties of Poly(butylene adipate-co-terephthalate) Reinforced with ZnO-Decorated Graphene Rendering it Antibacterial,Desconocido,No disponible,,10.1021/acsapm.2c01507.s001,Crossref,
L2,Hydrophobic Graphene Oxide as a Promising Barrier of Water Vapor for Regenerated Cellulose Nanocomposite Films,Desconocido,No disponible,,10.1021/acsomega.8b02866.s001,Crossref,
L2,Preparation of Poly(ethylene adipate-co-terephthalate) (PEAT)/Thermoplastic Starch (TPS)/Lignin Ternary Composite Film with Excellent UV-Shielding and Barrier Properties via Sustainable High-Value Utilization Strategies for Lignin,Desconocido,No disponible,,10.1021/acsapm.6c01434.s001,Crossref,
L2,"Decision letter for ""Acid-derived bacterial cellulose nanocrystals as organic filler for the generation of high-oxygen barrier bio-nanocomposite coatings""",Desconocido,No disponible,2023,10.1039/d3fb00147d/v2/decision1,Crossref,
L2,"Decision letter for ""Acid-derived bacterial cellulose nanocrystals as organic filler for the generation of high-oxygen barrier bio-nanocomposite coatings""",Desconocido,No disponible,2023,10.1039/d3fb00147d/v1/decision1,Crossref,
L2,High Oxygen Barrier Property of Poly(propylene carbonate)/Polyethylene Glycol Nanocomposites with Low Loading of Cellulose Nanocrytals,Desconocido,No disponible,,10.1021/acssuschemeng.7b01674.s001,Crossref,
L2,Comparing Two Clay Nanoplatelets for Improved Moisture Barrier and Mechanical Performance in High Oxygen Barrier Layer-by-Layer Nanocomposite Coatings,Rahul Manna,No disponible,,10.2139/ssrn.5379268,Crossref,
L2,Effects of Nanofiller-Induced Crystallization on Gas Barrier Properties in Poly(lactic acid)/Montmorillonite Composite Films,Desconocido,No disponible,,10.1021/acs.iecr.0c01771.s001,Crossref,
L2,High-Temperature Multilayer Composite Films of Polyethylene/Ethylene Vinyl Alcohol with Enhanced Flexural Moduli and Gas Barrier Properties,Desconocido,No disponible,,10.1021/acsapm.4c01666.s001,Crossref,
L2,Cellulose Nanocrystal (CNC) Coatings with Controlled Anisotropy as High-Performance Gas Barrier Films,Desconocido,No disponible,,10.1021/acsami.8b16897.s001,Crossref,
L2,Highly Transparent Cross-Linked Cellulose Nanocrystal Coatings with High Gas Barrier and Enhanced Water Resistance for Sustainable Food Packaging,Desconocido,No disponible,,10.1021/acsapm.6c00129.s001,Crossref,
L2,"Interfacial interaction exploration and oxygen barrier potential of polyethylene/poly(ethylene-
                    <i>co</i>
                    -vinyl alcohol)/clay hybrid nanocomposites",Zahed Ahmadi,e-Polymers,2017,10.1515/epoly-2016-0240,Crossref,
L2,Preparation and gas barrier properties of cellulose nanocrystal-silica organic–inorganic hybrid gas barrier membranes with crosslinked structures,Koji Kuraoka,Journal of Sol-Gel Science and Technology,2022,10.1007/s10971-022-05798-w,Crossref,https://link.springer.com/content/pdf/10.1007/s10971-022-05798-w.pdf
L2,Modified nanofibrillated cellulose (NFC) films: different strategies to enhance hydrophobicity and barrier to water vapor and oxygen,Gustavo de Souza,No disponible,,10.11606/t.18.2021.tde-08102021-095559,Crossref,
L2,Superhydrophobic and fluorine-free microfibrillated cellulose-clay composite films for gas barrier applications,Mohammed Arif Poothanari,No disponible,,10.21203/rs.3.rs-2646982/v1,Crossref,
L2,Preparation and barrier property of poly(ethylene terephthalate)/clay nanocomposite using clay‐supported catalyst,Won Joon Choi,Journal of Applied Polymer Science,2006,10.1002/app.23268,Crossref,
L2,Biodegradable Blown Film Composite from Poly (Butylene Adipate Co-Terephthalate) And Talc: Effect of Uniaxial Stretching on Mechanical and Barrier Properties,Blessing  E. Itabana,No disponible,,10.2139/ssrn.4443874,Crossref,
L2,Gas and Water Vapor Barrier Performance of Cellulose NanocrystalCitric Acid-Coated Polypropylene for Flexible Packaging,Desconocido,No disponible,,10.1021/acsapm.0c00483.s001,Crossref,
L2,Gas Barrier Properties of Chemical Vapor-Deposited Graphene to Oxygen Imparted with Sub-electronvolt Kinetic Energy,Desconocido,No disponible,,10.1021/acs.jpclett.0c02112.s009,Crossref,
L2,Gas Barrier Properties of Chemical Vapor-Deposited Graphene to Oxygen Imparted with Sub-electronvolt Kinetic Energy,Desconocido,No disponible,,10.1021/acs.jpclett.0c02112.s007,Crossref,
L2,Gas Barrier Properties of Chemical Vapor-Deposited Graphene to Oxygen Imparted with Sub-electronvolt Kinetic Energy,Desconocido,No disponible,,10.1021/acs.jpclett.0c02112.s002,Crossref,
L2,Gas Barrier Properties of Chemical Vapor-Deposited Graphene to Oxygen Imparted with Sub-electronvolt Kinetic Energy,Desconocido,No disponible,,10.1021/acs.jpclett.0c02112.s004,Crossref,
L2,Gas Barrier Properties of Chemical Vapor-Deposited Graphene to Oxygen Imparted with Sub-electronvolt Kinetic Energy,Desconocido,No disponible,,10.1021/acs.jpclett.0c02112.s008,Crossref,
L2,Gas Barrier Properties of Chemical Vapor-Deposited Graphene to Oxygen Imparted with Sub-electronvolt Kinetic Energy,Desconocido,No disponible,,10.1021/acs.jpclett.0c02112.s001,Crossref,
L2,Gas Barrier Properties of Chemical Vapor-Deposited Graphene to Oxygen Imparted with Sub-electronvolt Kinetic Energy,Desconocido,No disponible,,10.1021/acs.jpclett.0c02112.s005,Crossref,
L2,Gas Barrier Properties of Chemical Vapor-Deposited Graphene to Oxygen Imparted with Sub-electronvolt Kinetic Energy,Desconocido,No disponible,,10.1021/acs.jpclett.0c02112.s006,Crossref,
L2,Gas Barrier Properties of Chemical Vapor-Deposited Graphene to Oxygen Imparted with Sub-electronvolt Kinetic Energy,Desconocido,No disponible,,10.1021/acs.jpclett.0c02112.s010,Crossref,
L2,Gas Barrier Properties of Chemical Vapor-Deposited Graphene to Oxygen Imparted with Sub-electronvolt Kinetic Energy,Desconocido,No disponible,,10.1021/acs.jpclett.0c02112.s003,Crossref,
L2,"Effect Of Compatibilizer: Filler Ratio On The Tensile, Barrier And Thermal Properties Of polyethylene Composite Films Manufactured From Natural Fiber And Nanoclay",Desconocido,Green Polymers and Environmental Pollution Control,2016,10.1201/b19772-9,Crossref,
L2,High barrier graphene/polymer nanocomposite films,Ahmad Allahbakhsh,Food Packaging,2017,10.1016/b978-0-12-804302-8.00020-0,Crossref,
L2,Improved Oxygen Barrier Properties of Poly(Lactic Acid)/Poly(Butylene Adipate‐Co‐Terephthalate) Composite Films by Combining “Active” and “Passive” Barrier Techniques,Mengjing Yang,Polymer Engineering &amp; Science,2026,10.1002/pen.70288,Crossref,https://4spepublications.onlinelibrary.wiley.com/doi/pdf/10.1002/pen.70288
L2,Water and Oxygen Barrier Properties of All-Cellulose Nanocomposites,Desconocido,No disponible,,10.1021/acs.biomac.3c01337.s001,Crossref,
L2,Cephalopods-Inspired Rapid Self-Healing Nanoclay Composite Coatings with Oxygen Barrier and Super-Bubble-Phobic Properties,Desconocido,No disponible,,10.1021/acsami.1c09588.s002,Crossref,
L2,Effect of surfactant and orgnoclay loading on mechanical and gas barrier properties of evoh/clay nanocomposite films,Desconocido,No disponible,,10.58837/chula.the.2006.1608,Crossref,
L2,Cephalopods-Inspired Rapid Self-Healing Nanoclay Composite Coatings with Oxygen Barrier and Super-Bubble-Phobic Properties,Desconocido,No disponible,,10.1021/acsami.1c09588.s001,Crossref,
L2,Gas Barrier Polymer Nanocomposite Films Prepared by Graphene Oxide Encapsulated Polystyrene Microparticles,Desconocido,No disponible,,10.1021/acsapm.9b01041.s001,Crossref,
L2,Highly Efficient Composite Barrier Wall Consisting of Concentrated Graphene Oxide Nanosheets and Impermeable Crystalline Structure for Poly(lactic acid) Nanocomposite Films,Desconocido,No disponible,,10.1021/acs.iecr.6b02168.s001,Crossref,
L2,Cellulose Nanocrystal-Reinforced Poly(vinyl alcohol) Barrier Membranes Leveraging Hydroxy-Functionalized Surfaces to Promote Guided Bone Regeneration,Desconocido,No disponible,,10.1021/acsbiomaterials.5c00825.s001,Crossref,
L2,One-step co-assembly of nanocomposite coatings on thin-film substrates for vapor barrier applications,Anna Marie LaChance,No disponible,,10.1021/scimeetings.0c04496,Crossref,
L2,Gas barrier efficiency of clay- and graphene-poly(isobutylene-co-isoprene) nanocomposite membranes evidenced by a quantum resistive vapor sensor cell,J. F. Feller,Nanocomposites,2015,10.1179/2055033215y.0000000006,Crossref,
L2,One-step co-assembly of nanocomposite coatings on thin-film substrates for vapor barrier applications,Anna Marie LaChance,No disponible,,10.1021/scimeetings.0c04497,Crossref,
L2,Novel preparation method for enhancing nanoparticle dispersion and barrier properties of poly(ethylene terephthalate) and poly(<i>m</i>‐xylylene adipamide),Yin Wang,Journal of Applied Polymer Science,2013,10.1002/app.38853,Crossref,
L2,High Oxygen Barrier Thin Film from Aqueous Polymer/Clay Slurry,Desconocido,No disponible,,10.1021/acs.iecr.8b01077.s001,Crossref,
L2,Cephalopods Inspired Rapid Self-Healing Nanoclay Composite Coatings with Oxygen Barrier and Super-Bubble-Phobic Properties,Kengo Manabe,No disponible,,10.26434/chemrxiv.14625993.v1,Crossref,
L2,Preparation of functionalized MXene-stitched-graphene oxide/poly (ethylene-co-acrylic acid) nanocomposite with enhanced hydrogen gas barrier properties,Ok Beom Seo,Journal of Membrane Science,2021,10.1016/j.memsci.2021.119839,Crossref,
L2,"Author response for ""Acid-derived bacterial cellulose nanocrystals as organic filler for the generation of high-oxygen barrier bio-nanocomposite coatings""",Daniele Carullo,No disponible,2023,10.1039/d3fb00147d/v2/response1,Crossref,
L2,Multilayer Chitin–Chitosan–Cellulose Barrier Coatings on Poly(ethylene terephthalate),Zeyang Yu,ACS Applied Polymer Materials,2022,10.1021/acsapm.2c01059,Crossref,https://pubs.acs.org/doi/pdf/10.1021/acsapm.2c01059
L2,Biodegradable Starch-Based Nanocomposite Films with Exceptional Water and Oxygen Barrier Properties,Desconocido,No disponible,,10.1021/acssuschemeng.4c04198.s001,Crossref,
L2,"Reactive Extrusion of Polylactic Acid/Cellulose Nanocrystal Films for Food Packaging Applications: Influence of Filler Type on Thermomechanical, Rheological, and Barrier Properties",Desconocido,No disponible,,10.1021/acs.iecr.6b04699.s001,Crossref,
L2,Effect of different blend compositions on properties of low-density polyethylene/ethylene vinyl alcohol/clay toward high oxygen barrier nanocomposite films,M. Rahnama,"Polymer Science, Series A",2017,10.1134/s0965545x1704006x,Crossref,https://link.springer.com/content/pdf/10.1134/S0965545X1704006X.pdf
L2,Preparation of κ-Al2O3/resin composite coating on polyethylene terephthalate foil for gas-permeation barrier,Wenjea J. Tseng,Ceramics International,2014,10.1016/j.ceramint.2014.08.048,Crossref,
L2,Water vapor barrier property of organic–silica nanocomposite derived from perhydropolysilazane on polyvinyl alcohol substrate,Reiko Saito,Polymer,2008,10.1016/j.polymer.2008.08.040,Crossref,
L2,Nanocrystalline cellulose acetate (NCCA)/graphene oxide (GO) nanocomposites with enhanced mechanical properties and barrier against water vapor,Roya Kabiri,Cellulose,2014,10.1007/s10570-014-0366-4,Crossref,http://link.springer.com/content/pdf/10.1007/s10570-014-0366-4.pdf
L2,Layer-by-Layer Film Using Clay-Polyethylene Glycol Complex with Oxygen Barrier,Jeong Hyun Lee,No disponible,,10.2139/ssrn.4695451,Crossref,
L2,"Cost-effective high-performance poly(butylene adipate-co-terephthalate)/sodium lignosulfonate composite films with enhanced biodegradability, UV protection and oxygen barrier properties",Chenhao Yu,International Journal of Biological Macromolecules,2026,10.1016/j.ijbiomac.2026.152012,Crossref,
L2,Poly(butylene adipate-co-terephthalate)/synthetic hectorite clay nanocomposite coated paper-based sustainable barrier materials for packaging application,Bapan Adak,Progress in Organic Coatings,2025,10.1016/j.porgcoat.2025.109549,Crossref,
L2,"Evaluation of Clay Loaded Polyurethane Nanocomposite Coatings for Thermal, Mechanical and Water Barrier Performance",Mohammad Babar,No disponible,,10.2139/ssrn.4930775,Crossref,
L2,Cellulose Nanocrystals and Corn Zein Oxygen and Water Vapor Barrier Biocomposite Films,Tal Ben Shalom,Nanomaterials,2021,10.3390/nano11010247,Crossref,
L2,"Supercritical carbon dioxide (scCO<sub>2</sub>) dispersion of poly(ethylene terephthalate)/clay nanocomposites: Structural, mechanical, thermal, and barrier properties",Fengyuan Yang,Journal of Applied Polymer Science,2017,10.1002/app.44779,Crossref,https://api.wiley.com/onlinelibrary/tdm/v1/articles/10.1002%2Fapp.44779
L2,Biodegradable Poly(Butylene Adipate‐Co‐Terephthalate)/Poly(Propylene Carbonate)/Talc Composite Films With Enhanced Oxygen and Water Barrier Properties,Liang Cai,Journal of Applied Polymer Science,2026,10.1002/app.58125,Crossref,
L2,Ecofriendly Fabrication of Modified Graphene Oxide Latex Nanocomposites with High Oxygen Barrier Performance,Desconocido,No disponible,,10.1021/acsami.6b11554.s001,Crossref,
L2,Edge Charge Neutralization of Clay for Improved Oxygen Gas Barrier in Multilayer Nanobrick Wall Thin Films,Desconocido,No disponible,,10.1021/acsami.6b12937.s001,Crossref,
L2,"Effect of Compatibilizer: Filler Ratio on the Tensile, Barrier and Thermal Properties of Polyethylene Composite Films Manufactured from Natural Fiber and Nanoclay",Khaliq Majeed,Green Polymers and Environmental Pollution Control,2015,10.1201/b19772-4,Crossref,
L2,Effect of Metal Ions on the Water Vapor Barrier Properties of Spray Coated Cellulose Nanofiber (CNF) Nano Montmorillonite (MMT) Composite,Kirubanandan Shanmugam,Med Discoveries,2025,10.52768/2993-1142/1282,Crossref,
L2,Flexible Cellulose Nanofiber (CNF)-Nano- Montmorillonite (MMT) Composite Sheet Structure and Water Vapor Barrier Performance,Kirubanandan Shanmugam,Scientific and Social Research,2024,10.26689/ssr.v6i7.6416,Crossref,https://ojs.bbwpublisher.com/index.php/ssr/article/download/6416/6635
L2,Flexible Poly(vinyl chloride) Nanocomposites Reinforced with Hyperbranched PolyglycerolFunctionalized Graphene Oxide for Enhanced Gas Barrier Performance,Desconocido,No disponible,,10.1021/acsami.7b10257.s001,Crossref,
L2,Synthesis of water vapor barrier membrane by coating of poly(vinyl alcohol) substrate with poly(<i>tert</i>‐butyl acrylate)‐silica nanocomposite,Reiko Saito,Polymers for Advanced Technologies,2009,10.1002/pat.1264,Crossref,https://api.wiley.com/onlinelibrary/tdm/v1/articles/10.1002%2Fpat.1264
L2,Poly(lactic acid)/Poly(butylene succinate) (PLA/PBS) Layered Composite Gas Barrier Membranes by Anisotropic Janus Nanosheets Compartibilizers,Desconocido,No disponible,,10.1021/acsmacrolett.2c00139.s001,Crossref,
L2,Effect of Heating and Drying on Clay-Barrier Gas-Permeability,Bohan Zhou,Geo-Congress 2022,2022,10.1061/9780784484050.036,Crossref,
L2,Transmission of electron through monolayer graphene laser barrier,C. Sinha,Applied Physics Letters,2012,10.1063/1.4710525,Crossref,https://pubs.aip.org/aip/apl/article-pdf/doi/10.1063/1.4710525/14245243/183107_1_online.pdf
L2,Green Composites of Poly(3-hydroxybutyrate) Containing Graphene Nanoplatelets with Desirable Electrical Conductivity and Oxygen Barrier Properties,Desconocido,No disponible,,10.1021/acsomega.9b02528.s001,Crossref,
L2,Effect of Heating and Drying on Clay-Barrier Gas-Permeability,M. Sanchez,Transactions of the American Nuclear Society - Volume 123,2020,10.13182/t123-33160,Crossref,
L2,Biodegradable Poly(Lactic Acid)/Perkalite Clay Nanocomposites: Gas Barrier Properties,Chuenkhwan Tipachan,Key Engineering Materials,2016,10.4028/www.scientific.net/kem.718.10,Crossref,
L2,Superhydrophobic Coating Polymer/Silica Nanocomposites: Enhancing Water Vapor Barrier Properties of Packaging Paper with Ultra-Thin PS/silica nanocomposite polymer Coating,Maha Sultan,Egyptian Journal of Chemistry,2018,10.21608/ejchem.2018.3842.1374,Crossref,
L2,"Incorporation of Vitamin D Food Additive for Improved Mechanical, Barrier and Oxygen Transmission Properties of Poly(lactic-acid) Based Biocomposite Films",Dailami Shuaibu Adam Masokano,ChemClass Journal,2025,10.33003/chemclass-2025-0901/143,Crossref,https://chemclassjournal.com/index.php/chemclass/article/download/143/142
L2,Gas Barrier Performances of Silica Films Deposited on Poly(Ethylene Terephthalate) Substrates by Plasma-Enhanced CVD,Katsuya TESHIMA,Journal of The Surface Finishing Society of Japan,2004,10.4139/sfj.55.373,Crossref,
L2,Barrier performance of expanded polystyrene/poly (ethylene-co-vinyl acetate) nanocomposite membrane for petrochemicals,N G Salini,Journal of Polymer Research,2021,10.1007/s10965-021-02721-9,Crossref,https://link.springer.com/content/pdf/10.1007/s10965-021-02721-9.pdf
L2,Facile fabrication of transparent cellulose films with high water repellency and gas barrier properties,Quanling Yang,Cellulose,2012,10.1007/s10570-012-9790-5,Crossref,http://link.springer.com/content/pdf/10.1007/s10570-012-9790-5.pdf
L2,Improvement in Strength and Vapor Barrier Properties of Cellulose Composite Sheets with Chitosan and Carboxymethyl Cellulose,Desconocido,Biological Engineering Transactions,2014,10.13031/bet7.10648,Crossref,
L2,Two-Dimensional Stacked Composites of Self-Assembled Alkane Layers and Graphene for Transparent Gas Barrier Films with Low Permeability,Desconocido,No disponible,,10.1021/acs.nanolett.1c03761.s001,Crossref,
L2,Substitution of nanoclay in high gas barrier films of cellulose nanofibrils with cellulose nanocrystals and thermal treatment,Raphael Bardet,Cellulose,2015,10.1007/s10570-015-0547-9,Crossref,http://link.springer.com/content/pdf/10.1007/s10570-015-0547-9.pdf
L2,Strain Effect on Transmission in Graphene Laser Barrier,Ahmed Jellal,SSRN Electronic Journal,,10.2139/ssrn.3991819,Crossref,
L2,Water vapor barrier properties of coated and filled microfibrillated cellulose composite films,Kelley Spence,BioResources,2011,10.15376/biores.6.4.4370-4388,Crossref,
L2,Probing barrier transmission in ballistic graphene,Daniel Gunlycke,Physical Review B,2015,10.1103/physrevb.91.075425,Crossref,
L2,Gas barrier properties of inorganic–organic nanocomposite gas barrier membranes with high content of layered double hydroxide (LDH) using surface modified LDH,Koji KURAOKA,Journal of the Ceramic Society of Japan,2020,10.2109/jcersj2.20045,Crossref,
L2,Effect of Metal Ions on the water vapor barrier properties of spray coated Cellulose Nanofiber (CNF)- Nano-Montmorillonite (MMT) composite,Kirubanandan Shanmugam,Journal of Coating Technology and Innovation,2026,10.61577/jcti.2025.1000017,Crossref,
L2,Flexible poly(vinyl alcohol-co-ethylene)/modified MMT moisture barrier composite for encapsulating organic devices,Sindhu Seethamraju,RSC Advances,2013,10.1039/c3ra41557k,Crossref,
L2,Transparent maltitol- cellulose nanocrystal film for high performance barrier,Naghmeh Nasiri,Cellulose,2024,10.1007/s10570-024-06022-4,Crossref,https://link.springer.com/content/pdf/10.1007/s10570-024-06022-4.pdf
L2,Interfacial Barrier of Ion Transport in Poly(ethylene oxide)Li7La3Zr2O12 Composite Electrolytes Illustrated by 6Li-Tracer Nuclear Magnetic Resonance Spectroscopy,Desconocido,No disponible,,10.1021/acs.jpclett.1c04085.s001,Crossref,
L2,Effect of clay contents on mechanical and water vapor barrier properties of agar-based nanocomposite films,Jong-Whan Rhim,Carbohydrate Polymers,2011,10.1016/j.carbpol.2011.05.010,Crossref,
L2,Acid-derived bacterial cellulose nanocrystals as organic filler for the generation of high-oxygen barrier bio-nanocomposite coatings,Daniele Carullo,Sustainable Food Technology,2023,10.1039/d3fb00147d,Crossref,
L2,"Effect of Chain Dynamics, Crystallinity, and Free Volume on the Barrier Properties of Poly(ethylene terephthalate) Biaxially Oriented Films",S. Zekriardehani,Macromolecules,2017,10.1021/acs.macromol.7b00198,Crossref,
L2,Improving the oxygen barrier properties of polyethylene terephthalate by graphite nanoplatelets,Ahmad Al‐Jabareen,Journal of Applied Polymer Science,2013,10.1002/app.38302,Crossref,
L2,Influence of coating structure of an SiOx barrier coating on a PET substrate on water vapor permeation activation energy,J. Franke,No disponible,2024,10.51573/andes.pps39.gs.nn.1,Crossref,
L2,Barrier properties of poly(ethylene‐<i>co</i>‐vinyl acetate)/cellulose composite membranes,Silviya Elanthikkal,Polymer Engineering &amp; Science,2012,10.1002/pen.23172,Crossref,
L2,Photocured epoxy/graphene nanocomposites with enhanced water vapor barrier properties,M. Periolatto,AIP Conference Proceedings,2016,10.1063/1.4949619,Crossref,
L2,"Cellulose Functionalized High Molecular Weight Stereocomplex Polylactic Acid Biocomposite Films with Improved Gas Barrier, Thermomechanical Properties",Desconocido,No disponible,,10.1021/acssuschemeng.7b01059.s001,Crossref,
L2,Temperature dependence of gas barrier property of clay-polymer composite coatings,Takafumi Aizawa,Applied Clay Science,2022,10.1016/j.clay.2022.106571,Crossref,
L2,"Retraction notice to: The barrier properties of polyethylene terephthalate to mixtures of oxygen, carbon dioxide and nitrogen",E.L.V. Lewis,Polymer,2003,10.1016/s0032-3861(02)00933-3,Crossref,
L2,Cellulose Nanocrystal Reinforced Chitosan Based UV Barrier Composite Films for Sustainable Packaging,Mithilesh Yadav,Polymers,2020,10.3390/polym12010202,Crossref,
L2,Nanoclay Reinforced UV Curable High-barrier Coatings,Fawn M. Uhl,Composite Technologies for 2020,2004,10.1016/b978-1-85573-831-7.50122-x,Crossref,
L2,"High-Barrier, Photothermal Conversion, and Antibacterial Composite Enabled by Kraft Lignin-Coated Cellulose Paper for Plastic Replacement",Desconocido,No disponible,,10.1021/acssuschemeng.4c06798.s001,Crossref,
L2,Poly(vinyl alcohol)/cellulose nanocrystal barrier membranes,Shweta A. Paralikar,Journal of Membrane Science,2008,10.1016/j.memsci.2008.04.009,Crossref,
L2,"An Easy Route to Wettability Changes of Polyethylene Terephthalate–Silicon Oxide Substrate Films for High Barrier Applications, Surface-Modified with a Self-Assembled Monolayer of Fluoroalkylsilanes",Paola Scarfato,Polymers,2019,10.3390/polym11020257,Crossref,
L2,Enhanced oxygen barrier property of poly(ethylene oxide) films crystallite-oriented by adding cellulose single nanofibers,Miki Noda Fukuya,Polymer,2014,10.1016/j.polymer.2014.09.003,Crossref,
L2,"Barrier, Biodegradation, and mechanical properties of (Rice husk)/(Montmorillonite) hybrid filler‐filled low‐density polyethylene nanocomposite films",Khaliq Majeed,Journal of Vinyl and Additive Technology,2017,10.1002/vnl.21499,Crossref,https://api.wiley.com/onlinelibrary/tdm/v1/articles/10.1002%2Fvnl.21499
L2,Starch-cellulose nanofibril multilayer coated paper with enhanced oxygen and water vapor barrier for food packaging applications,Yufei Nan,No disponible,,10.2139/ssrn.6603318,Crossref,
L2,Fluorine Free Surface Modification of Microfibrillated Cellulose-Clay Composite Films: Effect of Hydrophobicity on Gas Barrier Performance,Mohammed Arif Poothanari,Surfaces,2024,10.3390/surfaces7020019,Crossref,
L2,"Tensile, water vapor barrier and antimicrobial properties of PLA/nanoclay composite films",Jong-Whan Rhim,LWT - Food Science and Technology,2009,10.1016/j.lwt.2008.02.015,Crossref,
L2,Oxygen Gas Barrier Property of Monolayer CVD Graphene,Takatoshi Yamada,MEMBRANE,2022,10.5360/membrane.47.92,Crossref,
L2,Parylene-Coated Cellulose Nanofiber Films with Improved Oxygen Barrier and Water Resistance,Dongyeop X. Oh,Materials Science Forum,2018,10.4028/www.scientific.net/msf.926.73,Crossref,
L2,Biodegradable graphene oxide nanosheets/poly-(butylene adipate-co-terephthalate) nanocomposite film with enhanced gas and water vapor barrier properties,Peng-Gang Ren,Polymer Testing,2017,10.1016/j.polymertesting.2016.12.022,Crossref,
L2,SiO<b><i><sub>x</sub></i></b>layer as functional barrier in polyethylene terephthalate (PET) bottles against potential contaminants from post-consumer recycled PET,Frank Welle,Food Additives &amp; Contaminants: Part A,2008,10.1080/02652030701704755,Crossref,
L2,Composite Films Based on Nanocellulose and Nanoclay Minerals as High Strength Materials with Gas Barrier Capabilities: Key Points and Challenges,José António Ferreira Gamelas,BioResources,2015,10.15376/biores.10.4.6310-6313,Crossref,
L2,"Designing a High Barrier, Tough and Self-Repairing Epoxy Composite Coatings with Ce-Mof Decorated 2d Α-Zrp Smart Nanofiller",Yiqian Lv,No disponible,,10.2139/ssrn.4805576,Crossref,
L2,"Microwave assisted HMDSO/oxygen plasma coated polyethylene terephthalate films: Effects of process parameters and uniaxial strain on gas barrier properties, surface morphology, and chemical composition",Ernst Schmachtenberg,Journal of Applied Polymer Science,2006,10.1002/app.21266,Crossref,
L2,Effect of Heating and Drying on Clay-Barrier Gas-Permeability,Bohan Zhou,Transactions of the American Nuclear Society,2020,10.13182/t130-33160,Crossref,
L2,"Assessment of Mechanical, Water Barrier and Anti-Microbial Properties of Paper Sheets Loaded with Hyperbranched Polyester/ Graphene Oxide Composite and Effect of FlaxSeed-Gel Coatings",Mona H. Abdel Rehim,Egyptian Journal of Chemistry,2021,10.21608/ejchem.2021.84381.4132,Crossref,
L2,"Effect of montmorillonite (MMT) content on the mechanical, oxygen barrier, and thermal properties of rice husk/MMT hybrid filler-filled low-density polyethylene nanocomposite blown films",Khaliq Majeed,Journal of Thermoplastic Composite Materials,2016,10.1177/0892705714554492,Crossref,https://journals.sagepub.com/doi/pdf/10.1177/0892705714554492
L2,A Review on Barrier Properties of Cellulose/Clay Nanocomposite Polymers for Packaging Applications,Sandile Jali,Polymers,2023,10.3390/polym16010051,Crossref,
L2,Mechanical and Gas Barrier Properties of Nylon 6/Clay Nanocomposite Blown Films,Anongnat Somwangthanaroj,Engineering Journal,2012,10.4186/ej.2012.16.2.93,Crossref,
L2,"Mechanisms of permeation of helium, hydrogen, oxygen, and water vapor through silicate-based composite barrier coating layers",Stefan Schiessl,Surface and Coatings Technology,2024,10.1016/j.surfcoat.2024.130800,Crossref,
L2,Achieving ultrahigh gas barrier by constructing 3D oxygen scavenging and hydrophobic isolation network structure in polyethylene terephthalate-polyethylene naphthalate,Li-Jun Quan,Materials Today Chemistry,2025,10.1016/j.mtchem.2024.102501,Crossref,
L2,Enhancement of Toughness and Barrier Properties in Polybutylene Adipate Terephthalate/Polylactic Acid Composite Films by Modified Halloysite Nanotubes,Bin Li,Journal of Vinyl and Additive Technology,2026,10.1002/vnl.70034,Crossref,https://4spepublications.onlinelibrary.wiley.com/doi/pdf/10.1002/vnl.70034
L2,Poly(ethylene terephthalate) modified with aromatic bisester diamides: Thermal and oxygen barrier properties,Michael R. Hibbs,Journal of Polymer Science Part A: Polymer Chemistry,2004,10.1002/pola.11075,Crossref,
L2,"Influences of modified bacterial cellulose nanofibers (BCNs) on structural, thermophysical, optical, and barrier properties of poly ethylene-co-vinyl acetate (EVA) nanocomposite",Shila Shirdel Ghadikolaei,International Journal of Biological Macromolecules,2018,10.1016/j.ijbiomac.2018.04.071,Crossref,
L2,Biomimetic Water Vapor Barrier Composite Films,Li Han,Applied Mechanics and Materials,2012,10.4028/www.scientific.net/amm.200.356,Crossref,
L2,Improvement of barrier properties of bio-based polyester nanocomposite membranes by water-assisted extrusion,Sébastien Charlon,Journal of Membrane Science,2015,10.1016/j.memsci.2015.08.043,Crossref,
L2,"Biodegradable Polyester-Starch Composite Films Functionalized with Phenolic Compounds: Advances, Challenges, and Prospects for Sustainable Active Packaging.",Bongsoo Shin,Polymers,2026,10.3390/polym18121437,PubMed,
L2,Welding UV-blocking cellulose nanocrystals onto PET fibers via surface dissolution for durable functional textiles.,Yingzhan Li,International journal of biological macromolecules,2026,10.1016/j.ijbiomac.2026.151871,PubMed,
L2,Incorporating PET-MIL-101(Fe) within cellulose acetate membrane for thin film microextraction of neonicotinoid insecticides in water.,Silindokuhle Jakavula,Scientific reports,2025,10.1038/s41598-025-18447-3,PubMed,
L2,Comparison of the Influence of Polypropylene (PP) or Polybutylene Terephthalate (PBT)-Based Meltblown and Polyester/Polyamide-Based Hydroentangled Inner Layers on the Sound and Thermal Insulation Properties of Layered Nonwoven Composite Structures.,Emel Çinçik,Polymers,2025,10.3390/polym17010101,PubMed,
L2,"Composite electrospun membranes from cellulose nanocrystals, castor oil, and poly(ethylene terephthalate): Air permeability, thermal stability, and other relevant properties.",Rachel Passos de Oliveira Santos,International journal of biological macromolecules,2025,10.1016/j.ijbiomac.2024.138437,PubMed,
L2,Flexible and Recyclable Bio-Based Polyester Composite Films with Outstanding Mechanical and Gas Barrier Properties Using Leaf-Shaped CNT@BNNS Covalent Heterojunction.,Jiheng Ding,"Small (Weinheim an der Bergstrasse, Germany)",2024,10.1002/smll.202406958,PubMed,
L2,Physicochemical Properties of Cellulose Nanocrystals Extracted from Postconsumer Polyester/Cotton-Blended Fabrics and Their Effects on PVA Composite Films.,Rivalani Baloyi Baloyi,Polymers,2024,10.3390/polym16111495,PubMed,
L2,Brain delivery enabled by transient blood-brain barrier disruption induced by regadenoson: a PET imaging study.,Benoit Hosten,Expert opinion on drug delivery,2024,10.1080/17425247.2024.2369765,PubMed,
L2,"Polycaprolactone composite films infused with hyperbranched polyester/reduced graphene oxide: influence on biodegradability, gas/water transport and antimicrobial properties for sustainable packaging.",Ahmed F Ghanem,RSC advances,2024,10.1039/d3ra08948g,PubMed,
L2,Unravelling the thermal behavior and kinetics of unsaturated polyester resin supplemented with organo-nanoclay.,Ayoub Chencheni,RSC advances,2024,10.1039/d3ra06076d,PubMed,
L2,The Reduction Factor of Pultrude Glass Fibre-Reinforced Polyester Composite Cross-Arm: A Comparative Study on Mathematical Modelling for Life-Span Prediction.,Mohd Supian Abu Bakar,"Materials (Basel, Switzerland)",2023,10.3390/ma16155328,PubMed,
L2,Polyethylene Terephthalate Composite Films with Enhanced Flame Retardancy and Gas Barrier Properties via Self-Assembly Nanocoating.,Tao Zou,"Nanomaterials (Basel, Switzerland)",2023,10.3390/nano13132018,PubMed,
L2,Graphene Oxide Facilitates Transformation of Waste PET into MOF Nanorods in Ionic Liquids.,Deepa Gangaraju,Polymers,2023,10.3390/polym15112479,PubMed,
L2,Non-Linear Conductivity Response of Graphene on Thin-Film PET Characterized by Transmission and Reflection Air-Plasma THz-TDS.,Binbin Zhou,"Sensors (Basel, Switzerland)",2023,10.3390/s23073669,PubMed,
L2,Comparative Analysis of Elastic Polyester Sportswear Fabrics with Printed Graphene Patterns.,Simona Vasile,"Materials (Basel, Switzerland)",2023,10.3390/ma16052028,PubMed,
L2,Development of Photoluminescent and Photochromic Polyester Nanocomposite Reinforced with Electrospun Glass Nanofibers.,Mahmoud T Abdu,Polymers,2023,10.3390/polym15030761,PubMed,
L2,Breathability and Moisture Permeability of Cellulose Nanocrystals Hollow Microsphere Coatings for PET Fabrics.,Fan Zhang,Polymers,2022,10.3390/polym14245345,PubMed,
L2,Cellulose nanofiber-poly(ethylene terephthalate) nanocomposite membrane from waste materials for treatment of petroleum industry wastewater.,Chinmoy Bhuyan,Journal of hazardous materials,2023,10.1016/j.jhazmat.2022.129955,PubMed,
L2,"Flexible Pressure Sensor Decorated with MXene and Reduced Graphene Oxide Composites for Motion Detection, Information Transmission, and Pressure Sensing Performance.",Ning Yang,ACS applied materials & interfaces,2022,10.1021/acsami.2c16028,PubMed,
L2,"Roll-to-Roll, Dual-Layer Slot Die Coating of Chitin and Cellulose Oxygen Barrier Films for Renewable Packaging.",Kwangjun Jung,ACS applied materials & interfaces,2022,10.1021/acsami.2c09925,PubMed,
L2,Graphene-Based Absorption-Transmission Multi-Functional Tunable THz Metamaterials.,Shulei Zhuang,Micromachines,2022,10.3390/mi13081239,PubMed,
L2,Gas permeation and microstructure of reduced graphene oxide/polyethyleneimine multilayer films created ,Chongshan Yin,RSC advances,2022,10.1039/d1ra09205g,PubMed,
L2,Fast-Setting Permeable Alkyd/Polyester Composites: Moulding Sands.,Wojciech Voytek S Gutowski,Polymers,2021,10.3390/polym13244386,PubMed,
L2,Exploring Impacts of Hyper-Branched Polyester Surface Modification of Graphene Oxide on the Mechanical Performances of Acrylonitrile-Butadiene-Styrene.,Xuebing Chen,Polymers,2021,10.3390/polym13162614,PubMed,
L2,"Morphological, Thermal, and Mechanical Properties of Electrospun Recycled Poly(ethylene terephthalate)/Graphene Oxide Composite Nanofiber Membranes.",Koena Selatile,ACS omega,2021,10.1021/acsomega.1c02578,PubMed,
L2,Electrospun Poly(ethylene Terephthalate)/Silk Fibroin Composite for Filtration Application.,Alena Opálková Šišková,Polymers,2021,10.3390/polym13152499,PubMed,
L2,Shelf Life of Fresh Sliced Sea Bream Pack in PET Nanocomposite Trays.,Teresa Fernández-Menéndez,Polymers,2021,10.3390/polym13121974,PubMed,
L2,Application of PET/Sepiolite Nanocomposite Trays to Improve Food Quality.,Teresa Fernández-Menéndez,"Foods (Basel, Switzerland)",2021,10.3390/foods10061188,PubMed,
L2,Diamine vapor treatment of viscoelastic graphene oxide liquid crystal for gas barrier coating.,Seung Eun Choi,Scientific reports,2021,10.1038/s41598-021-88955-5,PubMed,
L2,"Functionalization of PET with Phosphazene Grafted Graphene Oxide for Synthesis, Flammability, and Mechanism.",Lifei Wei,"Materials (Basel, Switzerland)",2021,10.3390/ma14061470,PubMed,
L2,Hydrogenated Graphene Improves Neuronal Network Maturation and Excitatory Transmission.,Matteo Moschetta,Advanced biology,2021,10.1002/adbi.202000177,PubMed,
L2,Porous Optically Transparent Cellulose Acetate Scaffolds for Biomimetic Blood-Brain Barrier,Attilio Marino,Frontiers in bioengineering and biotechnology,2021,10.3389/fbioe.2021.630063,PubMed,
L2,Effect of whey protein isolate/chitosan/microcrystalline cellulose/PET multilayer bottles on the shelf life of rosebud beverages.,Zi-Chun Wang,Food chemistry,2021,10.1016/j.foodchem.2021.129006,PubMed,
L2,Super Gas Barrier of a Polyelectrolyte/Clay Coacervate Thin Film.,Hsu-Cheng Chiang,Macromolecular rapid communications,2021,10.1002/marc.202000540,PubMed,
L2,Modification of PET Ion-Track Membranes by Silica Nanoparticles for Direct Contact Membrane Distillation of Salt Solutions.,Ilya V Korolkov,Membranes,2020,10.3390/membranes10110322,PubMed,
L2,An energy efficient production of high moisture barrier nanocellulose/carboxymethyl cellulose films via spray-deposition technique.,Humayun Nadeem,Carbohydrate polymers,2020,10.1016/j.carbpol.2020.116911,PubMed,
L2,"Transparent, water-stable, cellulose nanofiber-based packaging film with a low oxygen permeability.",Joong-Kwon Kim,Carbohydrate polymers,2020,10.1016/j.carbpol.2020.116823,PubMed,
L2,Polymer nanotechnology: Nanocomposites,D.R. Paul,Polymer,2008,10.1016/j.polymer.2008.04.017,OpenAlex,https://www.sciencedirect.com/science/article/pii/S0032386108003157/pdf
L2,Mechanical properties of graphene and graphene-based nanocomposites,Dimitrios G. Papageorgiou,Progress in Materials Science,2017,10.1016/j.pmatsci.2017.07.004,OpenAlex,https://www.sciencedirect.com/science/article/pii/S0079642517300968/pdf
L2,Nano-biocomposites: Biodegradable polyester/nanoclay systems,Perrine Bordes,Progress in Polymer Science,2008,10.1016/j.progpolymsci.2008.10.002,OpenAlex,
L2,Polymer-clay nanocomposites,Thomas J. Pinnavaia,Medical Entomology and Zoology,2000,,OpenAlex,
L2,Graphene-based composites,Xiao Huang,Chemical Society Reviews,2011,10.1039/c1cs15078b,OpenAlex,https://pubs.rsc.org/en/content/articlepdf/2012/cs/c1cs15078b
L2,"Polymer Nanocomposites—A Comparison between Carbon Nanotubes, Graphene, and Clay as Nanofillers",Mrinal Bhattacharya,Materials,2016,10.3390/ma9040262,OpenAlex,https://www.mdpi.com/1996-1944/9/4/262/pdf?version=1459500790
L2,Electrically conductive polyethylene terephthalate/graphene nanocomposites prepared by melt compounding,Haobin Zhang,Polymer,2010,10.1016/j.polymer.2010.01.027,OpenAlex,
L2,Recent developments on nanocellulose reinforced polymer nanocomposites: A review,Hanieh Kargarzadeh,Polymer,2017,10.1016/j.polymer.2017.09.043,OpenAlex,
L2,Transparent Clay−Polymer Nano Brick Wall Assemblies with Tailorable Oxygen Barrier,Morgan A. Priolo,ACS Applied Materials & Interfaces,2009,10.1021/am900820k,OpenAlex,
L2,Unimpeded Permeation of Water Through Helium-Leak–Tight Graphene-Based Membranes,Rahul R. Nair,Science,2012,10.1126/science.1211694,OpenAlex,https://arxiv.org/pdf/1112.3488
L2,PLA-ZnO nanocomposite films: Water vapor barrier properties and specific end-use characteristics,Roberto Pantani,European Polymer Journal,2013,10.1016/j.eurpolymj.2013.08.005,OpenAlex,
L2,Surface characterization of polyethylene terephthalate/silica nanocomposites,Mazeyar Parvinzadeh Gashti,Applied Surface Science,2009,10.1016/j.apsusc.2009.11.030,OpenAlex,
L2,Cellulose-Based Bio- and Nanocomposites: A Review,Susheel Kalia,International Journal of Polymer Science,2011,10.1155/2011/837875,OpenAlex,https://downloads.hindawi.com/journals/ijps/2011/837875.pdf
L2,Layer-by-layer assembly of thin film oxygen barrier,Woo‐Sik Jang,Thin Solid Films,2007,10.1016/j.tsf.2007.08.141,OpenAlex,
L2,Morphology and Properties of Polyester/Exfoliated Graphite Nanocomposites,Hyunwoo Kim,Macromolecules,2008,10.1021/ma702385h,OpenAlex,
L2,Transparent Films Based on PLA and Montmorillonite with Tunable Oxygen Barrier Properties,Anna J. Svagan,Biomacromolecules,2012,10.1021/bm201438m,OpenAlex,https://orbit.dtu.dk/en/publications/330ab7de-56fe-40d3-acd4-6847051ba9d0
L2,"Development, processing and applications of bio-sourced cellulose nanocrystal composites",Céline Calviño,Progress in Polymer Science,2020,10.1016/j.progpolymsci.2020.101221,OpenAlex,
L2,Development of cellulose-based bactericidal nanocomposites containing silver nanoparticles and their use as active food packaging,Márcia R. de Moura,Journal of Food Engineering,2011,10.1016/j.jfoodeng.2011.10.030,OpenAlex,https://www.sciencedirect.com/science/article/pii/S0260877411005802/pdf
L2,Low percolation thresholds of electrical conductivity and rheology in poly(ethylene terephthalate) through the networks of multi-walled carbon nanotubes,Guangjun Hu,Polymer,2005,10.1016/j.polymer.2005.11.028,OpenAlex,
L2,Influence of TEMPO-oxidized cellulose nanofibril length on film properties,Hayaka Fukuzumi,Carbohydrate Polymers,2012,10.1016/j.carbpol.2012.04.069,OpenAlex,
L2,Antimicrobial Polymers with Metal Nanoparticles,Humberto Palza,International Journal of Molecular Sciences,2015,10.3390/ijms16012099,OpenAlex,https://www.mdpi.com/1422-0067/16/1/2099/pdf?version=1421663257
L2,Applications and societal benefits of plastics,Anthony L. Andrady,Philosophical Transactions of the Royal Society B Biological Sciences,2009,10.1098/rstb.2008.0304,OpenAlex,
L2,Renewable cellulosic nanocomposites for food packaging to avoid fossil fuel plastic pollution: a review,Umair Qasim,Environmental Chemistry Letters,2020,10.1007/s10311-020-01090-x,OpenAlex,https://link.springer.com/content/pdf/10.1007/s10311-020-01090-x.pdf
L2,Transparent and high gas barrier films based on poly(vinyl alcohol)/graphene oxide composites,Hye Min Kim,Thin Solid Films,2011,10.1016/j.tsf.2011.06.016,OpenAlex,
L2,SiOx Gas Barrier Coatings on Polymer Substrates: Morphology and Gas Transport Considerations,Ahmet Gün Erlat,The Journal of Physical Chemistry B,1999,10.1021/jp990737e,OpenAlex,
L2,Graphene/elastomer nanocomposites,Dimitrios G. Papageorgiou,Carbon,2015,10.1016/j.carbon.2015.08.055,OpenAlex,https://www.sciencedirect.com/science/article/pii/S000862231530172X/pdf
L2,Facile Method to Functionalize Graphene Oxide and Its Application to Poly(ethylene terephthalate)/Graphene Composite,Sang Hwa Shim,ACS Applied Materials & Interfaces,2012,10.1021/am300906z,OpenAlex,
L2,The Effect of Nanofillers on the Functional Properties of Biopolymer-Based Films: A Review,Ewelina Jamróz,Polymers,2019,10.3390/polym11040675,OpenAlex,https://www.mdpi.com/2073-4360/11/4/675/pdf?version=1556094706
L2,"Nanocomposites: synthesis, structure, properties and new application opportunities",Pedro H. C. Camargo,Materials Research,2009,10.1590/s1516-14392009000100002,OpenAlex,https://www.scielo.br/j/mr/a/53qXWM7k3BwVR74PZ8YGS9t/?lang=en&format=pdf
L2,Polymer Composite and Nanocomposite Dielectric Materials for Pulse Power Energy Storage,Peter Barber,Materials,2009,10.3390/ma2041697,OpenAlex,https://www.mdpi.com/1996-1944/2/4/1697/pdf?version=1256822478
L2,Polymeric composite materials for radiation shielding: a review,Chaitali V. More,Environmental Chemistry Letters,2021,10.1007/s10311-021-01189-9,OpenAlex,https://link.springer.com/content/pdf/10.1007/s10311-021-01189-9.pdf
L2,Structure–property relationships in cross-linked polyester–clay nanocomposites,Rishikesh K. Bharadwaj,Polymer,2002,10.1016/s0032-3861(02)00187-8,OpenAlex,
L2,Developing fibrillated cellulose as a sustainable technological material,Tian Li,Nature,2021,10.1038/s41586-020-03167-7,OpenAlex,https://research.aalto.fi/files/76600114/CHEM_Li_et_al_Developing_fibrillated_cellulose_2021_Nature.pdf
L2,Tunable green oxygen barrier through layer-by-layer self-assembly of chitosan and cellulose nanocrystals,Fei Li,Carbohydrate Polymers,2012,10.1016/j.carbpol.2012.11.091,OpenAlex,
L2,Mechanisms of vapor permeation through multilayer barrier films: Lag time versus equilibrium permeation,Gordon L. Graff,Journal of Applied Physics,2004,10.1063/1.1768610,OpenAlex,
L2,Improving the fracture toughness and the strength of epoxy using nanomaterials – a review of the current status,Nadiim Domun,Nanoscale,2015,10.1039/c5nr01354b,OpenAlex,https://pubs.rsc.org/en/content/articlepdf/2015/nr/c5nr01354b
L2,How the shape of fillers affects the barrier properties of polymer/non-porous particles nanocomposites: A review,Caroline Wolf,Journal of Membrane Science,2018,10.1016/j.memsci.2018.03.085,OpenAlex,https://www.sciencedirect.com/science/article/pii/S0376738818300978/pdf
L2,"Synthetic, layered nanoparticles for polymeric nanocomposites (PNCs)",L. A. Utracki,Polymers for Advanced Technologies,2007,10.1002/pat.852,OpenAlex,https://onlinelibrary.wiley.com/doi/pdfdirect/10.1002/pat.852
L2,Influence of Clay Concentration on the Gas Barrier of Clay–Polymer Nanobrick Wall Thin Film Assemblies,Morgan A. Priolo,Langmuir,2011,10.1021/la201584r,OpenAlex,
L2,Graphene filled polymer nanocomposites,Raquel Verdejo,Journal of Materials Chemistry,2010,10.1039/c0jm02708a,OpenAlex,https://pubs.rsc.org/en/content/articlepdf/2011/jm/c0jm02708a
L2,Poly(ethylene terephthalate) nanocomposites by in situ interlayer polymerization: the thermo-mechanical properties and morphology of the hybrid fibers,Jin‐Hae Chang,Polymer,2003,10.1016/j.polymer.2003.11.037,OpenAlex,
L2,"Gas permeation in silicon-oxide/polymer (SiOx/PET) barrier films: role of the oxide lattice, nano-defects and macro-defects",Anthony P. Roberts,Journal of Membrane Science,2002,10.1016/s0376-7388(02)00178-3,OpenAlex,
L2,Permeability of shaly sands,A. Revil,Water Resources Research,1999,10.1029/98wr02700,OpenAlex,https://onlinelibrary.wiley.com/doi/pdfdirect/10.1029/98WR02700
L2,"Crystallization, properties, and crystal and nanoscale morphology of PET-clay nanocomposites",Yangchuan Ke,Journal of Applied Polymer Science,1999,10.1002/(sici)1097-4628(19990214)71:7<1139::aid-app12>3.0.co;2-e,OpenAlex,
L2,High gas barrier coating using non-toxic nanosheet dispersions for flexible food packaging film,Jingfang Yu,Nature Communications,2019,10.1038/s41467-019-10362-2,OpenAlex,https://www.nature.com/articles/s41467-019-10362-2.pdf
L2,Bio-nanocomposite Materials for Food Packaging Applications: Types of Biopolymer and Nano-sized Filler,Siti Hajar Othman,Agriculture and Agricultural Science Procedia,2014,10.1016/j.aaspro.2014.11.042,OpenAlex,https://www.sciencedirect.com/science/article/pii/S2210784314000436/pdf
L2,On the use of nanocellulose as reinforcement in polymer matrix composites,Koon‐Yang Lee,Composites Science and Technology,2014,10.1016/j.compscitech.2014.08.032,OpenAlex,https://www.sciencedirect.com/science/article/pii/S0266353814003236/pdf
L2,Cellulose nanocrystal based composites: A review,Jamileh Shojaeiarani,Composites Part C Open Access,2021,10.1016/j.jcomc.2021.100164,OpenAlex,https://www.sciencedirect.com/science/article/pii/S2666682021000591/pdf
L2,Characterisation of aluminium oxynitride gas barrier films,Ahmet Gün Erlat,Thin Solid Films,2001,10.1016/s0040-6090(01)00836-7,OpenAlex,
L2,Nanocellulose: From Fundamentals to Advanced Applications,Djalal Trache,Frontiers in Chemistry,2020,10.3389/fchem.2020.00392,OpenAlex,https://www.frontiersin.org/articles/10.3389/fchem.2020.00392/pdf
L2,Tuning nanostructure of graphene oxide/polyelectrolyte LbL assemblies by controlling pH of GO suspension to fabricate transparent and super gas barrier films,Jung-Tsai Chen,Nanoscale,2013,10.1039/c3nr02845c,OpenAlex,
L2,Nanocomposites Derived from Polymers and Inorganic Nanoparticles,In‐Yup Jeon,Materials,2010,10.3390/ma3063654,OpenAlex,https://www.mdpi.com/1996-1944/3/6/3654/pdf?version=1276525886
L2,A Review of the Synthesis and Applications of Polymer–Nanoclay Composites,Feng Guo,Applied Sciences,2018,10.3390/app8091696,OpenAlex,https://www.mdpi.com/2076-3417/8/9/1696/pdf?version=1537343800
L2,Multi-functional coating of cellulose nanocrystals for flexible packaging applications,Fei Li,Cellulose,2013,10.1007/s10570-013-0015-3,OpenAlex,http://hdl.handle.net/2434/231967
L2,Mesoporous Silica Nanoparticles for Drug Delivery,Miguel Manzano,Advanced Functional Materials,2019,10.1002/adfm.201902634,OpenAlex,https://eprints.ucm.es/id/eprint/56948/1/Manzano%20Vallet-Regi%20Adv%20Funct%20Mater%20CORRECTED%20VERSION%20-%20Repositorio.pdf
L2,Impermeable barrier films and protective coatings based on reduced graphene oxide,Yang Su,Nature Communications,2014,10.1038/ncomms5843,OpenAlex,https://www.nature.com/articles/ncomms5843.pdf
L2,Mechanisms of mechanical reinforcement by graphene and carbon nanotubes in polymer nanocomposites,Dimitrios G. Papageorgiou,Nanoscale,2020,10.1039/c9nr06952f,OpenAlex,https://pubs.rsc.org/en/content/articlepdf/2020/nr/c9nr06952f
L2,Graphene–inorganic nanocomposites,Song Bai,RSC Advances,2011,10.1039/c1ra00260k,OpenAlex,https://pubs.rsc.org/en/content/articlepdf/2012/ra/c1ra00260k
L2,Rational design of two-dimensional nanofillers for polymer nanocomposites toward multifunctional applications,Xi Shen,Progress in Materials Science,2020,10.1016/j.pmatsci.2020.100708,OpenAlex,https://www.sciencedirect.com/science/article/pii/S0079642520300724
L2,"An overview of chemical additives present in plastics: Migration, release, fate and environmental impact during their use, disposal and recycling",John N. Hahladakis,Journal of Hazardous Materials,2017,10.1016/j.jhazmat.2017.10.014,OpenAlex,https://www.sciencedirect.com/science/article/pii/S030438941730763X/pdf
L2,"Poly(ε-caprolactone)/clay nanocomposites prepared by melt intercalation: mechanical, thermal and rheological properties",Bénédicte Lepoittevin,Polymer,2002,10.1016/s0032-3861(02)00229-x,OpenAlex,https://orbi.uliege.be/handle/2268/6954
L2,"Nanocellulose in Thin Films, Coatings, and Plies for Packaging Applications: A Review",Martin A. Hubbe,BioResources,2017,10.15376/biores.12.1.hubbe,OpenAlex,https://bioresources.cnr.ncsu.edu/wp-content/uploads/2017/02/BioRes_12_1_2143_REVIEW_Hubbe_FPSPR_Nanocell_Packaging_Review_11063.pdf
L2,Antimicrobial nanoparticles and biodegradable polymer composites for active food packaging applications,Nejra Omerović,Comprehensive Reviews in Food Science and Food Safety,2021,10.1111/1541-4337.12727,OpenAlex,https://hal.inrae.fr/hal-04307603/document
L2,Microbial synthesis of vanillin from waste poly(ethylene terephthalate),Joanna C. Sadler,Green Chemistry,2021,10.1039/d1gc00931a,OpenAlex,https://pubs.rsc.org/en/content/articlepdf/2021/gc/d1gc00931a
L2,"Polymer-layered silicate nanocomposites: Synthesis, properties and applications",Emmanuel P. Giannelis,Applied Organometallic Chemistry,1998,10.1002/(sici)1099-0739(199810/11)12:10/11<675::aid-aoc779>3.0.co;2-v,OpenAlex,https://hdl.handle.net/2027.42/38308
L2,Interface design for high energy density polymer nanocomposites,Hang Luo,Chemical Society Reviews,2019,10.1039/c9cs00043g,OpenAlex,https://pubs.rsc.org/en/content/articlepdf/2019/cs/c9cs00043g
L2,Polymer-Layered Silicate and Silica Nanocomposites,Yangchuan Ke,Elsevier eBooks,2005,10.1016/b978-044451570-4/50004-5,OpenAlex,
L2,"Microstructure, tensile properties, and biodegradability of aliphatic polyester/clay nanocomposites",Sang-Rock Lee,Polymer,2002,10.1016/s0032-3861(02)00012-5,OpenAlex,
L2,Clay-containing polymeric nanocomposites,"Utracki, L. A.",NPARC,2002,,OpenAlex,https://nrc-publications.canada.ca/eng/view/accepted/?id=908e2e10-1539-493b-b604-adf0b4c35618
L2,"Mechanical, Thermal, and Electrical Properties of Graphene-Epoxy Nanocomposites—A Review",Rasheed Atif,Polymers,2016,10.3390/polym8080281,OpenAlex,https://www.mdpi.com/2073-4360/8/8/281/pdf?version=1470310997
L2,Organic Photovoltaic Devices Using Highly Flexible Reduced Graphene Oxide Films as Transparent Electrodes,Zongyou Yin,ACS Nano,2010,10.1021/nn1015874,OpenAlex,
L2,Packaging and degradability properties of polyvinyl alcohol/gelatin nanocomposite films filled water hyacinth cellulose nanocrystals,Henry Chukwuka Oyeoka,Journal of Bioresources and Bioproducts,2021,10.1016/j.jobab.2021.02.009,OpenAlex,https://www.sciencedirect.com/science/article/pii/S236996982100027X/pdf
L2,Uneven distribution of nanoparticles in immiscible fluids: Morphology development in polymer blends,Françoise Fenouillot,Polymer,2008,10.1016/j.polymer.2008.12.029,OpenAlex,https://www.sciencedirect.com/science/article/pii/S0032386108010847/pdf
L2,A review of recent developments in natural fibre composites and their mechanical performance,K.L. Pickering,Composites Part A Applied Science and Manufacturing,2015,10.1016/j.compositesa.2015.08.038,OpenAlex,https://www.sciencedirect.com/science/article/pii/S1359835X15003115/pdf
L2,Ultraflexible In‐Plane Micro‐Supercapacitors by Direct Printing of Solution‐Processable Electrochemically Exfoliated Graphene,Zhaoyang Liu,Advanced Materials,2016,10.1002/adma.201505304,OpenAlex,https://hdl.handle.net/21.11116/0000-0001-405A-2
L2,Reinforcement in melt-processed polymer–graphene composites at extremely low graphene loading level,Oana M. Istrate,Carbon,2014,10.1016/j.carbon.2014.06.077,OpenAlex,http://hdl.handle.net/2262/73945
L2,Copolymer/Clay Nanocomposites for Biomedical Applications,Selvakumar Murugesan,Advanced Functional Materials,2020,10.1002/adfm.201908101,OpenAlex,https://onlinelibrary.wiley.com/doi/pdfdirect/10.1002/adfm.201908101
L2,Vapor barrier properties of polycaprolactone montmorillonite nanocomposites: effect of clay dispersion,Giuliana Gorrasi,Polymer,2003,10.1016/s0032-3861(03)00108-3,OpenAlex,
L2,Self-Assembled Pullulan–Silica Oxygen Barrier Hybrid Coatings for Food Packaging Applications,Stefano Farris,Journal of Agricultural and Food Chemistry,2012,10.1021/jf204033d,OpenAlex,http://hdl.handle.net/2434/168494
L2,Preparation and characterization of TEMPO-oxidized cellulose nanofibril films with free carboxyl groups,Shuji Fujisawa,Carbohydrate Polymers,2010,10.1016/j.carbpol.2010.12.029,OpenAlex,
L2,"Nanocellulose in Thin Films, Coatings, and Plies for Packaging Applications: A Review",Martin A. Hubbe,BioResources,2017,10.15376/biores.12.1.2143-2233,OpenAlex,https://doi.org/10.15376/biores.12.1.2143-2233
L2,Reactive processing of poly(ethylene terephthalate) modified with multifunctional epoxy-based additives,Sonia Japon,Polymer,2000,10.1016/s0032-3861(99)00768-5,OpenAlex,http://infoscience.epfl.ch/record/87807
L2,An overview of nanoparticles commonly used in fluorescent bioimaging,Otto S. Wolfbeis,Chemical Society Reviews,2015,10.1039/c4cs00392f,OpenAlex,https://pubs.rsc.org/en/content/articlepdf/2015/cs/c4cs00392f
L2,Wood nanocelluloses: fundamentals and applications as new bio-based nanomaterials,Akira Isogai,Journal of Wood Science,2013,10.1007/s10086-013-1365-z,OpenAlex,https://jwoodscience.springeropen.com/counter/pdf/10.1007/s10086-013-1365-z
L2,"Permeation, solution, and diffusion of water in some high polymers",Hajime Yasuda,Journal of Polymer Science,1962,10.1002/pol.1962.1205716571,OpenAlex,
L2,Laser Ablation as a Versatile Tool To Mimic Polyethylene Terephthalate Nanoplastic Pollutants: Characterization and Toxicology Assessment,Davide Magrì,ACS Nano,2018,10.1021/acsnano.8b01331,OpenAlex,
L2,Clays and carbon nanotubes as hybrid nanofillers in thermoplastic-based nanocomposites – A review,Olawale Monsur Sanusi,Applied Clay Science,2019,10.1016/j.clay.2019.105408,OpenAlex,https://www.sciencedirect.com/science/article/am/pii/S0169131719304661?via%3Dihub
L2,"Review on Graphene-, Graphene Oxide-, Reduced Graphene Oxide-Based Flexible Composites: From Fabrication to Applications",Aamir Razaq,Materials,2022,10.3390/ma15031012,OpenAlex,https://www.mdpi.com/1996-1944/15/3/1012/pdf?version=1644543467
L2,One-step sonochemical synthesis of a graphene oxide–manganese oxide nanocomposite for catalytic glycolysis of poly(ethylene terephthalate),Gle Park,Nanoscale,2012,10.1039/c2nr30168g,OpenAlex,
L2,Laser-induced porous graphene films from commercial polymers,Jian Lin,Nature Communications,2014,10.1038/ncomms6714,OpenAlex,https://www.nature.com/articles/ncomms6714.pdf
L2,Influence of membrane support layer hydrophobicity on water flux in osmotically driven membrane processes,Jeffrey R. McCutcheon,Journal of Membrane Science,2008,10.1016/j.memsci.2008.03.021,OpenAlex,
L2,Nanoparticle-Based Drug Delivery in Cancer Therapy and Its Role in Overcoming Drug Resistance,Yihan Yao,Frontiers in Molecular Biosciences,2020,10.3389/fmolb.2020.00193,OpenAlex,https://www.frontiersin.org/articles/10.3389/fmolb.2020.00193/pdf
L2,Ultrathin graphene-based membrane with precise molecular sieving and ultrafast solvent permeation,Qian Yang,Nature Materials,2017,10.1038/nmat5025,OpenAlex,https://research.manchester.ac.uk/en/publications/195a239f-970f-4bb2-b9ab-ba03f9f0a71a
L2,Preparation and characterization of PET/silica nanocomposites,Wentao Liu,Journal of Applied Polymer Science,2003,10.1002/app.13284,OpenAlex,
L2,Development of Fabrication Methods of Filler/Polymer Nanocomposites: With Focus on Simple Melt-Compounding-Based Approach without Surface Modification of Nanofillers,Mitsuru Tanahashi,Materials,2010,10.3390/ma3031593,OpenAlex,https://www.mdpi.com/1996-1944/3/3/1593/pdf?version=1267690539
L2,Polymeric composites for powder-based additive manufacturing: Materials and applications,Shangqin Yuan,Progress in Polymer Science,2018,10.1016/j.progpolymsci.2018.11.001,OpenAlex,https://ars.els-cdn.com/content/image/1-s2.0-S0079670018300261-fx1_lrg.jpg
L2,"Effect of Crystallinity on Water Vapor Sorption, Diffusion, and Permeation of PLA-Based Nanocomposites",Jon Trifol,ACS Omega,2020,10.1021/acsomega.0c01468,OpenAlex,https://pubs.acs.org/doi/pdf/10.1021/acsomega.0c01468
L2,Recent advances in carbon-based polymer nanocomposites for electromagnetic interference shielding,Hooman Abbasi,Progress in Materials Science,2019,10.1016/j.pmatsci.2019.02.003,OpenAlex,https://upcommons.upc.edu/bitstream/2117/129157/5/Abbasi%2c%20H.%20Recent%20advances%20in%20carbon%20based%20polymer%20nanocomposites%20for%20electromagnetic%20interference%20shielding.pdf
L2,Improve the gas barrier property of PET film with montmorillonite by in situ interlayer polymerization,Ke Zeng,Materials Letters,2005,10.1016/j.matlet.2005.05.070,OpenAlex,
L2,High performance green barriers based on nanocellulose,Sandeep S. Nair,Sustainable Chemical Processes,2014,10.1186/s40508-014-0023-0,OpenAlex,https://sustainablechemicalprocesses.springeropen.com/counter/pdf/10.1186/s40508-014-0023-0
L2,Water barrier properties of starch-clay nanocomposite films,Aníbal M. Slavutsky,Brazilian journal of food technology/Brazilian Journal of Food Technology,2012,10.1590/s1981-67232012005000014,OpenAlex,https://www.scielo.br/j/bjft/a/y5DMg7WSPbXh87Hw3XGsrqK/?lang=en&format=pdf
L2,Fatigue and tensile behaviors of fiber-reinforced thermosetting composites embedded with nanoparticles,Moustafa Mahmoud Yousry Zaghloul,Journal of Composite Materials,2018,10.1177/0021998318790093,OpenAlex,
L2,Functionalized Graphenes and Thermoplastic Nanocomposites Based upon Expanded Graphite Oxide,Peter Steurer,Macromolecular Rapid Communications,2009,10.1002/marc.200800754,OpenAlex,https://onlinelibrary.wiley.com/doi/pdfdirect/10.1002/marc.200800754
L2,“Faba bean protein films reinforced with cellulose nanocrystals as edible food packaging material”,Sandra Rojas‐Lema,Food Hydrocolloids,2021,10.1016/j.foodhyd.2021.107019,OpenAlex,https://ars.els-cdn.com/content/image/1-s2.0-S0268005X21004355-ga1_lrg.jpg
L2,Recent Advances in the Investigation of Poly(lactic acid) (PLA) Nanocomposites: Incorporation of Various Nanofillers and their Properties and Applications,Nikolaos D. Bikiaris,Polymers,2023,10.3390/polym15051196,OpenAlex,https://www.mdpi.com/2073-4360/15/5/1196/pdf?version=1677547364
L2,Synthesis and properties of poly(ethylene terephthalate)/clay nanocomposites by in situ polymerization,Se Hoon Kim,Journal of Applied Polymer Science,2006,10.1002/app.25120,OpenAlex,
L2,Fluorescent Silica Nanoparticles with Efficient Urinary Excretion for Nanomedicine,Andrew Burns,Nano Letters,2008,10.1021/nl803405h,OpenAlex,https://www.ncbi.nlm.nih.gov/pmc/articles/6262890
L2,Polymer nanocomposites: Synthetic and natural fillers a review,William Gacitúa,Maderas Ciencia y tecnología,2009,10.4067/s0718-221x2005000300002,OpenAlex,http://www.scielo.cl/pdf/maderas/v7n3/art02.pdf
L2,"Influence of crystallization temperature, molecular weight, and additives on the crystallization kinetics of poly(ethylene terephthalate)",F. Van Antwerpen,Journal of Polymer Science Polymer Physics Edition,1972,10.1002/pol.1972.180101211,OpenAlex,
L2,Graphene-based coatings on polymer films for gas barrier applications,Davide Pierleoni,Carbon,2015,10.1016/j.carbon.2015.09.090,OpenAlex,
L2,Nacre-mimetics with synthetic nanoclays up to ultrahigh aspect ratios,Paramita Das,Nature Communications,2015,10.1038/ncomms6967,OpenAlex,https://www.nature.com/articles/ncomms6967.pdf
L2,"General overview of graphene: Production, properties and application in polymer composites",Josphat Phiri,Materials Science and Engineering B,2016,10.1016/j.mseb.2016.10.004,OpenAlex,https://research.aalto.fi/files/33020173/CHEM_Phiri_et_al_General_Overview_Graphene_2017_Mat_Science_Engineering_B.pdf
L2,Electrical percolation threshold of carbon black in a polymer matrix and its application to antistatic fibre,Hyun‐Jung Choi,Scientific Reports,2019,10.1038/s41598-019-42495-1,OpenAlex,https://www.nature.com/articles/s41598-019-42495-1.pdf
L2,Recyclable organic solar cells on cellulose nanocrystal substrates,Yinhua Zhou,Scientific Reports,2013,10.1038/srep01536,OpenAlex,https://www.nature.com/articles/srep01536.pdf
L2,Biodegradable Polylactide and Its Nanocomposites: Opening a New Dimension for Plastics and Composites,Suprakas Sinha Ray,Macromolecular Rapid Communications,2003,10.1002/marc.200300008,OpenAlex,
L2,Mesoporous Silica Nanoparticles as Drug Delivery Vehicles in Cancer,Anna Watermann,Nanomaterials,2017,10.3390/nano7070189,OpenAlex,https://www.mdpi.com/2079-4991/7/7/189/pdf?version=1500710408
L2,Preparation and properties of layered double hydroxide/poly(ethylene terephthalate) nanocomposites by direct melt compounding,Wan Duk Lee,Polymer,2006,10.1016/j.polymer.2005.12.056,OpenAlex,
L2,Impact of tumor-specific targeting on the biodistribution and efficacy of siRNA nanoparticles measured by multimodality in vivo imaging,Derek W. Bartlett,Proceedings of the National Academy of Sciences,2007,10.1073/pnas.0707461104,OpenAlex,https://www.ncbi.nlm.nih.gov/pmc/articles/1978218
L2,Crystalline morphology and isothermal crystallization kinetics of poly(ethylene terephthalate)/clay nanocomposites,Tong Wan,Journal of Applied Polymer Science,2004,10.1002/app.20975,OpenAlex,https://onlinelibrary.wiley.com/doi/pdfdirect/10.1002/app.20975
L2,Cellulose acetate/AgNPs-organoclay and/or thymol nano-biocomposite films with combined antimicrobial/antioxidant properties for active food packaging use,Nassima Dairi,International Journal of Biological Macromolecules,2018,10.1016/j.ijbiomac.2018.10.042,OpenAlex,http://rua.ua.es/dspace/bitstream/10045/82168/2/2019_Dairi_etal_IntJBioMacromol_accepted.pdf
L2,A novel approach to control thermal degradation of PET/organoclay nanocomposites and improve clay exfoliation,Abbas Ghanbari,Polymer,2013,10.1016/j.polymer.2012.12.066,OpenAlex,
L2,Thin-film nanofibrous composite reverse osmosis membranes for desalination,Xiao Wang,Desalination,2017,10.1016/j.desal.2017.06.029,OpenAlex,
L2,"Cellulose Nanocrystals from Lignocellulosic Raw Materials, for Oxygen Barrier Coatings on Food Packaging Films",Riccardo Rampazzo,Packaging Technology and Science,2017,10.1002/pts.2308,OpenAlex,http://hdl.handle.net/10447/225892
L2,Micro- and Nanocellulose in Polymer Composite Materials: A Review,Abdoulhdi A. Borhana Omran,Polymers,2021,10.3390/polym13020231,OpenAlex,https://www.mdpi.com/2073-4360/13/2/231/pdf?version=1610514880
L2,Influence of filler material on properties of fiber-reinforced polymer composites: A review,Manickam Ramesh,e-Polymers,2022,10.1515/epoly-2022-0080,OpenAlex,https://www.degruyter.com/document/doi/10.1515/epoly-2022-0080/pdf
L2,Ultra-thin hybrid organic/inorganic gas barrier coatings on polymers,B. Singh,Surface and Coatings Technology,2007,10.1016/j.surfcoat.2007.01.013,OpenAlex,http://infoscience.epfl.ch/record/99255
L2,Layer-structured graphene oxide/polyvinyl alcohol nanocomposites: dramatic enhancement of hydrogen gas barrier properties,Rama K. Layek,Journal of Materials Chemistry A,2014,10.1039/c4ta02346c,OpenAlex,
L2,How cracks in SiOx-coated polyester films affect gas permeation,M. Yanaka,Thin Solid Films,2001,10.1016/s0040-6090(01)01473-0,OpenAlex,
L2,"Transparent, Flexible, and Strong 2,3-Dialdehyde Cellulose Films with High Oxygen Barrier Properties",Sven F. Plappert,Biomacromolecules,2018,10.1021/acs.biomac.8b00536,OpenAlex,https://pubs.acs.org/doi/pdf/10.1021/acs.biomac.8b00536
L2,Polymer composite for antistatic application in aerospace,Ramdayal Yadav,Defence Technology,2019,10.1016/j.dt.2019.04.008,OpenAlex,https://www.sciencedirect.com/science/article/pii/S2214914719300108/pdf
L2,Water vapor transport properties of interfacially polymerized thin film nanocomposite membranes modified with graphene oxide and GO-TiO2 nanofillers,Muhammad Irshad Baig,Chemical Engineering Journal,2019,10.1016/j.cej.2019.05.122,OpenAlex,https://ars.els-cdn.com/content/image/1-s2.0-S1385894719311465-ga1_lrg.jpg
L2,Mechanical properties of nanoparticles: basics and applications,Dan Guo,Journal of Physics D Applied Physics,2013,10.1088/0022-3727/47/1/013001,OpenAlex,https://iopscience.iop.org/article/10.1088/0022-3727/47/1/013001/pdf
L2,Application of Infrared Spectroscopy to Analysis of Chitosan/Clay Nanocomposites,Suédina Maria de Lima Silva,InTech eBooks,2012,10.5772/35522,OpenAlex,https://www.intechopen.com/chapters/36167
L2,Interface structure of poly(ethylene terephthalate)/silica nanocomposites,Xiayin Yao,Polymer,2009,10.1016/j.polymer.2009.01.008,OpenAlex,
L2,Multifunctional mesoporous silica nanoparticles for biomedical applications,Bolong Xu,Signal Transduction and Targeted Therapy,2023,10.1038/s41392-023-01654-7,OpenAlex,https://www.nature.com/articles/s41392-023-01654-7.pdf
L2,Effect of nanoclay orientation on oxygen barrier properties of LbL nanocomposite coated films,Fatma Ben Dhieb,RSC Advances,2019,10.1039/c8ra09522a,OpenAlex,https://pubs.rsc.org/en/content/articlepdf/2019/ra/c8ra09522a
L2,Recent advancements of plant-based natural fiber–reinforced composites and their applications,Mi Li,Composites Part B Engineering,2020,10.1016/j.compositesb.2020.108254,OpenAlex,https://www.osti.gov/servlets/purl/1657955
L2,Microfabricated needles for transdermal delivery of macromolecules and nanoparticles: Fabrication methods and transport studies,Devin V. McAllister,Proceedings of the National Academy of Sciences,2003,10.1073/pnas.2331316100,OpenAlex,https://www.pnas.org/content/pnas/100/24/13755.full.pdf
L2,Antimicrobial electrospun nanofibers of cellulose acetate and polyester urethane composite for wound dressing,Xin Liu,Journal of Biomedical Materials Research Part B Applied Biomaterials,2012,10.1002/jbm.b.32724,OpenAlex,
L2,Unsaturated polyester resin concrete: A review,Yang Gao,Construction and Building Materials,2019,10.1016/j.conbuildmat.2019.116709,OpenAlex,
L2,Cellulose and its derivatives: towards biomedical applications,Hadi Seddiqi,Cellulose,2021,10.1007/s10570-020-03674-w,OpenAlex,https://link.springer.com/content/pdf/10.1007/s10570-020-03674-w.pdf
L2,"Poly(vinyl alcohol) nanocomposite films: Thermooptical properties, morphology, and gas permeability",Jung-Ho Yeun,Journal of Applied Polymer Science,2006,10.1002/app.23372,OpenAlex,
L2,"Native Cellulose: Structure, Characterization and Thermal Properties",Matheus Poletto,Materials,2014,10.3390/ma7096105,OpenAlex,https://www.mdpi.com/1996-1944/7/9/6105/pdf?version=1408972153
L2,"Fiber-Reinforced Polymer Composites: Manufacturing, Properties, and Applications",Dipen Kumar Rajak,Polymers,2019,10.3390/polym11101667,OpenAlex,https://www.mdpi.com/2073-4360/11/10/1667/pdf?version=1570880282
L2,Nanocomposites based on montmorillonite and unsaturated polyester,Xavier Kornmann,Polymer Engineering and Science,1998,10.1002/pen.10305,OpenAlex,
L2,"Graphene-Based Nanocomposites: Synthesis, Mechanical Properties, and Characterizations",Ahmed Mohamed Mahmoud Ibrahim,Polymers,2021,10.3390/polym13172869,OpenAlex,https://www.mdpi.com/2073-4360/13/17/2869/pdf?version=1630063308
L2,A Detailed Review Study on Potential Effects of Microplastics and Additives of Concern on Human Health,Claudia Campanale,International Journal of Environmental Research and Public Health,2020,10.3390/ijerph17041212,OpenAlex,https://www.mdpi.com/1660-4601/17/4/1212/pdf?version=1582278531
L2,Polymer Nanocomposites Handbook,Desconocido,Desconocido,2009,10.1201/9781420009804,OpenAlex,
L2,Effect of Nanofillers on Tribological Properties of Polymer Nanocomposites: A Review on Recent Development,Jia Xin Chan,Polymers,2021,10.3390/polym13172867,OpenAlex,https://www.mdpi.com/2073-4360/13/17/2867/pdf?version=1630028319
L2,In-situ polymerized cellulose nanocrystals (CNC)—poly( l -lactide) (PLLA) nanomaterials and applications in nanocomposite processing,Chuanwei Miao,Carbohydrate Polymers,2016,10.1016/j.carbpol.2016.08.012,OpenAlex,
L2,Melt crystallization of poly(ethylene terephthalate): Comparing addition of graphene vs. carbon nanotubes,Shigeru Aoyama,Polymer,2014,10.1016/j.polymer.2014.02.055,OpenAlex,
L2,Additive manufacturing of structural materials,Guo Liu,Materials Science and Engineering R Reports,2021,10.1016/j.mser.2020.100596,OpenAlex,https://doi.org/10.1016/j.mser.2020.100596
L2,Effect of the addition of polyester-grafted-cellulose nanocrystals on the shape memory properties of biodegradable PLA/PCL nanocomposites,Valentina Sessini,Polymer Degradation and Stability,2018,10.1016/j.polymdegradstab.2018.04.012,OpenAlex,https://orbi.umons.ac.be/bitstream/20.500.12907/23224/1/687%20Dubois%20et%20al%20Polym%20Degrad%20Stab%202018%20152%20126_138.pdf
L2,Chitosan thymol nanoparticles improve the antimicrobial effect and the water vapour barrier of chitosan-quinoa protein films,Estefanía Medina,Journal of Food Engineering,2018,10.1016/j.jfoodeng.2018.07.023,OpenAlex,https://repositorio.uchile.cl/handle/2250/158430
L2,"Luffa cylindrica as a lignocellulosic source of fiber, microfibrillated cellulose, and cellulose nanocrystals",Gilberto Siqueira,BioResources,2010,10.15376/biores.5.2.727-740,OpenAlex,https://doi.org/10.15376/biores.5.2.727-740
L2,A review on predictive tortuosity models for composite films in gas barrier applications,Alamin Idris,Journal of Coatings Technology and Research,2022,10.1007/s11998-021-00579-6,OpenAlex,https://link.springer.com/content/pdf/10.1007/s11998-021-00579-6.pdf
L2,Blood-Brain Barrier: From Physiology to Disease and Back,Melanie D. Sweeney,Physiological Reviews,2018,10.1152/physrev.00050.2017,OpenAlex,https://journals.physiology.org/doi/pdf/10.1152/physrev.00050.2017
L2,Effects of Cellulose Nanocrystals and Cellulose Nanofibers on the Structure and Properties of Polyhydroxybutyrate Nanocomposites,Bobo Zhang,Polymers,2019,10.3390/polym11122063,OpenAlex,https://www.mdpi.com/2073-4360/11/12/2063/pdf?version=1576486440
L2,Biological and chemical sensors based on graphene materials,Yuxin Liu,Chemical Society Reviews,2011,10.1039/c1cs15270j,OpenAlex,https://pubs.rsc.org/en/content/articlepdf/2012/cs/c1cs15270j
L2,Functionalization of Silica Nanoparticles for Polypropylene Nanocomposite Applications,D. Bracho,Journal of Nanomaterials,2012,10.1155/2012/263915,OpenAlex,https://doi.org/10.1155/2012/263915
L2,"Thermal, Morphological and Mechanical Properties of Multifunctional Composites Based on Biodegradable Polymers/Bentonite Clay: A Review",António Benjamim Mapossa,Polymers,2023,10.3390/polym15163443,OpenAlex,https://www.mdpi.com/2073-4360/15/16/3443/pdf?version=1692330098
L2,Nanoclays in Food and Beverage Packaging,Nattinee Bumbudsanpharoke,Journal of Nanomaterials,2019,10.1155/2019/8927167,OpenAlex,https://downloads.hindawi.com/journals/jnm/2019/8927167.pdf
L2,"Nanocomposite Coatings: Preparation, Characterization, Properties, and Applications",Phuong Nguyen‐Tri,International Journal of Corrosion,2018,10.1155/2018/4749501,OpenAlex,http://downloads.hindawi.com/journals/ijc/2018/4749501.pdf
L2,Recent Developments of Carboxymethyl Cellulose,Md. Saifur Rahman,Polymers,2021,10.3390/polym13081345,MDPI,https://www.mdpi.com/2073-4360/13/8/1345/pdf?version=1619057289
L2,Extrusion of Polymer Nanocomposites with Graphene and Graphene Derivative Nanofillers: An Overview of Recent Developments,J. Sanes,Materials,2020,10.3390/ma13030549,MDPI,https://www.mdpi.com/1996-1944/13/3/549/pdf?version=1581516818
L2,Polymer Composites Reinforced with Natural Fibers and Nanocellulose in the Automotive Industry: A Short Review,Filipe V. Ferreira,Journal of Composites Science,2019,10.3390/jcs3020051,MDPI,https://www.mdpi.com/2504-477X/3/2/51/pdf
L2,Approaches to Improve Macromolecule and Nanoparticle Accumulation in the Tumor Microenvironment by the Enhanced Permeability and Retention Effect,Victor Ejigah,Polymers,2022,10.3390/polym14132601,MDPI,https://www.mdpi.com/2073-4360/14/13/2601/pdf?version=1656324571
L2,Nanocellulose Bio-Based Composites for Food Packaging,Francisco A.G. Soares Silva,Nanomaterials,2020,10.3390/nano10102041,MDPI,https://www.mdpi.com/2079-4991/10/10/2041/pdf?version=1602835026
L2,Nanofiller Reinforced Biodegradable PLA/PHA Composites: Current Status and Future Trends,Jingyao Sun,Polymers,2018,10.3390/polym10050505,MDPI,https://www.mdpi.com/2073-4360/10/5/505/pdf
L2,Effects of Graphene Nanoplatelets and Reduced Graphene Oxide on Poly(lactic acid) and Plasticized Poly(lactic acid): A Comparative Study,Buong Woei Chieng,Polymers,2014,10.3390/polym6082232,MDPI,https://www.mdpi.com/2073-4360/6/8/2232/pdf?version=1408621227
L2,Thermogravimetric Analysis Properties of Cellulosic Natural Fiber Polymer Composites: A Review on Influence of Chemical Treatments,Mohd Nurazzi Norizan,Polymers,2021,10.3390/polym13162710,MDPI,https://www.mdpi.com/2073-4360/13/16/2710/pdf?version=1629079267
L2,Production and Status of Bacterial Cellulose in Biomedical Engineering,Mona Moniri,Nanomaterials,2017,10.3390/nano7090257,MDPI,https://www.mdpi.com/2079-4991/7/9/257/pdf?version=1504562426
L2,Cellulose Nanocrystals/Graphene Hybrids—A Promising New Class of Materials for Advanced Applications,Djalal Trache,Nanomaterials,2020,10.3390/nano10081523,MDPI,https://www.mdpi.com/2079-4991/10/8/1523/pdf?version=1596533480
L2,"Nanoparticles in Construction Materials and Other Applications, and Implications of Nanoparticle Use",Abbas Mohajerani,Materials,2019,10.3390/ma12193052,MDPI,https://www.mdpi.com/1996-1944/12/19/3052/pdf?version=1569382755
L2,Synergy of Hybrid Fillers for Emerging Composite and Nanocomposite Materials—A Review,Olusegun Adigun Afolabi,Polymers,2024,10.3390/polym16131907,MDPI,https://doi.org/10.3390/polym16131907
L2,Advances in Chitosan-Based Nanoparticles for Drug Delivery,Veronika Mikušová,International Journal of Molecular Sciences,2021,10.3390/ijms22179652,MDPI,https://doi.org/10.3390/ijms22179652
L2,Nanocomposite Electrospun Nanofiber Membranes for Environmental Remediation,Shahin Homaeigohar,Materials,2014,10.3390/ma7021017,MDPI,https://www.mdpi.com/1996-1944/7/2/1017/pdf?version=1392035944
L2,"Addition of Graphite Filler to Enhance Electrical, Morphological, Thermal, and Mechanical Properties in Poly (Ethylene Terephthalate): Experimental Characterization and Material Modeling",Basheer A. Alshammari,Polymers,2019,10.3390/polym11091411,MDPI,https://www.mdpi.com/2073-4360/11/9/1411/pdf?version=1566975710
L2,3D Printing of PLA/clay Nanocomposites: Influence of Printing Temperature on Printed Samples Properties,Bartolomeo Coppola,Materials,2018,10.3390/ma11101947,MDPI,https://www.mdpi.com/1996-1944/11/10/1947/pdf?version=1539508197
L2,Nanocellulose-Based Nanocomposites for Sustainable Applications: A Review,Mohd Nurazzi Norizan,Nanomaterials,2022,10.3390/nano12193483,MDPI,https://www.mdpi.com/2079-4991/12/19/3483/pdf?version=1665551162
L2,Review of Polymer Composites with Diverse Nanofillers for Electromagnetic Interference Shielding,Dimuthu Wanasinghe,Nanomaterials,2020,10.3390/nano10030541,MDPI,https://www.mdpi.com/2079-4991/10/3/541/pdf?version=1584449595
L2,Cellulose Nanofibers from Olive Tree Pruning as Food Packaging Additive of a Biodegradable Film,Mónica Sánchez-Gutiérrez,Foods,2021,10.3390/foods10071584,MDPI,https://www.mdpi.com/2304-8158/10/7/1584/pdf?version=1626687159
L2,Surface Modification of Magnetic Iron Oxide Nanoparticles,Nan Zhu,Nanomaterials,2018,10.3390/nano8100810,MDPI,https://www.mdpi.com/2079-4991/8/10/810/pdf?version=1539078850
L2,Piezoresistive Strain Sensors Made from Carbon Nanotubes Based Polymer Nanocomposites,Alamusi Alamusi,Sensors,2011,10.3390/s111110691,MDPI,https://www.mdpi.com/1424-8220/11/11/10691/pdf?version=1403316445
L2,"Polylactic Acid (PLA) Biocomposite: Processing, Additive Manufacturing and Advanced Applications",R.A. Ilyas,Polymers,2021,10.3390/polym13081326,MDPI,https://www.mdpi.com/2073-4360/13/8/1326/pdf?version=1618736419
L2,Green Nanocomposites Based on Thermoplastic Starch: A Review,Katherine Elena Rivadeneira Velasco,Polymers,2021,10.3390/polym13193227,MDPI,https://www.mdpi.com/2073-4360/13/19/3227/pdf?version=1632478179
L2,"Comparative Analysis of Properties of PVA Composites with Various Nanofillers: Pristine Clay, Organoclay, and Functionalized Graphene",Jin‐Hae Chang,Nanomaterials,2019,10.3390/nano9030323,MDPI,https://www.mdpi.com/2079-4991/9/3/323/pdf?version=1551426220
L2,Environmental Degradation of Plastic Composites with Natural Fillers—A Review,Mihai Brebu,Polymers,2020,10.3390/polym12010166,MDPI,https://www.mdpi.com/2073-4360/12/1/166/pdf?version=1579672242
L2,Barrier Properties of Polylactic Acid in Cellulose Based Packages Using Montmorillonite as Filler,Daniela Sanchez‐Aldana,Polymers,2014,10.3390/polym6092386,MDPI,https://www.mdpi.com/2073-4360/6/9/2386/pdf?version=1411120075
L2,Influence of Oil Palm Nano Filler on Interlaminar Shear and Dynamic Mechanical Properties of Flax/Epoxy-Based Hybrid Nanocomposites under Cryogenic Condition,L. Natrayan,Coatings,2022,10.3390/coatings12111675,MDPI,https://www.mdpi.com/2079-6412/12/11/1675/pdf?version=1667897465
L2,"Biopolymer-Based Sustainable Food Packaging Materials: Challenges, Solutions, and Applications",Kalpani Y. Perera,Foods,2023,10.3390/foods12122422,MDPI,https://www.mdpi.com/2304-8158/12/12/2422/pdf?version=1687255268
L2,Titanium Dioxide Nanoparticles: Prospects and Applications in Medicine,Daniel Ziental,Nanomaterials,2020,10.3390/nano10020387,MDPI,https://doi.org/10.3390/nano10020387
L2,Application of Biodegradable and Biocompatible Nanocomposites in Electronics: Current Status and Future Directions,Haichao Liu,Nanomaterials,2019,10.3390/nano9070950,MDPI,https://www.mdpi.com/2079-4991/9/7/950/pdf?version=1561807341
L2,Review of the Hydrogen Permeability of the Liner Material of Type IV On-Board Hydrogen Storage Tank,Ying Su,World Electric Vehicle Journal,2021,10.3390/wevj12030130,MDPI,https://www.mdpi.com/2032-6653/12/3/130/pdf?version=1629794973
L2,Surface Alkylation of Cellulose Nanocrystals to Enhance Their Compatibility with Polylactide,Joo Hyung Lee,Polymers,2020,10.3390/polym12010178,MDPI,https://www.mdpi.com/2073-4360/12/1/178/pdf?version=1579688366
L2,Utilizing Polyethylene Terephthalate PET in Concrete: A Review,Mand Kamal Askar,Polymers,2023,10.3390/polym15153320,MDPI,https://www.mdpi.com/2073-4360/15/15/3320/pdf?version=1691390742
L2,Effect of Nanofiller Content on Dynamic Mechanical and Thermal Properties of Multi-Walled Carbon Nanotube and Montmorillonite Nanoclay Filler Hybrid Shape Memory Epoxy Composites,Muhamad Hasfanizam Mat Yazik,Polymers,2021,10.3390/polym13050700,MDPI,https://www.mdpi.com/2073-4360/13/5/700/pdf?version=1614906957
L2,Flame-Retardancy Properties of Intumescent Ammonium Poly(Phosphate) and Mineral Filler Magnesium Hydroxide in Combination with Graphene,B. Dittrich,Polymers,2014,10.3390/polym6112875,MDPI,https://www.mdpi.com/2073-4360/6/11/2875/pdf?version=1416480278
L2,Processing and Characterization of Cellulose Nanocrystals/Polylactic Acid Nanocomposite Films,Erin M. Sullivan,Materials,2015,10.3390/ma8125447,MDPI,https://www.mdpi.com/1996-1944/8/12/5447/pdf?version=1448972643
L2,Next-Generation Water Treatment: Exploring the Potential of Biopolymer-Based Nanocomposites in Adsorption and Membrane Filtration,Haradhan Kolya,Polymers,2023,10.3390/polym15163421,MDPI,https://www.mdpi.com/2073-4360/15/16/3421/pdf?version=1692179859
L2,A Review on the Modification of Cellulose and Its Applications,Tariq Aziz,Polymers,2022,10.3390/polym14153206,MDPI,https://www.mdpi.com/2073-4360/14/15/3206/pdf?version=1659952780
L2,Synthetic Biodegradable Aliphatic Polyester Nanocomposites Reinforced with Nanohydroxyapatite and/or Graphene Oxide for Bone Tissue Engineering Applications,Yuchao Li,Nanomaterials,2019,10.3390/nano9040590,MDPI,https://www.mdpi.com/2079-4991/9/4/590/pdf?version=1554894209
L2,"Cellulose Aerogels: Synthesis, Applications, and Prospects",Linyu Long,Polymers,2018,10.3390/polym10060623,MDPI,https://www.mdpi.com/2073-4360/10/6/623/pdf?version=1528258220
L2,Electrospun Nanocomposites Containing Cellulose and Its Derivatives Modified with Specialized Biomolecules for an Enhanced Wound Healing,Marta A. Teixeira,Nanomaterials,2020,10.3390/nano10030557,MDPI,https://doi.org/10.3390/nano10030557
L2,Enzymatic Hydrolysis of Bacterial Cellulose for the Production of Nanocrystals for the Food Packaging Industry,Cesare Rovera,Nanomaterials,2020,10.3390/nano10040735,MDPI,https://www.mdpi.com/2079-4991/10/4/735/pdf?version=1587546862
L2,Material Anisotropy in Additively Manufactured Polymers and Polymer Composites: A Review,Nima Zohdi,Polymers,2021,10.3390/polym13193368,MDPI,https://www.mdpi.com/2073-4360/13/19/3368/pdf?version=1633778444
L2,Application of Nanofibrillated Cellulose on BOPP/LDPE Film as Oxygen Barrier and Antimicrobial Coating Based on Cold Plasma Treatment,Peng Lü,Coatings,2018,10.3390/coatings8060207,MDPI,https://www.mdpi.com/2079-6412/8/6/207/pdf?version=1527683630
L2,Polymeric Nanoparticles for Drug Delivery: Recent Developments and Future Prospects,Belén Begines,Nanomaterials,2020,10.3390/nano10071403,MDPI,https://www.mdpi.com/2079-4991/10/7/1403/pdf?version=1595380549
L2,Influence of Nanoclay Dispersion Methods on the Mechanical Behavior of E-Glass/Epoxy Nanocomposites,Victor Agubra,Nanomaterials,2013,10.3390/nano3030550,MDPI,https://www.mdpi.com/2079-4991/3/3/550/pdf?version=1377692099
L2,Applications of Clays in Nanocomposites and Ceramics,Alena Kalendová,Minerals,2024,10.3390/min14010093,MDPI,https://www.mdpi.com/2075-163X/14/1/93/pdf?version=1705134547
L2,"Flame Retardant Coatings: Additives, Binders, and Fillers",Mohd Meer Saddiq Mohd Sabee,Polymers,2022,10.3390/polym14142911,MDPI,https://www.mdpi.com/2073-4360/14/14/2911/pdf?version=1658058757
L2,Effect of LDHs and Other Clays on Polymer Composite in Adsorptive Removal of Contaminants: A Review,M. Mohapi,Crystals,2020,10.3390/cryst10110957,MDPI,https://www.mdpi.com/2073-4352/10/11/957/pdf?version=1603363366
L2,Role of Silica Nanoparticles in Abiotic and Biotic Stress Tolerance in Plants: A Review,Lei Wang,International Journal of Molecular Sciences,2022,10.3390/ijms23041947,MDPI,https://www.mdpi.com/1422-0067/23/4/1947/pdf?version=1644567306
L2,Bio-Based Poly(butylene succinate)/Microcrystalline Cellulose/Nanofibrillated Cellulose-Based Sustainable Polymer Composites: Thermo-Mechanical and Biodegradation Studies,Oskars Platnieks,Polymers,2020,10.3390/polym12071472,MDPI,https://www.mdpi.com/2073-4360/12/7/1472/pdf?version=1593670755
L2,Antimicrobial Nanomaterials for Food Packaging,Vasanti Suvarna,Antibiotics,2022,10.3390/antibiotics11060729,MDPI,https://www.mdpi.com/2079-6382/11/6/729/pdf?version=1654058039
L2,Performance of Nanocomposite Membranes Containing 0D to 2D Nanofillers for CO2 Separation: A Review,Saravanan Janakiram,Membranes,2018,10.3390/membranes8020024,MDPI,https://www.mdpi.com/2077-0375/8/2/24/pdf?version=1526285193
L2,Durability of Biodegradable Polymer Nanocomposites,Tatjana Glaskova‐Kuzmina,Polymers,2021,10.3390/polym13193375,MDPI,https://www.mdpi.com/2073-4360/13/19/3375/pdf?version=1634010605
L2,Advanced Polymeric Nanocomposite Membranes for Water and Wastewater Treatment: A Comprehensive Review,Abhispa Sahu,Polymers,2023,10.3390/polym15030540,MDPI,https://www.mdpi.com/2073-4360/15/3/540/pdf?version=1675128097
L2,Graphene Nanoplatelets-Based Advanced Materials and Recent Progress in Sustainable Applications,Pietro Cataldi,Applied Sciences,2018,10.3390/app8091438,MDPI,https://www.mdpi.com/2076-3417/8/9/1438/pdf?version=1535012227
L2,Fire-Safe Polymer Composites: Flame-Retardant Effect of Nanofillers,Yukyung Kim,Polymers,2021,10.3390/polym13040540,MDPI,https://www.mdpi.com/2073-4360/13/4/540/pdf?version=1614074580
L2,Microstructure and Properties of Polypropylene/Carbon Nanotube Nanocomposites,Dimitrios Ν. Bikiaris,Materials,2010,10.3390/ma3042884,MDPI,https://www.mdpi.com/1996-1944/3/4/2884/pdf?version=1271863060
L2,"UV Protective, Antioxidant, Antibacterial and Compostable Polylactic Acid Composites Containing Pristine and Chemically Modified Lignin Nanoparticles",Ema Cavallo,Molecules,2020,10.3390/molecules26010126,MDPI,https://www.mdpi.com/1420-3049/26/1/126/pdf?version=1609321947
L2,Nanoparticle-Integrated Hydrogels as Multifunctional Composite Materials for Biomedical Applications,Marco Biondi,Gels,2015,10.3390/gels1020162,MDPI,https://www.mdpi.com/2310-2861/1/2/162/pdf?version=1444833055
L2,Influence of Organically-Modified Montmorillonite and Synthesized Layered Silica Nanoparticles on the Properties of Polypropylene and Polyamide-6 Nanocomposites,Moisés Gómez,Polymers,2016,10.3390/polym8110386,MDPI,https://www.mdpi.com/2073-4360/8/11/386/pdf?version=1477911914
L2,Extrusion-Based 3D Printing Applications of PLA Composites: A Review,Eda Hazal Tümer,Coatings,2021,10.3390/coatings11040390,MDPI,https://www.mdpi.com/2079-6412/11/4/390/pdf?version=1617937918
L2,Environmental Properties and Applications of Biodegradable Starch-Based Nanocomposites,Ashoka Gamage,Polymers,2022,10.3390/polym14214578,MDPI,https://www.mdpi.com/2073-4360/14/21/4578/pdf?version=1667179226
L2,Polymer Composites Filled with Metal Derivatives: A Review of Flame Retardants,R.A. Ilyas,Polymers,2021,10.3390/polym13111701,MDPI,https://www.mdpi.com/2073-4360/13/11/1701/pdf?version=1621839935
L2,Progress of Interfacial Polymerization Techniques for Polyamide Thin Film (Nano)Composite Membrane Fabrication: A Comprehensive Review,Mei Qun Seah,Polymers,2020,10.3390/polym12122817,MDPI,https://www.mdpi.com/2073-4360/12/12/2817/pdf?version=1606483782
L2,Two-Dimensional Materials for Sensing: Graphene and Beyond,Seba Sara Varghese,Electronics,2015,10.3390/electronics4030651,MDPI,https://www.mdpi.com/2079-9292/4/3/651/pdf?version=1442584436
L2,Nanofillers in Novel Food Packaging Systems and Their Toxicity Issues,Xiangyu Zhou,Foods,2024,10.3390/foods13132014,MDPI,https://doi.org/10.3390/foods13132014
L2,Impact of Nanoclays on the Biodegradation of Poly(Lactic Acid) Nanocomposites,Edgar Castro‐Aguirre,Polymers,2018,10.3390/polym10020202,MDPI,https://www.mdpi.com/2073-4360/10/2/202/pdf?version=1519215258
L2,"Synthesis and Characterization of In-Situ-Prepared Nanocomposites Based on Poly(Propylene 2,5-Furan Dicarboxylate) and Aluminosilicate Clays",Lazaros Papadopoulos,Polymers,2018,10.3390/polym10090937,MDPI,https://www.mdpi.com/2073-4360/10/9/937/pdf?version=1535015318
L2,Poly(3-hydroxybutyrate) Nanocomposites with Cellulose Nanocrystals,Cătălina Diana Uşurelu,Polymers,2022,10.3390/polym14101974,MDPI,https://www.mdpi.com/2073-4360/14/10/1974/pdf?version=1653309495
L2,Nanoclay Effect into the Biodegradation and Processability of Poly(lactic acid) Nanocomposites for Food Packaging,Helena Oliver-Ortega,Polymers,2021,10.3390/polym13162741,MDPI,https://www.mdpi.com/2073-4360/13/16/2741/pdf?version=1629108615
L2,"Graphene Nanomaterials: Synthesis, Biocompatibility, and Cytotoxicity",Chengzhu Liao,International Journal of Molecular Sciences,2018,10.3390/ijms19113564,MDPI,https://www.mdpi.com/1422-0067/19/11/3564/pdf?version=1542015939
L2,Polymeric Nanocomposites and Nanocoatings for Food Packaging: A Review,Cornelia Vasile,Materials,2018,10.3390/ma11101834,MDPI,https://www.mdpi.com/1996-1944/11/10/1834/pdf?version=1538031902
L2,"Morphology, Thermal Stability, and Flammability Properties of Polymer-Layered Double Hydroxide (LDH) Nanocomposites: A Review",Mokgaotsa Jonas Mochane,Crystals,2020,10.3390/cryst10070612,MDPI,https://www.mdpi.com/2073-4352/10/7/612/pdf?version=1594711496
L2,Emerging Applications of Silica Nanoparticles as Multifunctional Modifiers for High Performance Polyester Composites,Tian Hao,Nanomaterials,2021,10.3390/nano11112810,MDPI,https://www.mdpi.com/2079-4991/11/11/2810/pdf?version=1635933048
L2,Improvement of Scratch and Wear Resistance of Polymers by Fillers Including Nanofillers,Witold Brostow,Nanomaterials,2017,10.3390/nano7030066,MDPI,https://www.mdpi.com/2079-4991/7/3/66/pdf?version=1489634211
L2,Natural Fibre Composites and Their Applications: A Review,Paulo Peças,Journal of Composites Science,2018,10.3390/jcs2040066,MDPI,https://www.mdpi.com/2504-477X/2/4/66/pdf?version=1542456096
L2,Multifunctional Polymer Nanocomposites Reinforced by Aligned Carbon Nanomaterials,Shuying Wu,Polymers,2018,10.3390/polym10050542,MDPI,https://www.mdpi.com/2073-4360/10/5/542/pdf?version=1526725797
L2,State-of-the-Art Nanoclay Reinforcement in Green Polymeric Nanocomposite: From Design to New Opportunities,Ayesha Kausar,Minerals,2022,10.3390/min12121495,MDPI,https://www.mdpi.com/2075-163X/12/12/1495/pdf?version=1669600610
L2,Functionalized Cellulose Nanocrystal Nanocomposite Membranes with Controlled Interfacial Transport for Improved Reverse Osmosis Performance,Ethan D. Smith,Nanomaterials,2019,10.3390/nano9010125,MDPI,https://www.mdpi.com/2079-4991/9/1/125/pdf?version=1548208126
L2,Innovative Antimicrobial Chitosan/ZnO/Ag NPs/Citronella Essential Oil Nanocomposite—Potential Coating for Grapes,Ludmila Motelică,Foods,2020,10.3390/foods9121801,MDPI,https://www.mdpi.com/2304-8158/9/12/1801/pdf?version=1607329831
L2,Novel Electrospun Polylactic Acid Nanocomposite Fiber Mats with Hybrid Graphene Oxide and Nanohydroxyapatite Reinforcements Having Enhanced Biocompatibility,Chen Liu,Polymers,2016,10.3390/polym8080287,MDPI,https://www.mdpi.com/2073-4360/8/8/287/pdf?version=1470658312
L2,Characterization of Nanocomposites by Thermal Analysis,Carola Esposito Corcione,Materials,2012,10.3390/ma5122960,MDPI,https://www.mdpi.com/1996-1944/5/12/2960/pdf?version=1355910765
L2,Synergistic Effect of Cellulose Nanofiber and Nanoclay as Distributed Phase in a Polypropylene Based Nanocomposite System,Bich Nam Jung,Polymers,2020,10.3390/polym12102399,MDPI,https://www.mdpi.com/2073-4360/12/10/2399/pdf?version=1603022605
L2,Highly Toughened and Transparent Biobased Epoxy Composites Reinforced with Cellulose Nanofibrils,Sandeep S. Nair,Polymers,2019,10.3390/polym11040612,MDPI,https://www.mdpi.com/2073-4360/11/4/612/pdf?version=1554357462
L2,"All-Cellulose Composites: A Review of Recent Studies on Structure, Properties and Applications",Behnaz Baghaei,Molecules,2020,10.3390/molecules25122836,MDPI,https://www.mdpi.com/1420-3049/25/12/2836/pdf?version=1592570917
L2,PLGA-Based Composites for Various Biomedical Applications,Cátia Vieira Rocha,International Journal of Molecular Sciences,2022,10.3390/ijms23042034,MDPI,https://www.mdpi.com/1422-0067/23/4/2034/pdf?version=1644915778
L2,Biomedical Applications of Chitosan and Its Derivative Nanoparticles,Dongying Zhao,Polymers,2018,10.3390/polym10040462,MDPI,https://www.mdpi.com/2073-4360/10/4/462/pdf?version=1525349481
L2,Chitin Nanofibrils in Poly(Lactic Acid) (PLA) Nanocomposites: Dispersion and Thermo-Mechanical Properties,Maria‐Beatrice Coltelli,International Journal of Molecular Sciences,2019,10.3390/ijms20030504,MDPI,https://www.mdpi.com/1422-0067/20/3/504/pdf?version=1548988741
L2,A Comparison of Cellulose Nanocrystals and Nanofibers as Reinforcements to Amylose-Based Composite Bioplastics,Marwa Faisal,Coatings,2023,10.3390/coatings13091573,MDPI,https://www.mdpi.com/2079-6412/13/9/1573/pdf?version=1695357194
L2,Improvement of Barrier Properties of Biodegradable Polybutylene Succinate/Graphene Nanoplatelets Nanocomposites Prepared by Melt Process,Raphaël Cosquer,Membranes,2021,10.3390/membranes11020151,MDPI,https://www.mdpi.com/2077-0375/11/2/151/pdf?version=1614239736
L2,Reprocessing of PLA/Graphene Nanoplatelets Nanocomposites,Luigi Botta,Polymers,2017,10.3390/polym10010018,MDPI,https://www.mdpi.com/2073-4360/10/1/18/pdf?version=1514107319
L2,"Synthesis of Silver Nanocomposite Based on Carboxymethyl Cellulose: Antibacterial, Antifungal and Anticancer Activities",Salem S. Salem,Polymers,2022,10.3390/polym14163352,MDPI,https://www.mdpi.com/2073-4360/14/16/3352/pdf?version=1661251383
L2,The Efficient Removal of Methylene Blue Dye Using CuO/PET Nanocomposite in Aqueous Solutions,Suhad A. Yasin,Catalysts,2021,10.3390/catal11020241,MDPI,https://www.mdpi.com/2073-4344/11/2/241/pdf?version=1614320883
L2,Carbon and Cellulose-Based Nanoparticle-Reinforced Polymer Nanocomposites: A Critical Review,G. Yuvaraj,Nanomaterials,2023,10.3390/nano13111803,MDPI,https://www.mdpi.com/2079-4991/13/11/1803/pdf?version=1685948996
L2,Study of Curing Characteristics of Cellulose Nanofiber-Filled Epoxy Nanocomposites,Mohan Turup Pandurangan,Catalysts,2020,10.3390/catal10080831,MDPI,https://www.mdpi.com/2073-4344/10/8/831/pdf?version=1595571894
L2,Marine Application of Fiber Reinforced Composites: A Review,Felice Rubino,Journal of Marine Science and Engineering,2020,10.3390/jmse8010026,MDPI,https://www.mdpi.com/2077-1312/8/1/26/pdf?version=1578298067
L2,Evaluation of Nanocomposite Made of Polylactic Acid and Nanocellulose from Carrot Pomace Modified with Silver Nanoparticles,Monika Szymańska‐Chargot,Polymers,2020,10.3390/polym12040812,MDPI,https://www.mdpi.com/2073-4360/12/4/812/pdf?version=1585991513
L2,Flexible Graphene Electrodes for Prolonged Dynamic ECG Monitoring,Cunguang Lou,Sensors,2016,10.3390/s16111833,MDPI,https://www.mdpi.com/1424-8220/16/11/1833/pdf?version=1477992408
L2,Bioactive and Biodegradable Nanocomposites and Hybrid Biomaterials for Bone Regeneration,Bedilu Allo,Journal of Functional Biomaterials,2012,10.3390/jfb3020432,MDPI,https://www.mdpi.com/2079-4983/3/2/432/pdf?version=1340262169
L2,Chitosan-Based (Nano)Materials for Novel Biomedical Applications,Gregor Kravanja,Molecules,2019,10.3390/molecules24101960,MDPI,https://www.mdpi.com/1420-3049/24/10/1960/pdf?version=1559015691
L2,Recent Advances in Polymer Nanocomposites: Unveiling the Frontier of Shape Memory and Self-Healing Properties—A Comprehensive Review,Huma Jamil,Molecules,2024,10.3390/molecules29061267,MDPI,https://www.mdpi.com/1420-3049/29/6/1267/pdf?version=1710317525
L2,Carbon-Based Polymer Nanocomposite for High-Performance Energy Storage Applications,Samarjeet Singh Siwal,Polymers,2020,10.3390/polym12030505,MDPI,https://www.mdpi.com/2073-4360/12/3/505/pdf?version=1584096764
L2,Mechanical and Water-Resistant Properties of Eco-Friendly Chitosan Membrane Reinforced with Cellulose Nanocrystals,Hai‐Quan Mao,Polymers,2019,10.3390/polym11010166,MDPI,https://www.mdpi.com/2073-4360/11/1/166/pdf?version=1547798745
L2,"Carbon Nanotubes, Graphene, and Carbon Dots as Electrochemical Biosensing Composites",Raja R. Pandey,Molecules,2021,10.3390/molecules26216674,MDPI,https://www.mdpi.com/1420-3049/26/21/6674/pdf?version=1636022809
L2,Recent Advances in Biochar Polymer Composites,Mattia Bartoli,Polymers,2022,10.3390/polym14122506,MDPI,https://www.mdpi.com/2073-4360/14/12/2506/pdf?version=1655719581
L2,Nanocomposite Coatings for Anti-Corrosion Properties of Metallic Substrates,Liana Maria Mureşan,Materials,2023,10.3390/ma16145092,MDPI,https://www.mdpi.com/1996-1944/16/14/5092/pdf?version=1689840110
L2,Poly(3-Hydroxybutyrate-co-3-Hydroxyvalerate): Enhancement Strategies for Advanced Applications,Ariagna L. Rivera-Briso,Polymers,2018,10.3390/polym10070732,MDPI,https://www.mdpi.com/2073-4360/10/7/732/pdf?version=1530614034
L2,Graphene Derivatives in Biopolymer-Based Composites for Food Packaging Applications,Ana Barra,Nanomaterials,2020,10.3390/nano10102077,MDPI,https://www.mdpi.com/2079-4991/10/10/2077/pdf?version=1603351634
L2,Nanocomposites Materials of PLA Reinforced with Nanoclays Using a Masterbatch Technology: A Study of the Mechanical Performance and Its Sustainability,Helena Oliver-Ortega,Polymers,2021,10.3390/polym13132133,MDPI,https://www.mdpi.com/2073-4360/13/13/2133/pdf?version=1624960575
L2,"A Review on Synthesis, Properties, and Applications of Polylactic Acid/Silica Composites",Mosab Kaseem,Polymers,2021,10.3390/polym13183036,MDPI,https://www.mdpi.com/2073-4360/13/18/3036/pdf?version=1631262260
L2,Environmentally Friendly Anticorrosive Polymeric Coatings,Mirko Faccini,Applied Sciences,2021,10.3390/app11083446,MDPI,https://www.mdpi.com/2076-3417/11/8/3446/pdf?version=1618234965
L2,"Mechanically Reinforced, Flexible, Hydrophobic and UV Impermeable Starch-Cellulose Nanofibers (CNF)-Lignin Composites with Good Barrier and Thermal Properties",Yadong Zhao,Polymers,2021,10.3390/polym13244346,MDPI,https://www.mdpi.com/2073-4360/13/24/4346/pdf?version=1639479172
L2,Graphene-Incorporated Natural Fiber Polymer Composites: A First Overview,Fernanda Santos da Luz,Polymers,2020,10.3390/polym12071601,MDPI,https://www.mdpi.com/2073-4360/12/7/1601/pdf?version=1595411568
L2,"Conductive Polymer Composites from Renewable Resources: An Overview of Preparation, Properties, and Applications",Yao Huang,Polymers,2019,10.3390/polym11020187,MDPI,https://www.mdpi.com/2073-4360/11/2/187/pdf?version=1548845117
L2,Investigating Physio-Thermo-Mechanical Properties of Polyurethane and Thermoplastics Nanocomposite in Various Applications,Tyser Allami,Polymers,2021,10.3390/polym13152467,MDPI,https://www.mdpi.com/2073-4360/13/15/2467/pdf?version=1627456954
L2,Biomedical Applications of Graphene-Based Structures,Krzysztof Tadyszak,Nanomaterials,2018,10.3390/nano8110944,MDPI,https://www.mdpi.com/2079-4991/8/11/944/pdf?version=1542353052
L2,Investigation of Cross-Linked and Additive Containing Polymer Materials for Membranes with Improved Performance in Pervaporation and Gas Separation,Katharina Hunger,Membranes,2012,10.3390/membranes2040727,MDPI,https://www.mdpi.com/2077-0375/2/4/727/pdf?version=1350897159
L2,Current Advances in the Carbon Nanotube/Thermotropic Main-Chain Liquid Crystalline Polymer Nanocomposites and Their Blends,Henry Kuo Feng Cheng,Polymers,2012,10.3390/polym4020889,MDPI,https://www.mdpi.com/2073-4360/4/2/889/pdf?version=1332514887
L2,Metal Organic Framework Based Polymer Mixed Matrix Membranes: Review on Applications in Water Purification,Asmaa Elrasheedy,Membranes,2019,10.3390/membranes9070088,MDPI,https://www.mdpi.com/2077-0375/9/7/88/pdf?version=1563525184
L2,"Synthesis, Properties, Applications, and Future Prospective of Cellulose Nanocrystals",Adib Bin Rashid,Polymers,2023,10.3390/polym15204070,MDPI,https://www.mdpi.com/2073-4360/15/20/4070/pdf?version=1697115967
L2,"Processing, Properties, Modifications, and Environmental Impact of Nanocellulose/Biopolymer Composites: A Review",Elizabeth Aigaje,Polymers,2023,10.3390/polym15051219,MDPI,https://www.mdpi.com/2073-4360/15/5/1219/pdf?version=1677573422
L2,Biodegradation of Hemicellulose-Cellulose-Starch-Based Bioplastics and Microbial Polyesters,Mateus Manabu Abe,Recycling,2021,10.3390/recycling6010022,MDPI,https://www.mdpi.com/2313-4321/6/1/22/pdf?version=1616398878
L2,Functional Polymer Hybrid Nanocomposites Based on Polyolefins: A Review,Sandra Paszkiewicz,Processes,2020,10.3390/pr8111475,MDPI,https://www.mdpi.com/2227-9717/8/11/1475/pdf?version=1605609968
L2,Review on Polysaccharides Used in Coatings for Food Packaging Papers,Petronela Nechita,Coatings,2020,10.3390/coatings10060566,MDPI,https://www.mdpi.com/2079-6412/10/6/566/pdf?version=1592356907
L2,Recent Progress in Fabrication and Applications of Superhydrophobic Coating on Cellulose-Based Substrates,Hui Liu,Materials,2016,10.3390/ma9030124,MDPI,https://www.mdpi.com/1996-1944/9/3/124/pdf?version=1456404809
L2,Functionality of Ingredients and Additives in Plant-Based Meat Analogues,Konstantina Kyriakopoulou,Foods,2021,10.3390/foods10030600,MDPI,https://www.mdpi.com/2304-8158/10/3/600/pdf?version=1616734666
L2,Cellulose Nanocrystals vs. Cellulose Nanofibers: A Comparative Study of Reinforcing Effects in UV-Cured Vegetable Oil Nanocomposites,Anda Barkāne,Nanomaterials,2021,10.3390/nano11071791,MDPI,https://www.mdpi.com/2079-4991/11/7/1791/pdf?version=1626251719
L2,Enhancing Polylactic Acid (PLA) Performance: A Review of Additives in Fused Deposition Modelling (FDM) Filaments,Ioan Plamadiala,Polymers,2025,10.3390/polym17020191,MDPI,https://www.mdpi.com/2073-4360/17/2/191/pdf?version=1736854580
L2,"Sandwich-Structured, Hydrophobic, Nanocellulose-Reinforced Polyvinyl Alcohol as an Alternative Straw Material",Chun-Tu Chou,Polymers,2021,10.3390/polym13244447,MDPI,https://www.mdpi.com/2073-4360/13/24/4447/pdf?version=1640081500
L2,"Biodegradable Polylactic Acid and Its Composites: Characteristics, Processing, and Sustainable Applications in Sports",Yueting Wu,Polymers,2023,10.3390/polym15143096,MDPI,https://www.mdpi.com/2073-4360/15/14/3096/pdf?version=1689769952
L2,Electrospun Antimicrobial Films of Poly(3-hydroxybutyrate-co-3-hydroxyvalerate) Containing Eugenol Essential Oil Encapsulated in Mesoporous Silica Nanoparticles,Beatriz Meléndez-Rodríguez,Nanomaterials,2019,10.3390/nano9020227,MDPI,https://www.mdpi.com/2079-4991/9/2/227/pdf?version=1550398657
L2,Strength and Barrier Enhancements of Cellophane and Cellulose Derivative Films: A Review,Sara Paunonen,BioResources,2013,10.15376/biores.8.2.3098-3121,Lens,http://ojs.cnr.ncsu.edu/index.php/BioRes/article/download/BioRes_08_2_3098_Paunonen_Review_Strength_Barrier_Enhancement_Cellophane/2138
L2,Improving the Oxygen Barrier of Polyamide Food Packaging by Using Nanoclay,Tonis PAARA,Materials Science,2022,10.5755/j02.ms.28868,Lens,https://matsc.ktu.lt/index.php/MatSc/article/download/28868/15212
L2,Chitin- and cellulose-based sustainable barrier materials: a review,Zeyang Yu,Emergent Materials,2020,10.1007/s42247-020-00147-5,Lens,https://link.springer.com/content/pdf/10.1007/s42247-020-00147-5.pdf
L2,A study of the barrier properties of polyethylene coated with a nanocellulose/magnetite composite film,N. Đorđevic,Journal of the Serbian Chemical Society,2016,10.2298/jsc151217019d,Lens,http://www.doiserbia.nb.rs/ft.aspx?id=0352-51391600019D
L2,"High Barrier, Biodegradable Nanocomposite Films Based on Clay‐Coated and Chemically Modified Gum Kondagogu",Abhilash Venkateshaiah,Macromolecular Materials and Engineering,2022,10.1002/mame.202200008,Lens,https://onlinelibrary.wiley.com/doi/pdfdirect/10.1002/mame.202200008
L2,Organic-Inorganic Hybrid Planarization and Water Vapor Barrier Coatings on Cellulose Nanofibrils Substrates.,Feyza Karasu,Frontiers in chemistry,2018,10.3389/fchem.2018.00571,Lens,https://www.frontiersin.org/articles/10.3389/fchem.2018.00571/pdf
L2,Gas barrier properties of polymer/clay nanocomposites,Yanbin Cui,RSC Advances,2015,10.1039/c5ra10333a,Lens,
L2,Preparation of Polypropylene/silver nanoparticles Nanocomposite films and Evaluation of its Barrier and Antimicrobial Properties for Packaging Applications,Rajesh Kumar Sahoo,International Journal for Research in Applied Science and Engineering Technology,2021,10.22214/ijraset.2021.37430,Lens,
L2,A review of the water barrier properties of polymer/clay and polymer/graphene nanocomposites,Bowen Tan,Journal of Membrane Science,2016,10.1016/j.memsci.2016.05.026,Lens,https://figshare.com/articles/journal_contribution/A_review_of_the_water_barrier_properties_of_polymer_clay_and_polymer_graphene_nanocomposites/9234233/1/files/16815734.pdf
L2,Biodegradable Nanofibrillated Cellulose/Poly-(butylene adipate-co-terephthalate) Composite Film with Enhanced Barrier Properties for Food Packaging.,Xiangyang Zhou,"Molecules (Basel, Switzerland)",2023,10.3390/molecules28062689,Lens,
L2,Water and oxygen permeation through transparent ethylene vinyl alcohol/(graphene oxide) membranes,Hye Min Kim,Carbon letters,2014,10.5714/cl.2014.15.1.050,Lens,http://society.kisti.re.kr/sv/SV_svpsbs03V.do?method=download&cn1=JAKO201418534781748
L2,Gas barrier performance of graphene/polymer nanocomposites,Yanbin Cui,Carbon,2016,10.1016/j.carbon.2015.11.018,Lens,http://arxiv.org/pdf/1509.06256
L2,High Barrier Nanocomposite Film with Accelerated Biodegradation by Clay Swelling Induced Fragmentation,Renee L. Timmins,Macromolecular Materials and Engineering,2021,10.1002/mame.202100727,Lens,https://onlinelibrary.wiley.com/doi/pdfdirect/10.1002/mame.202100727
L2,Sustainable Boron Nitride Nanosheet-Reinforced Cellulose Nanofiber Composite Film with Improved Mechanical Properties and Oxygen Barrier without the Cost of Color and Brittleness,Hoang-Linh Nguyen,No disponible,2018,10.20944/preprints201803.0263.v1,Lens,https://www.preprints.org/manuscript/201803.0263/v1/download
L2,Portable hydrogel-embedded molecularly imprinted polymer/nitrogen-doped graphene quantum dot fluorescent sensor for selective of D-proline in biofluids,Songsaard T.,Talanta,2027,10.1016/j.talanta.2026.130350,Elsevier,
L2,Rosmarinic acid-cerium nanocatalysts enable oxygenation-enhanced ROS neutralization and PET imaging-guided therapy for acute kidney injury,Zhao Y.,Bioactive Materials,2027,10.1016/j.bioactmat.2026.08.002,Elsevier,
L2,"Urban Climate Adaptation in Naples: An Integrated Framework for Flood Risk, Urban Heat Island, and Nature-Based Intervention Planning",Gargiulo C.,Lecture Notes in Computer Science,2027,10.1007/978-3-032-30527-5_27,Elsevier,
L2,Innovative PBAT/PU/MMT@ZnO-NPs bionanocomposite films based on modified montmorillonite for active food packaging,El-Nagar I.,Scientific Reports,2026,10.1038/s41598-026-43972-0,Elsevier,
L2,Characterization of bacterial nanocellulose cultivated on polyethylene terephthalate (PET) monomers via raman and fourier transform infrared spectroscopy,Eriksson R.,Scientific Reports,2026,10.1038/s41598-026-46886-z,Elsevier,
L2,"Small particles, large questions: unravelling the toxicity and potential health risks of PET micro-/nanoplastics",Hanzlova M.,Particle and Fibre Toxicology,2026,10.1186/s12989-026-00673-w,Elsevier,
L2,Integration and mechanical and water absorption characteristics of treated natural fiber-titanium nanoparticles embedded polyester composites,Aruna M.,Scientific Reports,2026,10.1038/s41598-026-40227-w,Elsevier,
L2,Green preparation and evaluation of bentonite supported Bi2O3/polyester nanocomposites as gamma radiation shielding materials,Hamada M.A.,Scientific Reports,2026,10.1038/s41598-026-53392-9,Elsevier,
L2,"Biodegradable PBAT films with in situ synthesized tannic acid/ZnS nanohybrids for active packaging, offering antioxidant, antibacterial, and UV-shielding properties",Niksefat M.,Scientific Reports,2026,10.1038/s41598-025-30768-x,Elsevier,
L2,Magnetic graphene oxide functionalized composite nanofibrous stem cell-based neural scaffolds,Jiang J.,Journal of Nanobiotechnology,2026,10.1186/s12951-026-04127-5,Elsevier,
L2,Co-upcycling spent lithium-ion batteries and plastics into microwave absorbing materials with Ni-Co catalyst control,Qiu B.,Nature Communications,2026,10.1038/s41467-026-69501-1,Elsevier,
L2,Waste plastics-integrated agro-waste formulations for durable exterior and interior interlock and roofing sheets in sustainable construction,John S.U.,Discover Environment,2026,10.1007/s44274-026-00724-1,Elsevier,
L2,"Multifunctional thermosetting composites for dielectric barrier discharge plasma actuators: Integrated mechanical, electrical and flow performance",Shvydyuk K.O.,Composites Part A Applied Science and Manufacturing,2026,10.1016/j.compositesa.2026.110146,Elsevier,
L2,Radiolabeled Ag2S quantum dots for the detection of breast cancer tumours,Hoseinpour M.,Scientific Reports,2026,10.1038/s41598-026-54136-5,Elsevier,
L2,Improved durability of shingled photovoltaic modules enabled by binder-optimized low-Ag electrically conductive adhesives,Kim G.,Solar Energy Materials and Solar Cells,2026,10.1016/j.solmat.2026.114579,Elsevier,
L2,Surface polarity control of flyknit upper fibers via plasma technology and adhesion with waterproof coatings,Fu H.,Surface Science and Technology,2026,10.1007/s44251-026-00129-5,Elsevier,
L2,Development of PBAT films reinforced with SiC/g-C3N4 nanohybrids for enhanced biocompatibility and antibacterial performance,Venkatesan R.,Scientific Reports,2026,10.1038/s41598-025-32172-x,Elsevier,
L2,Chitosan and polycaprolactone blended PDMS coatings improve biocompatibility of magnetic elastomers,Mystkowska J.,Scientific Reports,2026,10.1038/s41598-026-40085-6,Elsevier,
L2,Hypericin and berberine promote elongation of hair peg-like sprouting in hair follicle organoids via oxytocin signaling activation,Kageyama T.,Scientific Reports,2026,10.1038/s41598-026-55544-3,Elsevier,
L2,In situ synthesized Van-ZIF-8 functionalized electrospun PCL membrane with pH-responsive dual functionality for oral guided bone regeneration,Al-Baadani M.A.,Journal of Materials Science Materials in Medicine,2026,10.1007/s10856-025-06996-y,Elsevier,
L2,In-situ ²²³Ra-doped calcium-alginate composite microspheres: a high-LET and immunoactivating platform for α-particle radioembolization in hepatocellular carcinoma,Tian J.,Journal of Nanobiotechnology,2026,10.1186/s12951-025-03841-w,Elsevier,
L2,"From Inflammation to Targeted Therapy: Leveraging Neutrophil, Platelet, RBC, and Macrophage Biology for Nanocarrier in Atherosclerosis",Heydari F.,Current Atherosclerosis Reports,2026,10.1007/s11883-026-01394-3,Elsevier,
L2,The antifibrotic effects of a click chemistry-based albumin nanocomplex in an idiopathic pulmonary fibrosis model,Kim M.,Journal of Nanobiotechnology,2026,10.1186/s12951-026-04413-2,Elsevier,
L2,OCTN2-targeted and ROS-responsive hybrid polymeric micelles for oral delivery of docetaxel,Sun H.,Journal of Nanobiotechnology,2026,10.1186/s12951-026-04067-0,Elsevier,
L2,"Corrigendum to “Impact of microplastics on terrestrial ecosystems: A plant-centric perspective” [Environ. Pollut. Manag. 1 (2024)] (Environmental Pollution and Management (2024) 1 (223–234), (S2950305124000196), (10.1016/j.epm.2024.11.002))",Hasan M.M.,Environmental Pollution and Management,2026,10.1016/j.epm.2026.05.003,Elsevier,
L2,Dual-graphene conductive networks enable high-capacity Li-rich cathode yarns for textile lithium-ion batteries,Sabah N.U.,Journal of Energy Storage,2026,10.1016/j.est.2026.123948,Elsevier,
L2,Construction of biomimetic ‘Stab-locked’ Ag@HNT@IDN and synergistic enhancement of UPR flame retardant-antimicrobial-mechanical properties,Xu B.,Colloids and Surfaces A Physicochemical and Engineering Aspects,2026,10.1016/j.colsurfa.2026.141334,Elsevier,
L2,In vivo imaging of lipid nanoparticle messenger RNA therapeutics: Current advances and emerging opportunities,Jugniot N.,European Journal of Medicinal Chemistry,2026,10.1016/j.ejmech.2026.119213,Elsevier,
L2,Gamma-ray shielding performance of BiClO–FeCr reinforced unsaturated polyester polymer composites,Sağ E.,Radiation Physics and Chemistry,2026,10.1016/j.radphyschem.2026.114111,Elsevier,
L2,"Electrospun nanofiber-based food packaging at end-of-life: Degradation pathways, secondary nanoplastics, nanoparticle fate, and circular design strategies",Pandey P.,Trends in Food Science and Technology,2026,10.1016/j.tifs.2026.106013,Elsevier,
L2,Enhancing nanofiltration performance via a transient interlayer during interfacial polymerization: improved rejection of representative antibiotics,Guo S.,Separation and Purification Technology,2026,10.1016/j.seppur.2026.139515,Elsevier,
L2,Layer-resolved mechanical insights into the role of nonwoven viscoelasticity on TFC membrane permeability under ultrahigh pressure,Jazini F.,Chemical Engineering Journal,2026,10.1016/j.cej.2026.180086,Elsevier,
L2,Cellular uptake of PET nanoplastics in brittle stars: impairment of arm regeneration and behavioural traits,Battistoni M.,Environmental Pollution,2026,10.1016/j.envpol.2026.128827,Elsevier,
L2,Non-destructive extraction and characterization of human pulmonary microplastics and the associated endocrine disrupting chemicals,Zhu T.,Environmental Pollution,2026,10.1016/j.envpol.2026.128705,Elsevier,
L2,Effects of surface characteristics on the wetting /drying of artificial saliva and antiviral performance,Ren K.,Colloids and Surfaces A Physicochemical and Engineering Aspects,2026,10.1016/j.colsurfa.2026.140798,Elsevier,
L2,Dual-functional semi-interpenetrating network composite coating based on polyvinyl alcohol and polyethylenimine: simultaneously enhancing adhesion and barrier performance for sustainable food packaging,Zhu Q.,Progress in Organic Coatings,2026,10.1016/j.porgcoat.2026.110338,Elsevier,
L2,"Experiments combined with molecular dynamics insights into hydrogen production from polyethylene terephthalate gasification in supercritical water: Product distribution, degradation pathways, and enhancement strategies",Peng Z.,Fuel,2026,10.1016/j.fuel.2026.139035,Elsevier,
L2,"Fabrication of durable, waterproof and efficient radiation cooling microfilaments coated fabric for outdoor sheltering",Lu P.,Progress in Organic Coatings,2026,10.1016/j.porgcoat.2026.110332,Elsevier,
L2,Salvinia-inspired superwetting filter element for oil-water separation and microplastic removal in aero-engine fuel pre-filtration,Peng L.,Journal of Environmental Chemical Engineering,2026,10.1016/j.jece.2026.123914,Elsevier,
L2,Inhibition of AMPK Signaling Pathway Mediates Cardiotoxicity Induced by Co-Exposure to Polylactic Acid Nanoplastics and Silica Nanoparticles,Dai Y.,Food and Chemical Toxicology,2026,10.1016/j.fct.2026.116287,Elsevier,
L2,Beyond the brain barrier: Hybrid nanoparticles orchestrating intelligent neuro-theranostics,Saxena S.,Advances in Colloid and Interface Science,2026,10.1016/j.cis.2026.103954,Elsevier,
L2,Electrospinning preparation of poly (L-lactic acid)/collagen/nano-hydroxyapatite nanocomposite fibrous membrane for hemostatic application,Long X.,Colloids and Surfaces B Biointerfaces,2026,10.1016/j.colsurfb.2026.115867,Elsevier,
L2,MCP-PMT innovations at Incom,Popecki M.A.,Nuclear Instruments and Methods in Physics Research Section A Accelerators Spectrometers Detectors and Associated Equipment,2026,10.1016/j.nima.2026.171678,Elsevier,
L2,Nano-to-macroscale dual core-shell structured bioartificial ligament improves outcomes of anterior cruciate ligament reconstruction in rats: A proof-of-concept study,Zhang H.,Bioactive Materials,2026,10.1016/j.bioactmat.2026.05.003,Elsevier,
L2,Graphene-decorated microneedle electrode flexible array for multichannel and multimodal recording of physiological information in brain,Liu Z.,Chemical Engineering Journal,2026,10.1016/j.cej.2026.178226,Elsevier,
L2,Immune cell imaging in the glioma microenvironment,Wireko A.A.,Brain Research,2026,10.1016/j.brainres.2026.150394,Elsevier,
L2,Circular valorization of waste polyester fabric/hemp stalk into fire-safe structural composites,Niu M.,Journal of Cleaner Production,2026,10.1016/j.jclepro.2026.149195,Elsevier,
L2,Preparation and properties of poly (butylene succinate-co-butylene terephthalate)/poly (L-lactic acid) composite films reinforced with coal gangue as a functional filler,Li Z.,International Journal of Biological Macromolecules,2026,10.1016/j.ijbiomac.2026.153503,Elsevier,
L2,Fabrication of superhydrophobic PET/SiO2 nanocomposite based electrospun nanofiber membrane for oil–water separation,Gaikwad P.P.,Surface Topography Metrology and Properties,2026,10.1088/2051-672x/ae84ee,Elsevier,
L2,Durable superhydrophobic and multifunctional cellulosic fabrics via silica nanostructures and synergistic chemical coating,Madhu A.,Journal of the Indian Chemical Society,2026,10.1016/j.jics.2026.102880,Elsevier,
L2,Chlorine-resistant polyester-polyamide TFC membranes via sequential interfacial polymerization for robust membrane distillation,Song X.,Journal of Membrane Science,2026,10.1016/j.memsci.2026.125851,Elsevier,
L2,Effects of fiber surface coating and chlorinated polypropylene compatibilization on kenaf fiber–reinforced polypropylene composites,Muslim O.F.,Journal of Materials Research and Technology,2026,10.1016/j.jmrt.2026.08.040,Elsevier,
L2,Fabrication of a core-shell structured MOF@COF fluorescent composite and its sensing performance toward nitrofurantoin,Gan Y.,Microchemical Journal,2026,10.1016/j.microc.2026.119160,Elsevier,
L2,"Controlled-release Food Packaging as Functional Systems: Integrating Mechanisms, Materials, Manufacturing, and Translational Barriers",Juma N.S.,Food Engineering Reviews,2026,10.1007/s12393-026-09456-7,Elsevier,
L2,"Targeted contrast agents for breast cancer imaging: A systematic review of nanoparticle, quantum dot, and ultrasound platforms",Jubair H.,Radiography,2026,10.1016/j.radi.2026.103525,Elsevier,
L2,Micro- and nanoplastics in the human genitourinary system: oncological impact – a systematic review,Akpang N.,BJU International,2026,10.1111/bju.70326,Elsevier,
L2,"Atmospheric Microplastics: Detection Technologies, Respiratory Exposure Pathways, Multi-Organ Health Effects, and Standardized Risk Assessment Frameworks",Hore M.,Water Air and Soil Pollution,2026,10.1007/s11270-026-09646-3,Elsevier,
L2,"Synthesis, characteristics, and applications of sustainable carbon quantum dots derived from biomass of recombinant bacterium",Wang Z.,Bioresource Technology,2026,10.1016/j.biortech.2026.134966,Elsevier,
L2,"Preparation, antioxidant and antibacterial properties of PCL/APS composite nanofiber films embedded with CS/TPP-CV nanospheres for blueberry preservation",Wang Z.,Food Chemistry,2026,10.1016/j.foodchem.2026.149720,Elsevier,
L2,"Breaking the sequential treatment paradigm: Plasma-assisted electrosorption enables one-step algal cell demolition, P recovery, and N stripping from eutrophic waters",Guo H.,Water Research,2026,10.1016/j.watres.2026.126032,Elsevier,
L2,Composite Patch with Heterogeneous Structural Design for Improved Rotator Cuff Repair,Sun Y.,ACS Biomaterials Science Engineering,2026,10.1021/acsbiomaterials.6c00249,Elsevier,
L2,Explainable Deep Learning and Targeted Spectral Augmentation for Mid-Infrared Classification of Additive-Containing Polymers,Stavinski N.,Journal of Physical Chemistry B,2026,10.1021/acs.jpcb.6c02143,Elsevier,
L2,Tailored Biopolyester/β-Tricalcium Phosphate Composites for Potential Bone Tissue Applications,Albuquerque M.,Advanced Engineering Materials,2026,10.1002/adem.70999,Elsevier,
L2,Enhancing Tumor Perfusion and Nanomedicine Delivery by Modulating Vascular Tone with Methyl Palmitate Nanoparticles,Palomba R.,ACS Nano,2026,10.1021/acsnano.6c03988,Elsevier,
L2,Upcycling of poly(ethylene terephthalate) and a feasibility of applying poly(ethylene terephthalate) /graphene composite sheets for organic photovoltaic device encapsulation,Pomkay A.,Journal of Reinforced Plastics and Composites,2026,10.1177/07316844251377635,Elsevier,
L2,Barrier and functional enhancement of PLA films incorporating curcumin and modified cellulose nanocrystals,Maleki A.,International Journal of Biological Macromolecules,2026,10.1016/j.ijbiomac.2026.153106,Elsevier,
L2,Investigation of Graphene Oxide-Functionalized Bamboo Cellulose Composites for Electromagnetic Shielding Application,Marzuki T.M.F.T.M.,Engineering Letters,2026,,Elsevier,
L2,Mitigation of Explosive Spalling in High-Strength Concrete Exposed to Fire using Recycled Polyethylene Terephthalate Fibers,Pethrung S.,Engineered Science,2026,10.30919/es2296,Elsevier,
L2,Food allergen binding to pristine PET nanoplastic and their effect on allergic immune responses in vitro,Grundström J.,Journal of Hazardous Materials,2026,10.1016/j.jhazmat.2026.142506,Elsevier,
L2,A flexible and transmissive 3D SERS substrate with AgNP decorated pyramid arrays for high-sensitivity in-situ detection,Tang Z.,Surfaces and Interfaces,2026,10.1016/j.surfin.2026.109561,Elsevier,
L2,"Lead-free unsaturated polyester resin composites with Bi2O3 and Al2O3 for gamma-ray shielding at 59.5, 122, and 662 keV",Putra O.A.,Ceramics International,2026,10.1016/j.ceramint.2026.06.165,Elsevier,
L2,Programmable Inter-Droplet Communication by Polymer-Gated Ion Transport Through Nanopore Lattices,Kirsch M.,Small Science,2026,10.1002/smsc.70352,Elsevier,
L2,Physical and biological synergistic strategies: injectable CNF/CMC hydrogels with cannabidiol@PCL microspheres for durable facial filling,Wang H.,Carbohydrate Polymers,2026,10.1016/j.carbpol.2026.125376,Elsevier,
L2,Recyclable and Scalable Cellulose/SiO2 Fiber Enabling Thermal and Moisture Comfort,Li X.,Polymers,2026,10.3390/polym18151888,Elsevier,
L2,Process-Compatible Immobilization of Thermolabile Enzymes for Self-Degradable Polyesters via Industrial Melt Compounding Conditions,Seo J.J.,Polymers,2026,10.3390/polym18151830,Elsevier,
L2,High-performance regenerated leather: a one-stone-two-birds strategy for simultaneous enhancement of mechanical and comfort properties,Zhang M.,Materials and Design,2026,10.1016/j.matdes.2026.116340,Elsevier,
L2,Flammability and thermal properties of vinyl ester resins-based composites with wood flour,Pączkowski P.,Thermochimica Acta,2026,10.1016/j.tca.2026.180375,Elsevier,
L2,Bionic platelet membrane-coated rutin nanoparticles attenuate ulcerative colitis by suppressing platelet-mediated macrophage inflammation,Zhang R.,Drug Delivery and Translational Research,2026,10.1007/s13346-025-02028-y,Elsevier,
L2,Hierarchical ZSM-5/SBA-15 composites supported non-Noble metal oxides for efficient catalytic oxidation of HMF to FDCA,Li Z.,Journal of Chemical Technology and Biotechnology,2026,10.1002/jctb.70198,Elsevier,
L2,Determination of mercury on microplastics in water by atomic fluorescence spectrometry through solid phase microextraction-dielectric barrier discharge vapor generation,Wang R.,Spectrochimica Acta Part B Atomic Spectroscopy,2026,10.1016/j.sab.2026.107543,Elsevier,
L2,Reusable multifunctional textile-based smart packaging for fruit preservation and spoilage monitoring,Caseiro B.,Reactive and Functional Polymers,2026,10.1016/j.reactfunctpolym.2026.106772,Elsevier,
L2,Formulation and characterization of polyethylenimine-coated magnetopolymeric nanoparticles with potential application in thermal cancer therapies,Medina-Moreno A.,Colloids and Surfaces B Biointerfaces,2026,10.1016/j.colsurfb.2026.115657,Elsevier,
L2,Storming glioblastoma’s fortress: kaempferol-powered spatiotemporal nanotherapy hierarchically breaking-capturing-disarming tumor defenses via programmable metabolic phototherapy amplification,Sun K.,Advanced Composites and Hybrid Materials,2026,10.1007/s42114-026-01843-2,Elsevier,
L2,Bioinspired engineering of breathable poly(lactic acid) metafabric with high-performance radiative cooling and wearable comfort,Wu Y.,Journal of Colloid and Interface Science,2026,10.1016/j.jcis.2026.140290,Elsevier,
L2,Rational design of AuNPs-decorated MOFs/Cu2O: p-n heterojunction and plasmonic synergy for enhanced SERS detection of microplastics,Li Y.,Journal of Hazardous Materials,2026,10.1016/j.jhazmat.2026.142917,Elsevier,
L2,"WeTex: A superhydrophilic wearable textile platform for touch, deformation and sweat glucose monitoring applications",Roy S.,Biosensors and Bioelectronics X,2026,10.1016/j.biosx.2026.100787,Elsevier,
L2,Dual-function oral nanotherapeutic mitigates sepsis-like multi-organ failure by targeting inflammatory and fibrotic pathways,Asenso J.,Bioactive Materials,2026,10.1016/j.bioactmat.2026.02.058,Elsevier,
L2,MicroRNA-200a as a therapeutic agent for acute and chronic liver pathologies and regeneration,Rodimova S.,Biomaterials,2026,10.1016/j.biomaterials.2026.124125,Elsevier,
L2,Controlled Precipitation and Microcoating Formation of Shellac via Sequential Ethanol-Water Solvent Exchange,Sharmin T.,Langmuir the ACS Journal of Surfaces and Colloids,2026,10.1021/acs.langmuir.6c02287,Elsevier,
L2,"Unraveling Nanoplastics–Enzyme Interactions: Physicochemical, Structural, Functional, and Cell Biological Characterization of α-Amylase–Nanoplastics Complexes",Sieg H.,Langmuir,2026,10.1021/acs.langmuir.6c00976,Elsevier,
L2,3D-printed biodegradable polyester-based scaffolds in bone regeneration therapy,Hao T.,Chinese Journal of Tissue Engineering Research,2026,10.12307/2026.147,Elsevier,
L2,Thermo-Mechanical Frequency Stability and Anisotropic Modeling of Carbon Fiber-Reinforced PETG Accelerometers for Additive Manufacturing,Le X.L.,IEEE Sensors Journal,2026,10.1109/jsen.2026.3700417,Elsevier,
L2,Resonant Acoustic Mixing-Assisted Fabrication of Fused Deposition Modeling-Printed Shape Memory P(DLLA-TMC)/β-TCP/PDA Composite Scaffolds Achieving Synergistic Osteogenic Effects,Zhu Y.,ACS Biomaterials Science and Engineering,2026,10.1021/acsbiomaterials.6c00231,Elsevier,
L2,Durability performance of recycled aggregate porous concrete for pavement base applications under acid and sulphate exposure,Gangaraju H.,Construction and Building Materials,2026,10.1016/j.conbuildmat.2026.146574,Elsevier,
L2,"Zein-cellulose composite food packaging with synergistically engineered SiOx coating: Oxygen/water vapor barrier properties, hydrophobicity, heat sealability, and environmental friendliness",Zhang K.,Food Packaging and Shelf Life,2026,10.1016/j.fpsl.2026.101794,Elsevier,
L2,Study of waterborne polyvinyl alcohol/polyacrylic acid composite coating with the enhanced barrier properties for food flexible packaging,Fan J.,Fuhe Cailiao Xuebao Acta Materiae Compositae Sinica,2026,10.13801/j.cnki.fhclxb.20250804.001,Elsevier,
L2,Chilled beef preservation by quaternized areca-husk cellulose nanocrystals and oregano essential oil encapsulated in a zeolitic imidazolate framework-8 in synthesized composite films,Xin K.,Carbohydrate Polymers,2026,10.1016/j.carbpol.2026.125299,Elsevier,
L2,Revolutionizing Oil-Water Separation: Recycled Polyethylene Terephthalate Nanofibers for Sustainable Membrane Technologies,Mareai B.M.,Indian Journal of Environmental Protection,2026,,Elsevier,
L2,Stable interface PLA-PVA/chitosan bilayer films containing hesperidin: Delivering robust antioxidant and barrier properties for active packaging,Jiang J.,International Journal of Biological Macromolecules,2026,10.1016/j.ijbiomac.2026.152851,Elsevier,
L2,Vehicle envelope with lightweight ultrafilm for minimal leakage (VELUM),Kheirani A.,Aerospace Science and Technology,2026,10.1016/j.ast.2026.111785,Elsevier,
L2,"Influence of rice husk ash extracted heat treated Si3N4 ceramic on mechanical, wear and low cycle fatigue behaviour of hybrid pineapple/basalt fiber reinforced polyester composite",Jesumanen J.,Journal of the Australian Ceramic Society,2026,10.1007/s41779-025-01304-x,Elsevier,
L2,Ti3C2Tx MXene decorated SnO2/In2O3 fabric gas sensor for room-temperature NO2 detection,Tang J.,Ceramics International,2026,10.1016/j.ceramint.2026.05.331,Elsevier,
L2,Construction of melamine-Schiff base assisted phosphorus-nitrogen synergistic flame-retardant system on polyester fabric,Zheng Z.,Polymer Testing,2026,10.1016/j.polymertesting.2026.109236,Elsevier,
L2,Ceramic-metal (CuO-Ag) nanocomposite coated self-disinfecting fabrics for antimicrobial applications: Demonstration from laboratory to pilot scale,Hembram K.,Ceramics International,2026,10.1016/j.ceramint.2026.05.403,Elsevier,
L2,Effects of phosphorus-nitrogen containing flame retardants on the compostability of poly(lactic acid),Decsov K.E.,Polymer Degradation and Stability,2026,10.1016/j.polymdegradstab.2026.112085,Elsevier,
L2,ENHANCING THE MECHANICAL AND THERMAL PROPERTIES OF ABACA FIBER/GRAPHITE BIOCOMPOSITES THROUGH ALKALI AND SILANE SURFACE MODIFICATION,Mulana F.,Rasayan Journal of Chemistry,2026,10.31788/rjc.2026.1939595,Elsevier,
L2,Investigation of transparent conducting SnO2 thin films for flexible optoelectronic devices,Padhi S.N.,Journal of Materials Science Materials in Electronics,2026,10.1007/s10854-026-17877-7,Elsevier,
L2,DEVELOPMENT AND APPLICATION OF COMPOSITE WATERPROOF LOCK AGENT FOR TIGHT RESERVOIR DRILLING FLUID,Li M.,Speciality Petrochemicals,2026,10.20075/j.cnki.issn.1003-9384.2026.04.008,Elsevier,
L2,Development of high-performance starch-chitosan films reinforced by hyperbranched polyester from triethanolamine and maleic anhydride,Yin P.,International Journal of Biological Macromolecules,2026,10.1016/j.ijbiomac.2026.153032,Elsevier,
L2,Green Approaches to Nanoparticle-Infused Biodegradable Hydrogel Films: Preparation and Potential Applications,Aman J.,Environmental Quality Management,2026,10.1002/tqem.70416,Elsevier,
L2,High-temperature dielectric composite with excellent capacitive energy storage by multiscale chemical configuration design,Du Y.,Chinese Chemical Letters,2026,10.1016/j.cclet.2025.111775,Elsevier,
L2,Machine Learning–Driven Surrogate Modeling and Operating-Point Selection for a Microfluidic Diffusion-Membrane Platform for Transdermal Drug Delivery,Torabi T.,Membranes,2026,10.3390/membranes16070239,Elsevier,
L2,"Click-Synthesized Triazole-Containing Poly(ester amide)s: Structure–Property Relationships, Limited Degradability and Nanoparticle Formation",Arioli M.,Applied Sciences Switzerland,2026,10.3390/app16147282,Elsevier,
L2,Development of an injectable supramolecular hydrogel system for prolonged and controlled insulin release in diabetes management,Li D.,International Journal of Biological Macromolecules,2026,10.1016/j.ijbiomac.2026.152835,Elsevier,
L2,Fluorescent boron and phosphorus Co-doped graphene quantum dots for bovine serum albumin sensing in cow's milk with smartphone-enabled real-time readout,Amirchand K.D.,Journal of Materials Chemistry B,2026,10.1039/d6tb00369a,Elsevier,
L2,A Phosphorus/Nitrogen-containing Phosphaphenanthrene Derivative as Flame Retardant for Poly(lactic acid),Lin S.,Chinese Journal of Polymer Science English Edition,2026,10.1007/s10118-026-3634-5,Elsevier,
L2,Evaluation of nanoencapsulated bevacizumab combined with paclitaxel in a colorectal cancer xenograft model,Pangua C.,Drug Delivery and Translational Research,2026,10.1007/s13346-025-01941-6,Elsevier,
L2,Dynamic Risk Profiling of Polylactic Acid-Based Food Packaging: From Migration-Derived Toxicity Biomarkers to Green Technology-Driven Safety Optimization,Zhu J.,Comprehensive Reviews in Food Science and Food Safety,2026,10.1111/1541-4337.70560,Elsevier,
L2,"Emerging trends in plant biopolymer engineering: Green extraction, functional modification, and bioengineering applications",Onikanni O.,Next Materials,2026,10.1016/j.nxmate.2026.102357,Elsevier,
L2,Mechanistic Insights into the Action of Histamine-Functionalized PLA Nanoparticles Loaded with 5-Fluorouracil Against Gastric Cancer Cells In Vitro,Jaroniek P.,Molecules,2026,10.3390/molecules31142520,Elsevier,
L2,PVA-based hydrogen-bonded supramolecular adhesive with core–shell nanoarchitectures for multifunctional and sustainable applications,Yin Z.Z.,Journal of Advanced Research,2026,10.1016/j.jare.2025.10.051,Elsevier,
L2,Disulfide-Crosslinked mPEG-PLA-(LA)4 Nanomicelles for Taxane Delivery in Breast Cancer Therapy,Xie Y.,Molecules,2026,10.3390/molecules31132238,Elsevier,
L2,Biodegradable nanoplastics pose a greater risk: Polylactic acid exceeds polystyrene in phytotoxicity and bioaccumulation in lettuce,Li X.,Journal of Hazardous Materials,2026,10.1016/j.jhazmat.2026.142363,Elsevier,
L2,Combined electrospun fibre-microneedle patches for enhanced transmucosal delivery of benzodiazepines and proteins,Berry C.,Biomaterials Science,2026,10.1039/d6bm00216a,Elsevier,
L2,Multi-Printhead Parallel Printing of Polycaprolactone Barrier/Filler-Integrated Scaffolds for Alveolar Bone Repair,Meng Z.,Advanced Healthcare Materials,2026,10.1002/adhm.202505588,Elsevier,
L2,Erythromycin-encapsulated tri-arm PCL/APTMS-Functionalized magnetic nanocomposite for targeted therapy of deep skin infections,Paul S.,International Journal of Pharmaceutics,2026,10.1016/j.ijpharm.2026.127021,Elsevier,
L2,Nephrotoxicity induced by PLA NPs and CuSO4: Crosstalk between Cu metabolism and ferroptosis via ATP7B autophagy,Jia T.,Chemico Biological Interactions,2026,10.1016/j.cbi.2026.112093,Elsevier,
L2,Performance Evaluation of Hybrid Porous Asphalt Containing Recycled Waste Plastic,Ahmed A.Z.,Al Nahrain Journal for Engineering Sciences,2026,10.29194/njes.29020273,Elsevier,
L2,Facilitating C-C Cleavage via Constructing 4f-2p-3d Gradient Orbital Coupling for Ethylene Glycol Electro-Oxidation,Liu X.,Advanced Energy Materials,2026,10.1002/aenm.70926,Elsevier,
L2,Synergistic enhancement of polyvinyl alcohol coating via montmorillonite reinforcement and chemical cross-linking for high-barrier food packaging,Zhu Q.,Applied Clay Science,2026,10.1016/j.clay.2026.108185,Elsevier,
L2,Towards cost-effective and sustainable PET recycling through glycolysis: Ethylene glycol recovery using solution-processable nanocomposite membranes,Mahdavi H.,Chemical Engineering Journal,2026,10.1016/j.cej.2026.176529,Elsevier,
L2,Enhanced Hydrophilicity in Membranes Obtained from PET Waste and Gum Arabic for Lignin Filtration,Silva J.G.,ACS Applied Polymer Materials,2026,10.1021/acsapm.6c00990,Elsevier,
L2,Performance of MOF-containing active layer and HOF-based support layer of ultrafiltration membrane for nanoplastics removal from secondary effluent,Dey T.K.,Separation and Purification Technology,2026,10.1016/j.seppur.2026.137023,Elsevier,
L2,Multi-Objective Optimization on Durability and Fatigue Properties of Unsaturated Polyester Resin Modified Composite for Bridge Deck Pavement Based on Multi-Scale Analysis,Zhang Z.,Polymer Composites,2026,10.1002/pc.70871,Elsevier,
L2,A gas-templated CeO2 nanoparticle coating with tailored defects for enhanced UV durability of PET films,Zhu L.,New Journal of Chemistry,2026,10.1039/d6nj01030j,Elsevier,
L2,Bioactive Copper-Doped Natural Hydroxyapatite Quantum Dots/Graphene Oxide Nanocomposites in 3D-Printed PCL Scaffolds for Superior Osteogenic and Angiogenic Performance in Bone Tissue Engineering,Maleki-Ghaleh H.,Advanced Healthcare Materials,2026,10.1002/adhm.202503939,Elsevier,
L2,Synergistic regulation of phase separation and crystallization via PCL blending: A paradigm shift for high-performance PET/PCL composite hollow fiber membranes in vascular grafts,Wang B.,Polymer,2026,10.1016/j.polymer.2026.130081,Elsevier,
L2,A Self-Powered Biodegradable Electroactive Conduit with Sustained NGF Release for Enhanced Peripheral Nerve Regeneration via Mitochondrial Bioenergetic Activation,Yin X.,ACS Applied Materials and Interfaces,2026,10.1021/acsami.6c04272,Elsevier,
L2,"Bio-based plastics in food packaging: performance, environmental impact, end-of-life, technology readiness level and market trends",Javed A.,Applied Food Research,2026,10.1016/j.afres.2026.102219,Elsevier,
L2,Influence of Silicon–Graphene Oxide Nanoparticles Added Aluminum-Rich Epoxy Powder Coatings for Enhanced Cathodic Protection Efficiency in Saline Immersion,Rzaij D.R.,Journal of Materials Engineering and Performance,2026,10.1007/s11665-026-13168-8,Elsevier,
L2,Development of defect-free thin film nanocomposite membranes for desalination using recycled PET and 2D nanomaterials,Zamisa M.K.,Nano Express,2026,10.1088/2632-959x/ae5077,Elsevier,
L2,"Toxicity of polyethylene terephthalate and polylactic acid nanoplastics, pristine and weathered in environmentally-relevant conditions, to human intestinal cells representative of genetic susceptibility to Crohn's disease",Bard V.,Food and Chemical Toxicology,2026,10.1016/j.fct.2026.116027,Elsevier,
L2,Efficient Hydrogen Generation from NaBH4 Methanolysis Using Recycled PET-Based Cu/SiO2 Catalysts,Ates C.,Journal of Electronic Materials,2026,10.1007/s11664-026-12823-z,Elsevier,
L2,Surface modification of chitin nanocrystals with hydroxyapatite deposition and polymer grafting for poly(lactic acid)-based osteogenic biomaterials,Zhao X.,International Journal of Biological Macromolecules,2026,10.1016/j.ijbiomac.2026.152535,Elsevier,
L2,"Gamma-ray attenuation in UPR/BaO nanocomposites: experimental measurements, MCNP validation, and PET syringe shielding simulation",Çağlar M.,Results in Physics,2026,10.1016/j.rinp.2026.108660,Elsevier,
L2,Sustainable Methods for Conversion of Cellulosic Biomass to Bio-Based Plastics: A Green Chemistry Approach,Gaafar M.M.,Sustainable Chemistry,2026,10.3390/suschem7020020,Elsevier,
L2,Tailoring lignocellulosic nanofibrils via controlled delignification for high reinforcing capacity in poly(butylene adipate-co-terephthalate)-based nanocomposite films,Nishimoto P.H.K.,International Journal of Biological Macromolecules,2026,10.1016/j.ijbiomac.2026.152392,Elsevier,
L2,ZIF-8-Reinforced Biodegradable Composite Modified Atmosphere Packaging Membranes for Fruit Packaging,Xu X.,Journal of Food Science,2026,10.1111/1750-3841.71168,Elsevier,
L2,Advanced Plasma-Modified Textile Polymer Materials for Building Energy Retrofit Technologies,Azeem M.,Polymers,2026,10.3390/polym18111395,Elsevier,
L2,Comparison of light scattering-based detection methods for the sizing and number density characterization of extracellular vesicles (EV) isolated from human embryonic kidney (HEK) cell cultures,Pons W.F.,Analytical and Bioanalytical Chemistry,2026,10.1007/s00216-025-06310-3,Elsevier,
L2,Effect of aging on the release of additives and the toxicity of microplastics,Sánchez A.,Environmental Toxicology and Pharmacology,2026,10.1016/j.etap.2026.105009,Elsevier,
L2,Waterborne Polyurethane Reinforced with SiO2-Modified TiO2: Enhanced Mechanical Properties and Retained Hydrostatic Pressure Resistance,Wang S.,Polymers,2026,10.3390/polym18121492,Elsevier,
L2,Smart Nanoparticles and Artificial Intelligence in Theranostics: Targeted Drug Delivery and Diagnostic Imaging,Younas M.,Silicon,2026,10.1007/s12633-026-03705-4,Elsevier,
L2,Ultrasonic Welding of Multi-layer PET-Al Composite Current Collector and Al Tab: Joining Mechanism and Resistance Analysis,Chen Q.,Journal of Materials Engineering and Performance,2026,10.1007/s11665-026-13318-y,Elsevier,
L2,Evaluation of Thermal Conductivity and Erosion Performance of TBC–Polymer Coatings,Eskandari A.,Journal of Thermal Spray Technology,2026,10.1007/s11666-026-02243-0,Elsevier,
L2,Carrier-free nanoassembly with dual antioxidant and anti-inflammatory activities camouflaged by melanoma cell membrane for tau-targeted therapy of Alzheimer's disease,Xue R.,Biomaterials,2026,10.1016/j.biomaterials.2025.123970,Elsevier,
L2,"Sustainable valorization of recycled polypropylene waste in concrete composites via compression casting: Integrating lifecycle, cost, and engineering assessments for plastic waste management",Kazmi S.M.S.,Environmental Research,2026,10.1016/j.envres.2026.124270,Elsevier,
L2,SHED-exosome-functionalized degradable fibrous coatings: Immunomodulatory engineering of titanium implant interfaces,Wang R.,Colloids and Surfaces B Biointerfaces,2026,10.1016/j.colsurfb.2026.115479,Elsevier,
L2,Fabrication of a Novel Galp/PIP-Based Polyesteramide NFC Membrane for Dye Desalination,Gao C.,Polymers for Advanced Technologies,2026,10.1002/pat.70630,Elsevier,
L2,Bio-Based Smart Packaging Materials for Next-Generation Food Systems,Zhang Z.,Materials,2026,10.3390/ma19112393,Elsevier,
L2,Theranostic Advancements in Brain Cancer: Promising Approaches for Emerging Therapy,Khanra B.,Medcomm Oncology,2026,10.1002/mog2.70080,Elsevier,
L2,Tissue damage to clownfish (Amphiprion ocellaris) exposed to different concentrations of nanoparticles of a stable polymer (polystyrene) compared to a biodegradable polymer (poly(lactic acid)),Oliveira C.G.d.,Marine Pollution Bulletin,2026,10.1016/j.marpolbul.2026.119434,Elsevier,
L2,"Stimuli-responsive 4D-bioprinted constructs for musculoskeletal tissue regeneration: Shape-morphing mechanisms, cell-laden bioink engineering, and preclinical outcomes",Mohammad S.I.,Regenerative Therapy,2026,10.1016/j.reth.2026.101119,Elsevier,
L2,Ambient-Temperature Depolymerization and Closed-Loop Recycling of Waste Epoxy Thermosets,Zhang S.,Advanced Functional Materials,2026,10.1002/adfm.75106,Elsevier,
L2,"Correction: Wearable Solutions: Design, Durability, and Electrical Performance of Snap Connectors and Integrating Them into Textiles Using Interconnects (Textiles, (2024), 4, 3, (328-343), 10.3390/textiles4030019)",Ugale P.,Textiles Switzerland,2026,10.3390/textiles6020062,Elsevier,
L2,In situ engineered selenium nanoparticles enable multifunctional PLA mixed matrix membranes with potential for hemodialysis,Domke A.,Journal of Materials Chemistry B,2026,10.1039/d6tb00354k,Elsevier,
L2,Effects of moist-heat sterilization on the structure of poly(3hydroxybutyrate-co-4-hydroxybutyrate) microspheres and injectability of the composite hydrogels,Zhao T.,Shengwu Gongcheng Xuebao Chinese Journal of Biotechnology,2026,10.13345/j.cjb.250805,Elsevier,
L2,"Mechanical, electrical and thermal properties of unsaturated polyester resin, haloysite nanocomposites",Radhi A.J.,Aip Conference Proceedings,2026,10.1063/5.0335628,Elsevier,
L2,Double-layer “brick-mortar” structure membrane constructed by ultrasonic atomization-assisted layer-by-layer self-assembly to enhance hydrogen barrier performance,Yu D.,International Journal of Hydrogen Energy,2026,10.1016/j.ijhydene.2026.155119,Elsevier,
L2,"Synergistic Effect of Silanized Ramie Fiber and Montmorillonite Clay on the Mechanical, Thermal, and Dynamic-Mechanical Properties of Polyester Composites",Klein D.R.,Polymer Composites,2026,10.1002/pc.70739,Elsevier,
L2,Detection of Extracellular Vesicles with Colocalized Surface Markers via a Capture–Release–Capture Strategy for Treatment Monitoring in Ewing Sarcoma,Ji Y.R.,Advanced Healthcare Materials,2026,10.1002/adhm.202505917,Elsevier,
L2,Dual-Scale Nanofiber Filter Paper via In Situ Polyurethane Cross-Linking for High-Efficiency Air Filtration,Zhao X.,ACS Applied Polymer Materials,2026,10.1021/acsapm.6c00540,Elsevier,
L2,Nanoplastics penetration across the blood–brain barrier,Ianos A.,Physical Chemistry Chemical Physics,2026,10.1039/d5cp04125b,Elsevier,
L2,MXene-Coated 3D Printed Horn Antennas for Ku Frequency Band,Sarpanah Sourkouhi Z.,Advanced Materials Technologies,2026,10.1002/admt.202502239,Elsevier,
L2,Polymer-Grafted WS2 Nanocomposites: from Edge-Site Passivation to Melt-Stable Fused Granular Fabrication,Maturi M.,ACS Nano,2026,10.1021/acsnano.5c22326,Elsevier,
L2,Boron Neutron Capture Therapy at a Crossroads: Translational Gap and Emerging Delivery Agents,Selg C.,Chemistry A European Journal,2026,10.1002/chem.202503533,Elsevier,
L2,“On–off–on” fluorescent probe based on g-C3N4 quantum dots for sequential detection of Ag+ and glutathione,Zou Y.,Spectrochimica Acta Part A Molecular and Biomolecular Spectroscopy,2026,10.1016/j.saa.2026.127528,Elsevier,
L2,Near-Room-Temperature Plasma and UV-Assisted Atomic Layer Deposited Al2O3@Graphene Composite for Efficient and Flexible Encapsulation,Park G.,International Journal of Precision Engineering and Manufacturing,2026,10.1007/s12541-026-01494-9,Elsevier,
L2,Sustainable zein-based bioplastic films reinforced with silver nanoparticle-embedded casein nanocomposites for active fruit packaging: characterization and functional assessment,Chen K.C.,Food Chemistry X,2026,10.1016/j.fochx.2026.103999,Elsevier,
L2,Load Bearing Performance of Alkali-Silane-Treated Pineapple Fiber and Polyethylene Terephthalate Core-Reinforced Sandwich Composite for Building Applications,Manoj Kumar S.,Waste and Biomass Valorization,2026,10.1007/s12649-025-03225-z,Elsevier,
L2,Enhancing the compatibility and thermal stability of rubber-modified asphalt via chemically recycled PET: From preparation to mechanism analysis,Zhang M.,Chemical Engineering Journal,2026,10.1016/j.cej.2026.175443,Elsevier,
L2,Polylactide Modified with ZnO and Raspberry Leaf Extract as Active Food Packaging,Zdanowicz M.,International Journal of Molecular Sciences,2026,10.3390/ijms27094002,Elsevier,
L2,Antimicrobial Fiber Film Sprayed with Low-Dose Ethyl Lauroyl Arginate for Postharvest Preservation of Strawberries,Wang H.,Journal of Food Science,2026,10.1111/1750-3841.70847,Elsevier,
L2,Stable and flexible transparent conducting thin films enabled by TiO2/Ag nanowire/TiO2 composite structure,Li Y.,Ceramics International,2026,10.1016/j.ceramint.2026.03.034,Elsevier,
L2,"Transparent Wood or Bamboo Composites as a Suitable Topic for College-level Education, Research, and Outreach Activities in the Next Decade",Zhang J.,Bioresources,2026,10.15376/biores.21.2.2763-2766,Elsevier,
L2,Analysis of Waterproof “Breathable” Functional Polymer-Textile Materials Based on Acrylic Emulsion and Various Types of Fabrics,Aslanbekovna Atashikova N.,Polymer Engineering and Science,2026,10.1002/pen.70468,Elsevier,
L2,Biopolyester-coated paper as a green alternative to plastics in packaging: a short review,Dicholkar A.,Journal of Polymer Research,2026,10.1007/s10965-026-04910-w,Elsevier,
L2,Development of Flexible Graphene-Based Conductive Nonwoven Material with Enhanced Electrothermal Properties,Duo Y.,Fibers and Polymers,2026,10.1007/s12221-026-01348-1,Elsevier,
L2,Antimicrobial resistance and transmission potential of pet-derived Providencia spp. in China,Dang X.,Journal of Global Antimicrobial Resistance,2026,10.1016/j.jgar.2026.03.004,Elsevier,
L2,Application of Psyllium Gum in Sustainable Packaging: A Comprehensive Review,El-Sakhawy M.,Sustainability Switzerland,2026,10.3390/su18104641,Elsevier,
L2,Thermomechanical Behaviour of Chemically Cured Polymer Composites: Preliminary Analysis of the Scale Effect,Suchecki Ł.,Materials,2026,10.3390/ma19102093,Elsevier,
L2,Interface-directed assembly of a carbon quantum dots@titanium dioxide nanonetwork for synergistic enhancement of poly(lactic acid) composites,Chen J.,Composites Part A Applied Science and Manufacturing,2026,10.1016/j.compositesa.2026.109670,Elsevier,
L2,Interfacial engineering of a “soft-hard” layer interface via cardanol-mediated chemical interlocking for high-performance soundproofing multilayer PLA-based composite foams,Li S.,International Journal of Biological Macromolecules,2026,10.1016/j.ijbiomac.2026.152166,Elsevier,
L2,Unraveling the ecological impact of textile microfibers: Current knowledge and research challenges,Chouchene K.,Marine Pollution Bulletin,2026,10.1016/j.marpolbul.2026.119358,Elsevier,
L2,Durably Flame-Retardant Thermoplastic Poly (Ester Ether) Elastomers Modified by a Novel Bio-Based Macromolecular Flame Retardant,Tian T.,Journal of Vinyl and Additive Technology,2026,10.1002/vnl.70077,Elsevier,
L2,Liposomal nanocarriers in precision oncology: Advances and prospects,Li Y.,Critical Reviews in Oncology Hematology,2026,10.1016/j.critrevonc.2026.105236,Elsevier,
L2,Managing Heterogeneity in Postconsumer Polymer Waste: A Critical Review of TRL and Scalability of Advanced Upcycling Technologies,Bednarski M.,Industrial and Engineering Chemistry Research,2026,10.1021/acs.iecr.6c00533,Elsevier,
L2,Novel Insights into Foodborne Microplastics-Enhanced Shoaling Behavior in Marine Korean Rockfish (Sebastes schlegelii): Energy Deficiency-Driven Gut-Brain Axis Dysregulation,Liu L.,Environmental Science and Technology,2026,10.1021/acs.est.5c16888,Elsevier,
L2,Stretchable large-area transparent nanowire composite arrays for label-f ree multimodal interrogation of cardiac physiology,Quirion N.T.,Proceedings of the National Academy of Sciences of the United States of America,2026,10.1073/pnas.2530599123,Elsevier,
L2,Scalable Gas Barriers Enabled by in Situ Curing of Natural Branched Polyester Oligomers in Poly(butylene adipate-co-terephthalate) Membranes,Li R.,ACS Applied Polymer Materials,2026,10.1021/acsapm.6c00198,Elsevier,
L2,Engineering a Bi-BiOI Schottky Junction Rich in Oxygen Vacancies in PLLA Scaffolds to Amplify Photoelectricity-Catalysis Coupling for Accelerating Infectious Nerve Repair,Chen X.,ACS Applied Materials and Interfaces,2026,10.1021/acsami.6c01642,Elsevier,
L2,Durable superhydrophobic and self-cleaning PET/PVC membrane materials enabled by F-HNTs@SiO2 hybrid fillers,Li Z.,Colloids and Surfaces A Physicochemical and Engineering Aspects,2026,10.1016/j.colsurfa.2026.139467,Elsevier,
L2,Size-Engineered PdCd Nanocubes Enable Intermediate Desorption for Enhanced Durability in Ethylene Glycol Electrooxidation,Liu J.,Inorganic Chemistry,2026,10.1021/acs.inorgchem.6c00604,Elsevier,
L2,"Structural, surface and electrical of flexible nanocomposites for dielectric applications",Atta A.,Surface Innovations,2026,10.1680/jsuin.25.00059,Elsevier,
L2,Improved barrier and antibacterial properties of oxygen plasma-treated PET foils with adhered zinc oxide nanoparticles,Radičić R.,Surfaces and Interfaces,2026,10.1016/j.surfin.2026.108905,Elsevier,
L2,A unique scandium oxide-doped cobalt oxide nanosheet array for coupling hydrogen evolution with catalytic conversion of polyethylene terephthalate into formate,Lu H.,Journal of Colloid and Interface Science,2026,10.1016/j.jcis.2026.139831,Elsevier,
L2,"pH-Fractionated lignin enables high-selectivity, chlorine-tolerant polyester thin-film composite nanofiltration membranes",Taghipour A.,Chemical Engineering Journal,2026,10.1016/j.cej.2026.175224,Elsevier,
L2,Monitoring HEK293 cell extracellular vesicle (EV) production via a polyester capillary-channeled polymer (C-CP) fiber column with HIC modality,Pons W.F.,Journal of Chromatography B Analytical Technologies in the Biomedical and Life Sciences,2026,10.1016/j.jchromb.2026.124970,Elsevier,
L2,Coupled proton-electron transfer accelerates overall water splitting on Zn/N-doped carbon-modified NiCoP at ampere-level current density,Wang X.,Applied Surface Science,2026,10.1016/j.apsusc.2026.165815,Elsevier,
L2,Vacancy Passivation and ALD Alumina Encapsulation Strategies for Stable Multilayered All-Inorganic Halide Perovskite Pc-WLEDs,Sharma G.,Small,2026,10.1002/smll.202512820,Elsevier,
L2,Intraneural delivery of CBD3A6K-RhB via PEG-PLGA nanoparticles for neuropathic pain therapy,Zhang Z.,Journal of Controlled Release,2026,10.1016/j.jconrel.2026.114662,Elsevier,
L2,Asymmetric multilayer structural design enables ultrahigh energy density and charge–discharge efficiency of fluorene polyester,Xia D.,Polymer,2026,10.1016/j.polymer.2026.129796,Elsevier,
L2,Innovative Formation of Exfoliated Polyethylene Terephthalate Nanocomposites Through Advanced Catalyst-Driven Polymerization,Tsai T.Y.,Journal of Composites Science,2026,10.3390/jcs10040203,Elsevier,
L2,Effects of Citric Acid Ester on Structure and Properties of Lignin/Polyester-Based Composites,Si J.,Journal of Functional Polymers,2026,10.14133/j.cnki.1008-9357.20260205001,Elsevier,
L2,Upcycling PET plastic waste: A graphenic additive templated approach to synthetic graphite,Sekar S.,Diamond and Related Materials,2026,10.1016/j.diamond.2026.113559,Elsevier,
L2,Engineering Active PET Packaging via Corona Treatment and Natural Biocide Coating: Carvacrol and Trans-Cinnamaldehyde for Food Preservation,Karaboulis P.,Polymers,2026,10.3390/polym18070809,Elsevier,
L2,Interfacially confined polymerization-mediated laminated interlocking strategy for constructing scalable graphene oxide nanofiltration membranes with enhanced stability and selectivity,Zhang P.,Journal of Membrane Science,2026,10.1016/j.memsci.2026.125233,Elsevier,
L2,Assembly Mechanism of Cellulose Nanocrystalline/Layered Bimetallic Hydroxide With Polylactic Acid and Its Enhancement Mechanism,Li X.,Polymers for Advanced Technologies,2026,10.1002/pat.70573,Elsevier,
L2,Active Polymers Containing Silver Nanoparticles Combined With Formulations Based on Essential Oils: Quality Effect on Cereals and Dairy Products,Begum T.,Journal of Food Science,2026,10.1111/1750-3841.71060,Elsevier,
L2,Poly(3-hydroxybutyrate) (PHB) oligomer as a modifier in PHB/nanocellulose composites,Panaitescu D.M.,International Journal of Biological Macromolecules,2026,10.1016/j.ijbiomac.2026.151406,Elsevier,
L2,Development of antibacterial PLA-based melt-blown nonwovens via incorporation of P(3HB-co-4HB) and ZnO nanoparticles: Processing and property evaluation,Yu J.S.,International Journal of Biological Macromolecules,2026,10.1016/j.ijbiomac.2026.151447,Elsevier,
L2,"Contact-killing antimicrobial cationic starch/PBAT blown films: Physicochemical properties, antimicrobial mechanism, and preservation capacity on beef",Wu Y.,Food Chemistry,2026,10.1016/j.foodchem.2026.148241,Elsevier,
L2,A comparative study on polymer-based cathode composite current collector with single-layer and multi-layer conductive Al layers,Xu T.,Journal of Membrane Science,2026,10.1016/j.memsci.2026.125214,Elsevier,
L2,Terpenes Encapsulated Polycaprolactone Nanoparticles for Topical Delivery of Hydrocortisone: In Vitro Study and In Vivo Appraisal,Shalaby K.,Assay and Drug Development Technologies,2026,10.1177/1540658x251410481,Elsevier,
L2,High adhesion face-sealing composite film with contactable liquid desiccant for the encapsulation of flexible OLEDs,Yang T.,Applied Materials Today,2026,10.1016/j.apmt.2026.103141,Elsevier,
L2,APTES-functionalized halloysite nanotubes in polyester matrix: A novel approach for superior anti-corrosion coatings,Farazandeh P.,Materials Today Communications,2026,10.1016/j.mtcomm.2026.115410,Elsevier,
L2,Wood-Mimetic hierarchical porous sponges from Chitosan and tannin for efficient microplastic remediation and Closed-loop upcycling,Wang Z.,Advanced Composites and Hybrid Materials,2026,10.1007/s42114-026-01693-y,Elsevier,
L2,Antimicrobial nano silver (Ag)-enabled wound dressing evaluated using open flow microperfusion: Comparison of uncoated versus hydroxyethyl cellulose-coated Ag,Zanoni I.,Nanoimpact,2026,10.1016/j.impact.2026.100630,Elsevier,
L2,Assessment of nanocomposites based on unsaturated polyester resin/nanoclay under impact loading,J. M. Esfahani,,2012,10.1002/pat.1977,SemanticScholar,
L2,"Biorenewable and Circular Multifunctional Composite Polyester Based on Multi‐Scale, Multi‐Dimensional, and Multi‐Component Design",Jiyang Zuo,Advanced Functional Materials,2025,10.1002/adfm.202421006,SemanticScholar,
L2,"Latex co‐coagulation approach to fabrication of polyurethane/graphene nanocomposites with improved electrical conductivity, thermal conductivity, and barrier property",Shengli Wu,,2016,10.1002/app.43117,SemanticScholar,
L2,Functionalized graphene/thermoplastic polyester elastomer nanocomposites by reactive extrusion‐based masterbatch: preparation and properties reinforcement,Liyan Ma,,2014,10.1002/pat.3257,SemanticScholar,
L2,Damage induced anisotropy and stiffness reduction evaluation in composite materials using ultrasonic wave transmission,P. Marguerès,,2013,10.1016/j.compositesa.2012.09.007,SemanticScholar,
L2,Graphene-Based Electric Heating Tunable Film with Broadband Electromagnetic Wave Transmission,Ran Liu,IEEE MTT-S International Microwave Workshop Series on Advanced Materials and Processes for RF and THz Applications,2024,10.1109/imws-amp62793.2024.10966804,SemanticScholar,
L2,Alfa fibres for unsaturated polyester composites reinforcement: Effects of chemical treatments on mechanical and permeation properties,A. Bessadok,,2009,10.1016/j.compositesa.2008.10.018,SemanticScholar,
L2,Biodegradable tough waterborne hyperbranched polyester/carbon dot nanocomposite: approach towards an eco-friendly material,D. Hazarika,,2016,10.1039/c6gc01198e,SemanticScholar,
L2,"Synthesis, Characterization and Biological Activity of Iron (III) Oxide and Titanium (IV) Oxide Nanoparticle Dispersed Polyester Resin Nanocomposites",A. Ismail,The Arabian journal for science and engineering,2020,10.1007/s13369-019-04209-7,SemanticScholar,
L2,Level enhancement of sound transmission class of fiber reinforced polyester composite by adding nanocellulose,M. Farid,1ST INTERNATIONAL SEMINAR ON ADVANCES IN METALLURGY AND MATERIALS (i-SENAMM 2019),2020,10.1063/5.0015763,SemanticScholar,
L2,Effect of cloisite 30b clay and sisal fiber on dynamic mechanical and fracture behavior of unsaturated polyester toughened epoxy network,Nagarjuna Reddy Paluvai,,2016,10.1002/pc.23480,SemanticScholar,
L2,Modification of the Gas Barrier Performance of PET,Liu Wen-tao,,2006,,SemanticScholar,
L2,The Nucleating Effect of Montmorillonite on Crystallization of PET/Montmorillonite Nanocomposite,C. Ou,,2003,10.1023/a:1024981914234,SemanticScholar,
L2,The role of the surface microstructure of the microfibrils in an electrically conductive microfibrillar carbon black/poly(ethylene terephthalate)/polyethylene composite,Xiang-Bin Xu,,2005,10.1016/j.carbon.2005.01.039,SemanticScholar,
L2,MECHANICAL PROPERTIES OF PP/PET (POLYPROPYLENE AND POLY(ETHYLENE TEREPHTHALATE)) MICROFIBRILLAR COMPOSITE WITH AND WITHOUT COUPLING AGENT,M. Amir,,2011,,SemanticScholar,
L2,Swelling kinetics of unsaturated polyester and their montmorillonite filled nanocomposite synthesized from glycolyzed PET,Sunain Katoch,Diffusion Fundamentals,2011,10.62721/diffusion-fundamentals.15.571,SemanticScholar,https://diffusion.publia.org/diffusion/article/download/571/568
L2,Air and Water Vapor Permeable UHMWPE Composite Membranes for X-Ray Shielding,Jiayou Quan,,2020,10.1021/acs.iecr.0c01162,SemanticScholar,
L2,Novel PET Nanocomposites of Interest in Food Packaging Applications and Comparative Barrier Performance With Biopolyester Nanocomposites,M. Sánchez-García,,2007,10.1177/8756087907083590,SemanticScholar,https://hal.science/hal-00572073
L2,A polyester gas barrier resin and a process thereof,라마무르티 마다나고팔,,2008,,SemanticScholar,
L2,Study Structure and Properties of Nanocomposite Material Based on Unsaturated Polyester with ClayModified by Poly ( ethylene oxide ),T. Thanh,,2014,,SemanticScholar,
L2,"Mechanical, Color and Barrier, Properties of Biodegradable Nanocomposites Polylactic Acid/Nano Clay",Aliakbarian Mohsen,Open access journal of chemistry,2018,10.4172/2155-6199.1000455,SemanticScholar,https://doi.org/10.4172/2155-6199.1000455
L2,Effect of Ionomer on Barrier and Mechanical Properties of PET/Organoclay Nanocomposites Prepared by Melt Compounding,X. Xu,,2011,10.3139/217.2477,SemanticScholar,
L2,Interfacial enhancement of poly(ethylene terephthalate)/silica composites using graphene oxide,Kai Liu,,2012,10.1557/jmr.2012.232,SemanticScholar,
L2,Synthesis and characterisation of carboxymethyl cellulose (CMC) from wheat bran and its application as PE/PET/CMC film,Suzaira Bakar,,2019,,SemanticScholar,
L2,Development and performance optimization of knitted antibacterial materials using polyester-silver nanocomposite fibres.,A. Majumdar,Materials Science and Engineering C: Materials for Biological Applications,2015,10.1016/j.msec.2015.04.026,SemanticScholar,https://doi.org/10.1016/j.msec.2015.04.026
L2,First Year Preliminary Results on the Use of a Monofilament Polyester Mesh With a Collagen Barrier for Primary and Incisional Ventral Hernia Repair,M. Lepère,,2019,10.9738/intsurg-d-17-00113.1,SemanticScholar,https://doi.org/10.9738/intsurg-d-17-00113.1
L2,"Potential perspectives of CMC-PET/ZnO bilayer nanocomposite films for food packaging applications: physical, mechanical and antimicrobial properties",Seyedeh Leila Nasiri,Journal of Food Measurement & Characterization,2021,10.1007/s11694-021-00880-3,SemanticScholar,
L2,Preparation of vinyl silica-based organic/inorganic nanocomposites and superhydrophobic polyester surfaces from it,Lihui Xu,Colloid and Polymer Science,2015,10.1007/s00396-015-3624-6,SemanticScholar,
L2,"Effect of Additive on Microstructure, Hydrophilicity and Ultrafiltration Performance of Polyethylene Terephthalate Membranes",S. Kusumocahyo,,2021,10.1088/1757-899x/1143/1/012057,SemanticScholar,https://iopscience.iop.org/article/10.1088/1757-899X/1143/1/012057/pdf
L2,PET-MRI nanoparticles imaging of blood–brain barrier damage and modulation after stroke reperfusion,Justine Debatisse,Brain Communications,2020,10.1093/braincomms/fcaa193,SemanticScholar,https://academic.oup.com/braincomms/advance-article-pdf/doi/10.1093/braincomms/fcaa193/34245175/fcaa193.pdf
L2,Application Features and Preparation Methods of Polymer Matrix Composites for Protection Against Ionizing Radiation of Various Sources,"Kovach, Valeriia","Systems, Decision and Control in Energy VIII",2027,10.1007/978-3-032-30580-0_4,Springer,http://link.springer.com/openurl/pdf?id=doi:10.1007/978-3-032-30580-0_4
L2,AI and Ethics in Art,"Shoji, Grace",AI and Ethics Handbook,2027,10.1007/978-3-032-12201-8_34,Springer,http://link.springer.com/openurl/pdf?id=doi:10.1007/978-3-032-12201-8_34
L2,Longitudinal Brain MRI and Cognitive Trajectories for Dementia Risk Stratification,"Kespechara, K.",Artificial Intelligence in Healthcare,2027,10.1007/978-3-032-35387-0_35,Springer,http://link.springer.com/openurl/pdf?id=doi:10.1007/978-3-032-35387-0_35
L2,Literature Review,"Widmaier, Nils",Processability of Bindered Dry-Fibre Tapes in Ultrasonic Spot Welding and Double Diaphragm Forming for High-Volume Manufacturing,2027,10.1007/978-3-032-31111-5_2,Springer,http://link.springer.com/openurl/pdf?id=doi:10.1007/978-3-032-31111-5_2
L2,Machine Characteristics of Double Diaphragm Former,"Widmaier, Nils",Processability of Bindered Dry-Fibre Tapes in Ultrasonic Spot Welding and Double Diaphragm Forming for High-Volume Manufacturing,2027,10.1007/978-3-032-31111-5_5,Springer,http://link.springer.com/openurl/pdf?id=doi:10.1007/978-3-032-31111-5_5
L2,Adapt-PEFT: Adaptive Parameter Efficient Fine Tuning for Underwater Image Enhancement,"Malik, Sameer",Pattern Recognition,2027,10.1007/978-3-032-31452-9_13,Springer,http://link.springer.com/openurl/pdf?id=doi:10.1007/978-3-032-31452-9_13
L2,Meta-Cobi: A Metadata-Augmented Vision-Language Framework for Multi-view Canine Body Condition Scoring,"Ahn, Jae-Eon",Multidisciplinary Social Networks Research,2027,10.1007/978-3-032-33384-1_45,Springer,http://link.springer.com/openurl/pdf?id=doi:10.1007/978-3-032-33384-1_45
L2,PPMLAuth: Privacy-Preserving and Tamper-Resistant Behavioral Authentication,"Monschein, David",Applied Cryptography and Network Security,2027,10.1007/978-3-032-32575-4_12,Springer,http://link.springer.com/openurl/pdf?id=doi:10.1007/978-3-032-32575-4_12
L2,Practical Zero-Trust Threshold Signatures in Large-Scale Asynchronous Networks,"Friedman, Offir",Applied Cryptography and Network Security,2027,10.1007/978-3-032-32560-0_17,Springer,http://link.springer.com/openurl/pdf?id=doi:10.1007/978-3-032-32560-0_17
L2,SACT-FNet: Structure-Aware Context Transformer Fusion Network,"Wang, Qi","Knowledge Science, Engineering and Management",2027,10.1007/978-981-92-2862-1_25,Springer,http://link.springer.com/openurl/pdf?id=doi:10.1007/978-981-92-2862-1_25
L2,Evolving AI for Preclinical Alzheimer’s Disease: A Systematic Literature Review from Static Detection to Multimodal and Explainable Models,"Taouil, Zyad",Agents and Artificial Intelligence,2027,10.1007/978-3-032-25035-3_1,Springer,http://link.springer.com/openurl/pdf?id=doi:10.1007/978-3-032-25035-3_1
L2,Introduction to Multimodal Collaborative Perception,"Wang, Binglu",Multimodal Collaborative Perception for Unmanned Systems,2027,10.1007/978-981-92-0052-8_1,Springer,http://link.springer.com/openurl/pdf?id=doi:10.1007/978-981-92-0052-8_1
L2,An Experimental and Comparative Study of Image Fusion Methods for Multi-sensor Medical Images,"Bala, Meenu",International Conference on Smart Cyber Physical Systems,2027,10.1007/978-3-032-29237-7_35,Springer,http://link.springer.com/openurl/pdf?id=doi:10.1007/978-3-032-29237-7_35
L2,Lay-Up Design for Composite Diaphragms and Comparative Study on Their Compensation Capabilities with Metal Diaphragms,"Zhang, Lan",Advances in Mechanical Design,2027,10.1007/978-981-95-7904-4_25,Springer,http://link.springer.com/openurl/pdf?id=doi:10.1007/978-981-95-7904-4_25
L2,Design and Performance of a Hydraulic Impactor for TBM Cutterhead,"Wang, Yan",Advances in Mechanical Design,2027,10.1007/978-981-95-7904-4_18,Springer,http://link.springer.com/openurl/pdf?id=doi:10.1007/978-981-95-7904-4_18
L2,Privacy-Preserving Identity Management and Software Bill of Materials Vulnerability Detection: Practical Use Cases from the PRIVIDEMA Project,"Belorgey, M. G.",Cybersecurity,2027,10.1007/978-3-032-28957-5_19,Springer,http://link.springer.com/openurl/pdf?id=doi:10.1007/978-3-032-28957-5_19
L2,A Review of Enhancing HIV/AIDS Treatment with Artificial Intelligence: Optimizing Drug Loading and Release Kinetics in Polymeric Nanoparticle Systems,"Dashti, Razieh",Biomedical Materials & Devices,2026,10.1007/s44174-025-00562-4,Springer,http://link.springer.com/openurl/pdf?id=doi:10.1007/s44174-025-00562-4
L2,Development of Ellagic- Acid Based Silver Doped Titanium Dioxide Nanoparticles Against Human A549 Cell Lines and Study of Their Mechanism at the Cellular Level,"Kandasamy, Subhasini",Biomedical Materials & Devices,2026,10.1007/s44174-025-00506-y,Springer,http://link.springer.com/openurl/pdf?id=doi:10.1007/s44174-025-00506-y
L2,"Nanotechnology-Enabled Platforms for Breast Cancer Therapy: Advances in Biomaterials, Drug Delivery, and Theranostics","Cheriyan, Binoy Varghese",Biomedical Materials & Devices,2026,10.1007/s44174-025-00502-2,Springer,http://link.springer.com/openurl/pdf?id=doi:10.1007/s44174-025-00502-2
L2,Interpretable Temporal-Spatial Graph Attention Network with Hyperbolic Sine Optimizer Algorithm for Alzheimer’s Disease Diagnosis Through Multiscale Feature Modeling,"Brahma, Biswajit",Biomedical Materials & Devices,2026,10.1007/s44174-025-00485-0,Springer,http://link.springer.com/openurl/pdf?id=doi:10.1007/s44174-025-00485-0
L2,Analysing Seasonal Hydroclimatic Variability to Support Managed Aquifer Recharge Planning in Kazakhstan,"Ongdas, Nurlan",Earth Systems and Environment,2026,10.1007/s41748-026-01101-x,Springer,http://link.springer.com/openurl/pdf?id=doi:10.1007/s41748-026-01101-x
L2,"Novel Hybrid Machine Learning Framework for Agroecological Zoning in a Tropical Data-Scarce Region: Case Study of the South-Kivu, Eastern D.R. Congo","Kulimushi, Luc Cimusa",Earth Systems and Environment,2026,10.1007/s41748-026-01063-0,Springer,http://link.springer.com/openurl/pdf?id=doi:10.1007/s41748-026-01063-0
L2,Elaboration of non-fluorinated superhydrophobic fabric with high photocatalytic and oil–water separation performance based on nitrogen-doped titanium dioxide,"Lu, Yuanyuan",Journal of Materials Science,2026,10.1007/s10853-026-13510-4,Springer,http://link.springer.com/openurl/pdf?id=doi:10.1007/s10853-026-13510-4
L2,Recent advances in catalytic technologies for plastic conversion: a review,"Zou, Bao",Journal of Materials Science,2026,10.1007/s10853-026-13442-z,Springer,http://link.springer.com/openurl/pdf?id=doi:10.1007/s10853-026-13442-z
L2,MIL-100 (Fe)/CNTs composites for enhanced photocatalytic oxidative degradation of lomefloxacin,"Deng, Yuanting",Journal of Materials Science,2026,10.1007/s10853-026-13330-6,Springer,http://link.springer.com/openurl/pdf?id=doi:10.1007/s10853-026-13330-6
L2,"Fe–Zn–Al layered double hydroxides: synthesis, characterization and CO_2-assisted propane oxidative dehydrogenation","Gabriel, Nunes",Journal of Materials Science,2026,10.1007/s10853-026-13336-0,Springer,http://link.springer.com/openurl/pdf?id=doi:10.1007/s10853-026-13336-0
L2,"Pollution status of microplastics in freshwater basins of Türkiye: evidence from all Barbus (Daudin, 1805) species","Bayçelebi, Esra",Hydrobiologia,2026,10.1007/s10750-026-06271-3,Springer,http://link.springer.com/openurl/pdf?id=doi:10.1007/s10750-026-06271-3
L2,Mechano-intelligent Auxetic Triboelectric Textiles for Enhanced Energy Harvesting and AI-Driven Gesture Recognition,"Gao, Yuanyuan",Advanced Fiber Materials,2026,10.1007/s42765-026-00730-1,Springer,http://link.springer.com/openurl/pdf?id=doi:10.1007/s42765-026-00730-1
L2,The protective role of Spirulina platensis against the alterations in some biomarkers in crayfish (Procambarus clarkii) exposed to polyethylene nanoplastics,"Mokhtar, Amal",Hydrobiologia,2026,10.1007/s10750-026-06226-8,Springer,http://link.springer.com/openurl/pdf?id=doi:10.1007/s10750-026-06226-8
L2,Multifunctional Textile Electronics Based on Triboelectric Nanogenerator with Electrochemical Synergy for Parkinson’s Disease Management,"Chu, Hongwei",Advanced Fiber Materials,2026,10.1007/s42765-026-00727-w,Springer,http://link.springer.com/openurl/pdf?id=doi:10.1007/s42765-026-00727-w
L2,Natural Fibers Enable Textile-Based Composite Sorbent for All-Day Atmospheric Water Harvesting,"Wang, Jiang",Advanced Fiber Materials,2026,10.1007/s42765-026-00715-0,Springer,http://link.springer.com/openurl/pdf?id=doi:10.1007/s42765-026-00715-0
L2,Ivy-Inspired Double-Spiral Gel Fibers with Multifunctional Sensing and Electromagnetic Interference Shielding Properties Toward Wearable Health Care and Monitoring,"Chen, Li",Advanced Fiber Materials,2026,10.1007/s42765-026-00711-4,Springer,http://link.springer.com/openurl/pdf?id=doi:10.1007/s42765-026-00711-4
L2,Fire-Resistant Microtubular Fibrous Sponges by Spontaneous Hollowing and Dynamic Hybridization for Broadband Acoustic Absorption,"Wu, Jiajia",Advanced Fiber Materials,2026,10.1007/s42765-026-00712-3,Springer,http://link.springer.com/openurl/pdf?id=doi:10.1007/s42765-026-00712-3
L2,Assessing the impact of suspended irregular microplastics on the mortality of herring and cod eggs,"Kotta, Jonne",Hydrobiologia,2026,10.1007/s10750-025-06088-6,Springer,http://link.springer.com/openurl/pdf?id=doi:10.1007/s10750-025-06088-6
L2,Does deforestation contribute to microplastic contamination in stream fish in the Southwestern Amazon?,"Costa, Igor David",Hydrobiologia,2026,10.1007/s10750-025-05983-2,Springer,http://link.springer.com/openurl/pdf?id=doi:10.1007/s10750-025-05983-2
L2,Ethylene and Propylene Conversion over Molybdenum Oxide Catalysts Supported on γ-Alumina and Silica Gel,"Karpova, T. R.",Catalysis in Industry,2026,10.1134/s2070050426700224,Springer,http://link.springer.com/openurl/pdf?id=doi:10.1134/S2070050426700224
L2,"Liquid-Phase Hydrogenation of Norbornene Compounds. Stereochemistry, Kinetics, and Mechanism","Zamalyutin, V. V.",Catalysis in Industry,2026,10.1134/s2070050426700200,Springer,http://link.springer.com/openurl/pdf?id=doi:10.1134/S2070050426700200
L2,Sigma-1 Receptor Ligand Blarcamesine (ANAVEX 2-73) for Alzheimer’s Disease: A Systematic Review,"Brimson, Sirikalaya",CNS Drugs,2026,10.1007/s40263-026-01327-3,Springer,http://link.springer.com/openurl/pdf?id=doi:10.1007/s40263-026-01327-3
L2,Thermodynamic properties research of ZIF-8 modified epoxy resin composites based on molecular simulation,"Fan, Xiaozhou",Journal of Materials Science,2026,10.1007/s10853-026-13409-0,Springer,http://link.springer.com/openurl/pdf?id=doi:10.1007/s10853-026-13409-0
L2,Development of nanosized (NiZn)_1−xMn_xFe_2O_4/CNT hybrid filler for polymer composites with enhanced microwave absorption capacity,"Mazurenko, Ruslana",Journal of Materials Science,2026,10.1007/s10853-026-13381-9,Springer,http://link.springer.com/openurl/pdf?id=doi:10.1007/s10853-026-13381-9
L2,Compositionally tunable nickel–cobalt metal–organic frameworks (Ni–Co MOFs) with optimized redox synergy for advanced hybrid supercapacitors,"Inayat, Saba",Journal of Materials Science,2026,10.1007/s10853-026-13328-0,Springer,http://link.springer.com/openurl/pdf?id=doi:10.1007/s10853-026-13328-0
L2,Deep potential enabled atomistic investigation of the mechanical properties and electrochemical corrosion mechanisms of biodegradable Zn–Fe alloys,"Zhang, Xiangyang",Journal of Materials Science,2026,10.1007/s10853-026-13131-x,Springer,http://link.springer.com/openurl/pdf?id=doi:10.1007/s10853-026-13131-x
L2,Textile-Based Triboelectric Nanogenerators with Chitosan/Tannic Acid Interfacial Interlocking Enhancement: For Self-Powered Motion Sensing and Intelligent Pressure Ulcer Warning,"Xu, Chao",Fibers and Polymers,2026,10.1007/s12221-026-01508-3,Springer,http://link.springer.com/openurl/pdf?id=doi:10.1007/s12221-026-01508-3
L2,Using human 3D organoid models to gain mechanistic insight in motor neuron diseases,"Frizzi, Benedetta",Nature Reviews Neuroscience,2026,10.1038/s41583-026-01057-x,Springer,https://www.nature.com/articles/s41583-026-01057-x.pdf
L2,Carbon Nitride: Physical Properties and Applications,"Kumari, Shilpi",Journal of Electronic Materials,2026,10.1007/s11664-026-12989-6,Springer,http://link.springer.com/openurl/pdf?id=doi:10.1007/s11664-026-12989-6
L2,Sustainable insulation materials from natural fibers: experimental insights and optimization for energy-efficient buildings,"Tilioua, Amine",Asian Journal of Civil Engineering,2026,10.1007/s42107-026-01727-2,Springer,http://link.springer.com/openurl/pdf?id=doi:10.1007/s42107-026-01727-2
L2,"Carbon-Fiber Face-Sheet Hybridization and Phase-Change Filling for Multifunctional 3D Glass Spacer Composites: Mechanical, Thermomechanical, and EMI Shielding Assessment","Eskizeybek, Volkan",Fibers and Polymers,2026,10.1007/s12221-026-01495-5,Springer,http://link.springer.com/openurl/pdf?id=doi:10.1007/s12221-026-01495-5
L2,Imaging the hallmarks of cancer,"Grimm, Jan",Nature Reviews Cancer,2026,10.1038/s41568-026-00950-y,Springer,https://www.nature.com/articles/s41568-026-00950-y.pdf
L2,Preparation of Quaternized Epoxidized Glycidyl Ether-Modified Polyurethane and Its Fixation Effect on Indigo-Dyed Denim Fabrics,"Feng, Yulei",Fibers and Polymers,2026,10.1007/s12221-026-01487-5,Springer,http://link.springer.com/openurl/pdf?id=doi:10.1007/s12221-026-01487-5
L2,Analysis of Mechanical Properties in an Auxetic Structure–Spacer Fabric Composites,"Meng, Fanbo",Fibers and Polymers,2026,10.1007/s12221-026-01476-8,Springer,http://link.springer.com/openurl/pdf?id=doi:10.1007/s12221-026-01476-8
L2,A multimodal MRI radiomics model for distinguishing borderline from malignant ovarian epithelial tumors,"Liu, Li",Clinical and Translational Oncology,2026,10.1007/s12094-026-04464-9,Springer,http://link.springer.com/openurl/pdf?id=doi:10.1007/s12094-026-04464-9
L2,"Investigation of thermal, acoustical and wear properties for effective hybridization of Abutilon Indicum and hemp fiber in the epoxy-based composites","Anand, R.",Iranian Polymer Journal,2026,10.1007/s13726-026-01688-y,Springer,http://link.springer.com/openurl/pdf?id=doi:10.1007/s13726-026-01688-y
L2,The symbiotic interface in Pisum sativum L. and Rhizobium laguerreae interactions,"Kirichek, E. A.",Protoplasma,2026,10.1007/s00709-026-02229-3,Springer,http://link.springer.com/openurl/pdf?id=doi:10.1007/s00709-026-02229-3
L2,Differential induction of hepatic CYP enzymes by tobacco products and e-cigarettes: recommendation to rethink smoking status in clinical pharmacology,"Lenich, Ann-Kathrin",Archives of Toxicology,2026,10.1007/s00204-026-04428-6,Springer,http://link.springer.com/openurl/pdf?id=doi:10.1007/s00204-026-04428-6
L2,Micro- and nanoplastics in human biological materials: a systematic review of detection methods and methodological challenges,"Dmitrowicz, Aleksandra",Archives of Toxicology,2026,10.1007/s00204-026-04392-1,Springer,http://link.springer.com/openurl/pdf?id=doi:10.1007/s00204-026-04392-1
L2,Comparison of ex vivo placenta perfusion and in vitro BeWo b30 cell models for assessing transfer of developmental and reproductive toxic compounds,"Roelofsen, Damian",Archives of Toxicology,2026,10.1007/s00204-026-04418-8,Springer,http://link.springer.com/openurl/pdf?id=doi:10.1007/s00204-026-04418-8
L2,Engineering the next generation of cellular therapies for solid tumors: multi-specific armored CARs and TME reprogramming strategies,"Mao, Ling",Clinical and Translational Oncology,2026,10.1007/s12094-026-04313-9,Springer,http://link.springer.com/openurl/pdf?id=doi:10.1007/s12094-026-04313-9
L2,Development of Sustainable Biocomposite Materials Using Boron-Doped Hemp Fabrics,"Yildiz, Esra",Waste and Biomass Valorization,2026,10.1007/s12649-026-03547-6,Springer,http://link.springer.com/openurl/pdf?id=doi:10.1007/s12649-026-03547-6
L2,"Enzyme-powered Janus nanomotor decorated with β-amino ester/dialdehyde starch: pH-controllable speed, and in vitro curcumin release","Goodarzi, Mahya",Iranian Polymer Journal,2026,10.1007/s13726-025-01599-4,Springer,http://link.springer.com/openurl/pdf?id=doi:10.1007/s13726-025-01599-4
L2,"Neoadjuvant pamiparib plus abiraterone and androgen deprivation therapy for high-risk/very high-risk localized prostate cancer: an open-label, single-arm, phase 2 study","Gong, Tangtao",Prostate Cancer and Prostatic Diseases,2026,10.1038/s41391-025-01068-2,Springer,https://www.nature.com/articles/s41391-025-01068-2.pdf
L2,"Synergistic Use of Remote Sensing, Geophysics, and Hydrogeology for Sustainable Groundwater Management in Arid Landscapes","Abdelfattah, Mohamed",Earth Systems and Environment,2026,10.1007/s41748-025-00954-y,Springer,http://link.springer.com/openurl/pdf?id=doi:10.1007/s41748-025-00954-y
L2,Disentangling Subsidence from Shallow Soil Processes and Gas Extraction in a Dutch UNESCO World Heritage Polder with InSAR and Data Assimilation,"Verberne, Manon",Earth Systems and Environment,2026,10.1007/s41748-025-00885-8,Springer,http://link.springer.com/openurl/pdf?id=doi:10.1007/s41748-025-00885-8
L2,Changes in drylands in Argentina during the phases of the Pacific Decadal Oscillation (1961–2022),"Blanco, Pedro S.",Earth Systems and Environment,2026,10.1007/s41748-025-00940-4,Springer,http://link.springer.com/openurl/pdf?id=doi:10.1007/s41748-025-00940-4
L2,The Potential of Wearable Sensor Technologies in Enhancing Personalized Health Monitoring and Management,"Mishra, Durga Prasad",Biomedical Materials & Devices,2026,10.1007/s44174-025-00472-5,Springer,http://link.springer.com/openurl/pdf?id=doi:10.1007/s44174-025-00472-5
L2,A Review of Gold Nanoparticles: Synthesis Methods and Biomedical Applications,"Mehdi, Jasmin",Biomedical Materials & Devices,2026,10.1007/s44174-025-00421-2,Springer,http://link.springer.com/openurl/pdf?id=doi:10.1007/s44174-025-00421-2
L2,Biodegradable Polysaccharide-Based Carbon Quantum Dots for Cancer Diagnosis and Therapy: Progress and Prospects,"Maheshwari, Shubhrat",Biomedical Materials & Devices,2026,10.1007/s44174-025-00439-6,Springer,http://link.springer.com/openurl/pdf?id=doi:10.1007/s44174-025-00439-6
L2,What Factors Have Been the Most Helpful and Harmful and When? Identifying Key Impacts on Psychosocial Development According to Autistic Adults and Caregivers,"Lerner, Juliette E.",Journal of Autism and Developmental Disorders,2026,10.1007/s10803-025-06800-4,Springer,http://link.springer.com/openurl/pdf?id=doi:10.1007/s10803-025-06800-4
L2,Cellulose-based functional materials from Posidonia oceanica: a sustainable valorization approach,"Cappitti, Alice",Biomass Conversion and Biorefinery,2026,10.1007/s13399-026-07250-3,Springer,http://link.springer.com/openurl/pdf?id=doi:10.1007/s13399-026-07250-3
L2,Provenance study of northwestern Arabian Sea clastic sediments: Insights from garnet geochemical signatures,"Sahu, Anil Kumar",Arabian Journal of Geosciences,2026,10.1007/s12517-026-12576-3,Springer,http://link.springer.com/openurl/pdf?id=doi:10.1007/s12517-026-12576-3
L2,"Cancer-associated adipocytes: metabolic reprogramming, crosstalk and therapeutic implications in tumor progression","Shi, Jinmin",Signal Transduction and Targeted Therapy,2026,10.1038/s41392-026-02820-3,Springer,https://www.nature.com/articles/s41392-026-02820-3.pdf
L2,TAAR1 as a Target for Addiction Therapy,"Rios, Samantha M.",,2026,10.1007/164_2026_835,Springer,http://link.springer.com/openurl/pdf?id=doi:10.1007/164_2026_835
L2,Experimental Study on Damage and Permeability Evolution in Coal Measure Rocks Under Variable Deviatoric Stress Paths,"Ren, Sentao",Rock Mechanics and Rock Engineering,2026,10.1007/s00603-026-05901-5,Springer,http://link.springer.com/openurl/pdf?id=doi:10.1007/s00603-026-05901-5
L2,"AS1411 Aptamer–Nucleolin Axis in Cancer: Mechanisms, Therapeutic Potential, and Clinical Challenges","Prakash, Kruthika",Current Pharmacology Reports,2026,10.1007/s40495-026-00475-w,Springer,http://link.springer.com/openurl/pdf?id=doi:10.1007/s40495-026-00475-w
L2,Technical feasibility and economic viability for coupling electrocatalytic reactions,"Zhang, Peng",Nature Reviews Clean Technology,2026,10.1038/s44359-026-00208-8,Springer,https://www.nature.com/articles/s44359-026-00208-8.pdf
L2,"Isotopic and geochemical constraints on lithium enrichment in basinal brines of the Montney Formation, Western Canada Sedimentary Basin","Bishop, Brendan A.",Mineralium Deposita,2026,10.1007/s00126-026-01477-w,Springer,http://link.springer.com/openurl/pdf?id=doi:10.1007/s00126-026-01477-w
L2,Organic fluorescent metal ion probes for understanding design rules photophysical mechanisms and bioimaging applications,"Ajay Kumar, M. S.",Discover Chemistry,2026,10.1007/s44371-026-00857-5,Springer,http://link.springer.com/openurl/pdf?id=doi:10.1007/s44371-026-00857-5
L2,Is photocatalytic oxidation a sustainable technology for microplastic removal from water? A critical review,"Sharkh, Tala Abu",Euro-Mediterranean Journal for Environmental Integration,2026,10.1007/s41207-026-01266-x,Springer,http://link.springer.com/openurl/pdf?id=doi:10.1007/s41207-026-01266-x
L2,Evaluation of the roughness and UTS of 3D-printed nylon with standard and combined structures,"Tapia, Fidencio",MRS Advances,2026,10.1557/s43580-026-01748-8,Springer,http://link.springer.com/openurl/pdf?id=doi:10.1557/s43580-026-01748-8
L2,Bridging the gap: neuroinflammation and the dawn of precision medicine in amyotrophic lateral sclerosis,"Tang, Lu",Translational Neurodegeneration,2026,10.1186/s40035-026-00572-2,Springer,https://www.biomedcentral.com/openurl/pdf?id=doi:10.1186/s40035-026-00572-2
L2,Experimental and Numerical Investigation on the Mechanical Behavior and Fracture Mechanisms of Bolted Stratified Rock Mass with Different Bedding Inclinations,"Sun, Wenhui",Rock Mechanics and Rock Engineering,2026,10.1007/s00603-026-05856-7,Springer,http://link.springer.com/openurl/pdf?id=doi:10.1007/s00603-026-05856-7
L2,"Multimodal artificial intelligence in prostate cancer: integrating multiparametric MRI with clinicopathological, molecular, and functional imaging data","Fujiwara, Motohiro",Abdominal Radiology,2026,10.1007/s00261-026-05723-7,Springer,http://link.springer.com/openurl/pdf?id=doi:10.1007/s00261-026-05723-7
L2,"Orbital forcing in Lower Jurassic rhythmically bedded basinal carbonates: implications for depositional environment, benthic life, and stratigraphy","Jach, Renata",Progress in Earth and Planetary Science,2026,10.1186/s40645-026-00839-2,Springer,https://www.biomedcentral.com/openurl/pdf?id=doi:10.1186/s40645-026-00839-2
L2,Unraveling the spatial paradox of multi-hazard mitigation: divergent impacts of urban form and function on heat and pluvial flood hazards,"Wu, Bomeng",Natural Hazards,2026,10.1007/s11069-026-08388-z,Springer,http://link.springer.com/openurl/pdf?id=doi:10.1007/s11069-026-08388-z
L2,Rocky Planets as Heat Engines,"Lourenço, Diogo L.",Space Science Reviews,2026,10.1007/s11214-026-01317-3,Springer,http://link.springer.com/openurl/pdf?id=doi:10.1007/s11214-026-01317-3
L2,Occluded person re-identification: a taxonomic survey and reproducible empirical benchmark,"Sharma, Ishani",The Visual Computer,2026,10.1007/s00371-026-04699-1,Springer,http://link.springer.com/openurl/pdf?id=doi:10.1007/s00371-026-04699-1
L2,HisToSpatialCNV: an interpretable deep learning method predicting spatial copy number variations from histopathology images,"Chen, Tianao",Nature Biomedical Engineering,2026,10.1038/s41551-026-01754-z,Springer,https://www.nature.com/articles/s41551-026-01754-z.pdf
L2,"Multimodal nanomedicine for precision colorectal cancer management: integrated diagnosis, targeted therapy, and personalized theranostics","Gou, Keyi",Cancer Nanotechnology,2026,10.1186/s12645-026-00421-x,Springer,https://www.biomedcentral.com/openurl/pdf?id=doi:10.1186/s12645-026-00421-x
L2,Synergistic reinforcement of vinyl ester composites using silane-modified sesbania grandiflora stem fiber and palm oil fuel ash-derived Si_3N_4 particles,"Shanmugam, V.",Chemical Papers,2026,10.1007/s11696-026-05186-6,Springer,http://link.springer.com/openurl/pdf?id=doi:10.1007/s11696-026-05186-6
L2,In Situ Growth of Zr-Based MOF on Surface-Activated Polyester Fabrics for Efficient Diuron Removal from Aqueous Solution,"Saklan, Mukaddes",Journal of Inorganic and Organometallic Polymers and Materials,2026,10.1007/s10904-026-04474-8,Springer,http://link.springer.com/openurl/pdf?id=doi:10.1007/s10904-026-04474-8
L2,From laboratory to field: a critical review of multi-modal sensing frameworks for emerging contaminant monitoring,"Bibi, Shakeela",Microchimica Acta,2026,10.1007/s00604-026-08362-3,Springer,http://link.springer.com/openurl/pdf?id=doi:10.1007/s00604-026-08362-3
L2,DOPO-based ionic liquid flame retardant enhancing epoxy composites via P–N–S synergy,"Li, Anxin",Journal of Materials Science,2026,10.1007/s10853-026-13575-1,Springer,http://link.springer.com/openurl/pdf?id=doi:10.1007/s10853-026-13575-1
L2,Advances in metal-organic frameworks (MOFs) for nanotheranostics: from targeted drug delivery to multimodal imaging,"Velayati, Shiva",Microchimica Acta,2026,10.1007/s00604-026-08352-5,Springer,http://link.springer.com/openurl/pdf?id=doi:10.1007/s00604-026-08352-5
L2,Emerging diagnostic biomarkers and therapeutic targets in Alzheimer's disease,"Dineshbhai, Thumbar Kishan",Inflammopharmacology,2026,10.1007/s10787-026-02341-z,Springer,http://link.springer.com/openurl/pdf?id=doi:10.1007/s10787-026-02341-z
L2,"Effect of Reinforcement Ratio and Aging Time on the Microstructure, Hardness, and Wear Behavior of ZrO_2-Reinforced AA7075 Matrix Nanocomposites Produced by Powder Metallurgy","Ada, Hakan",Journal of Materials Engineering and Performance,2026,10.1007/s11665-026-14951-3,Springer,http://link.springer.com/openurl/pdf?id=doi:10.1007/s11665-026-14951-3
L2,Adhesion between geopolymer matrix and vegetable fibers: effect of matrix composition and fiber treatment,"Santana, Henrique Almeida",Materials and Structures,2026,10.1617/s11527-026-03229-8,Springer,http://link.springer.com/openurl/pdf?id=doi:10.1617/s11527-026-03229-8
L2,Numerical simulation of coupled chemical dissolution and nonlinear seepage in a single carbonate-rock fracture,"Chu, Menghan",Hydrogeology Journal,2026,10.1007/s10040-026-03155-7,Springer,http://link.springer.com/openurl/pdf?id=doi:10.1007/s10040-026-03155-7
L2,Resistive switching memory devices based on a polyvinyl pyrrolidone/molybdenum sulphide composite prepared using the drop casting method,"Dlamini, Z W",Bulletin of Materials Science,2026,10.1007/s12034-026-03728-y,Springer,http://link.springer.com/openurl/pdf?id=doi:10.1007/s12034-026-03728-y
L2,"Seismic reservoir characterization of deep carbonates under complex overburden: a lithofacies-association zonation workflow, Longwangmiao Formation, Sichuan Basin","Tan, Lei",Carbonates and Evaporites,2026,10.1007/s13146-026-01334-x,Springer,http://link.springer.com/openurl/pdf?id=doi:10.1007/s13146-026-01334-x
L2,Comprehensive machine learning approaches for disease prediction current applications recent advances and future prospects,"Khan, Tehreem",Discover Artificial Intelligence,2026,10.1007/s44163-026-01851-7,Springer,http://link.springer.com/openurl/pdf?id=doi:10.1007/s44163-026-01851-7
L2,The filtration performance of fabrics against particles of viral size: a systematic review,"Ha, Nam Xuan",BMC Infectious Diseases,2026,10.1186/s12879-026-14275-6,Springer,https://www.biomedcentral.com/openurl/pdf?id=doi:10.1186/s12879-026-14275-6
L2,MXene-based innovations for ciprofloxacin removal: advanced adsorption mechanisms and sustainable water quality management,"Renita, A. Annam",Chemical Papers,2026,10.1007/s11696-026-05444-7,Springer,http://link.springer.com/openurl/pdf?id=doi:10.1007/s11696-026-05444-7
L2,"PFAS-free, zero-VOC soybean hull-based biopolymer for packaging, printing and coating applications","Aksoy, Burak",Cellulose,2026,10.1007/s10570-026-07194-x,Springer,http://link.springer.com/openurl/pdf?id=doi:10.1007/s10570-026-07194-x
L2,"Theranostic Smart Bionanosensors for Solid Tumors: Advances, Challenges, and Future Directions","El-Morsy, Manar T.",Applied Biochemistry and Biotechnology,2026,10.1007/s12010-026-05874-9,Springer,http://link.springer.com/openurl/pdf?id=doi:10.1007/s12010-026-05874-9
L2,Uniaxial and triaxial performance of concrete incorporating oxygen plasma-modified recycled plastic particles,"Karničnik, Jernej",Materials and Structures,2026,10.1617/s11527-026-03246-7,Springer,http://link.springer.com/openurl/pdf?id=doi:10.1617/s11527-026-03246-7
L2,Experimental Investigation of Carbonic Anhydrase in Promoting CO₂ Mineralization in Basalt,"Pang, Yixiao",Rock Mechanics and Rock Engineering,2026,10.1007/s00603-026-05890-5,Springer,http://link.springer.com/openurl/pdf?id=doi:10.1007/s00603-026-05890-5
L2,Mechanisms and Applications of Gas Flow in Coal Seams Considering the Effects of Cross-Section Shape and Surface Roughness,"Lu, Shouqing",Rock Mechanics and Rock Engineering,2026,10.1007/s00603-026-05881-6,Springer,http://link.springer.com/openurl/pdf?id=doi:10.1007/s00603-026-05881-6
L2,Plasma-derived extracellular vesicle microRNA as a potential biomarker associated with disease progression in non-severe dengue infection,"Venkatesan, Gokulakannan",Infection,2026,10.1007/s15010-026-02923-7,Springer,http://link.springer.com/openurl/pdf?id=doi:10.1007/s15010-026-02923-7
L2,Biphasic zinc-based metal-organic frameworks composite for ultrasensitive fluorescent detection of oxytetracycline,"Kamel, Karim Ben",Microchimica Acta,2026,10.1007/s00604-026-08351-6,Springer,http://link.springer.com/openurl/pdf?id=doi:10.1007/s00604-026-08351-6
L2,The neuroimmune network in Alzheimer’s and Parkinson’s diseases: from mechanistic insights to biomarker-guided immunotherapies and clinical translation,"Fawzy, Mohamed N.",Inflammopharmacology,2026,10.1007/s10787-026-02363-7,Springer,http://link.springer.com/openurl/pdf?id=doi:10.1007/s10787-026-02363-7
L2,"Child characteristics, household, and home environmental factors associated with eczema: a cross-sectional study","Hatem, Georges",European Journal of Pediatrics,2026,10.1007/s00431-026-07327-1,Springer,http://link.springer.com/openurl/pdf?id=doi:10.1007/s00431-026-07327-1
L2,"A single-chip, dual-gain color–NIR camera for fluorescence-guided lung and breast cancer surgery","Zhu, Zhongmin",Light: Science & Applications,2026,10.1038/s41377-026-02437-9,Springer,https://www.nature.com/articles/s41377-026-02437-9.pdf
L2,"IoT data quality: a review of cross-layer challenges, infrastructure impact, and blockchain integration opportunities","Idrees, Rabbia",Cluster Computing,2026,10.1007/s10586-026-06416-y,Springer,http://link.springer.com/openurl/pdf?id=doi:10.1007/s10586-026-06416-y
L2,"A systematic review on the application, phytochemistry and pharmacological activities of the genus Atractylodes","Luo, Siwei",Chinese Medicine,2026,10.1186/s13020-026-01473-2,Springer,https://www.biomedcentral.com/openurl/pdf?id=doi:10.1186/s13020-026-01473-2
L2,Maternal sleep deprivation reshapes offspring hippocampal development through a Trem2-centered microglial program revealed by single-nucleus and spatial transcriptomics,"Wu, Xiaobin",Molecular Psychiatry,2026,10.1038/s41380-026-03831-w,Springer,https://www.nature.com/articles/s41380-026-03831-w.pdf
L2,"Gold nanostructure-based cancer photothermal therapy: a comprehensive systematic review, meta-analysis, and dose–response evaluation","khoshdel, Emad",Cancer Nanotechnology,2026,10.1186/s12645-026-00418-6,Springer,https://www.biomedcentral.com/openurl/pdf?id=doi:10.1186/s12645-026-00418-6
L2,Neural network approach towards magneto-radiative third-grade fluid with homogeneous and heterogeneous reaction,"Khan, Zeeshan",Journal of Thermal Analysis and Calorimetry,2026,10.1007/s10973-026-16073-3,Springer,http://link.springer.com/openurl/pdf?id=doi:10.1007/s10973-026-16073-3
L2,"Discriminating skarn deposits with epidote chemistry: a case study of Dolphin Tungsten (W) Skarn, King Island, Tasmania","Costa, Angela I. S.",Mineralium Deposita,2026,10.1007/s00126-026-01478-9,Springer,http://link.springer.com/openurl/pdf?id=doi:10.1007/s00126-026-01478-9
L2,Integrating socio‑environmental and demographic factors in machine learning forecasts of water consumption,"Vakili, Mohammad",Applied Water Science,2026,10.1007/s13201-026-02934-7,Springer,http://link.springer.com/openurl/pdf?id=doi:10.1007/s13201-026-02934-7
L2,"Integrated gravity-based structural characterization of the Sana’a Basin, Yemen using WGM2012 data, spectral analysis, and GM-SYS modeling","Al Khirbash, Bassim S.",Arabian Journal of Geosciences,2026,10.1007/s12517-026-12582-5,Springer,http://link.springer.com/openurl/pdf?id=doi:10.1007/s12517-026-12582-5
L2,Global Asthma Disparities: Deciphering the Multifaceted Environmental Exposome Between Eastern and Western Populations,"Yang, Zhaowei",Clinical Reviews in Allergy & Immunology,2026,10.1007/s12016-026-09191-1,Springer,http://link.springer.com/openurl/pdf?id=doi:10.1007/s12016-026-09191-1
L2,Exercise and Fat: A Primer,"Braunsperger, Alexander",Sports Medicine - Open,2026,10.1186/s40798-026-01085-y,Springer,https://www.biomedcentral.com/openurl/pdf?id=doi:10.1186/s40798-026-01085-y
L2,Drying crisis under greening: a study on the drought trigger thresholds of vegetation carbon fixation loss in karst areas,"Shuai, Niu",Carbon Balance and Management,2026,10.1186/s13021-026-00500-x,Springer,https://www.biomedcentral.com/openurl/pdf?id=doi:10.1186/s13021-026-00500-x
L2,Root oxygen governs dryland ecosystem stability,"Han, Dongliang",Plant and Soil,2026,10.1007/s11104-026-08983-w,Springer,http://link.springer.com/openurl/pdf?id=doi:10.1007/s11104-026-08983-w
L2,Effects of Surface-Treated ZnO Fillers on Physical and Mechanical Properties of Aramid-Core/Carbon-Skin Hybrid Epoxy Nanocomposites,"Kolur, Praveen C.",Journal of Materials Engineering and Performance,2026,10.1007/s11665-026-14841-8,Springer,http://link.springer.com/openurl/pdf?id=doi:10.1007/s11665-026-14841-8
L2,Edible Films and Coatings from Apple Pulp or Wine Grape Pomace-Derived Lignoholocellulose as Carriers for Antimicrobial Bioparticles: In Vitro Antimicrobial Activity and Effects on the Quality of Refrigerated Beef,"Lin, Chieh-Yi",Food and Bioprocess Technology,2026,10.1007/s11947-026-04540-6,Springer,http://link.springer.com/openurl/pdf?id=doi:10.1007/s11947-026-04540-6
L2,"Understanding pesticide pollution: sources, classification, environmental and health impacts, analytical approaches, and treatment techniques with special emphasis on India","Udayakumar, Bhuvaneshwari",Environmental Science and Pollution Research,2026,10.1007/s11356-026-38108-w,Springer,http://link.springer.com/openurl/pdf?id=doi:10.1007/s11356-026-38108-w
L2,The plastisphere paradox: microplastics as engines of antimicrobial resistance and hosts for polymer degraders,"Katiyar, Priya",World Journal of Microbiology and Biotechnology,2026,10.1007/s11274-026-05164-w,Springer,http://link.springer.com/openurl/pdf?id=doi:10.1007/s11274-026-05164-w
L2,"Microplastics as carriers of environmental contaminants: Implications for human exposure, toxicokinetics, and health risk","Jang, Ji-Hun",Environmental Geochemistry and Health,2026,10.1007/s10653-026-03442-y,Springer,http://link.springer.com/openurl/pdf?id=doi:10.1007/s10653-026-03442-y
L2,Evolution of structure and texture of the Beta zeolite recrystallization-derived materials: Impact of alkaline concentration and exploratory application towards LDPE catalytic pyrolysis,"Colmenares-Zerpa, Julio",Journal of Porous Materials,2026,10.1007/s10934-026-01956-5,Springer,http://link.springer.com/openurl/pdf?id=doi:10.1007/s10934-026-01956-5
L2,Multifunctional stable thermochromic composites with low loading of Ag₂HgI₄ inclusions exhibiting thermal and electric percolation,"Chan-Espinoza, José Abraham",Polymer Bulletin,2026,10.1007/s00289-026-06642-9,Springer,http://link.springer.com/openurl/pdf?id=doi:10.1007/s00289-026-06642-9
L2,Rockfall protection for himalayan highway slopes: Integrated hazard assessment and performance evaluation of a slender reinforced embankment,"Maheshwari, Shreya",Bulletin of Engineering Geology and the Environment,2026,10.1007/s10064-026-05226-1,Springer,http://link.springer.com/openurl/pdf?id=doi:10.1007/s10064-026-05226-1
L2,Laboratory performance evaluation of emulsion-based cementitious grouted bituminous macadam for sustainable pavement applications,"Rout, Biswabikash",Discover Civil Engineering,2026,10.1007/s44290-026-00589-6,Springer,http://link.springer.com/openurl/pdf?id=doi:10.1007/s44290-026-00589-6
L2,Ion-exchanged high-silica RHO zeolites for efficient separation on CO_2/CH_4 and CO_2/N_2,"Wang, Yufei",Journal of Materials Science,2026,10.1007/s10853-026-13524-y,Springer,http://link.springer.com/openurl/pdf?id=doi:10.1007/s10853-026-13524-y
L2,Comparative Study of the Hot Corrosion Behaviour of As-Sprayed and Pulsed Laser-Remelted APS YSZ/Ni–Cr Coatings on Inconel 718 During 50 h Cyclic Exposure,"Maharajan, S.",High Temperature Corrosion of Materials,2026,10.1007/s11085-026-10455-6,Springer,http://link.springer.com/openurl/pdf?id=doi:10.1007/s11085-026-10455-6
L2,Quantum topological modeling of asphaltene stabilization: unraveling steric shielding effects,"Yolchuyeva, Ulviyya J.",Journal of Molecular Modeling,2026,10.1007/s00894-026-06902-5,Springer,http://link.springer.com/openurl/pdf?id=doi:10.1007/s00894-026-06902-5
L2,The hallmarks of skeletal muscle health,"Vainshtein, Anna",Nature Metabolism,2026,10.1038/s42255-026-01595-9,Springer,https://www.nature.com/articles/s42255-026-01595-9.pdf
L2,Multifunctional auranofin analogues: dual-targeting TSPO/TrxR gold(I) complexes with activity in resistant ovarian cancer,"Chiaverini, Lorenzo",BioMetals,2026,10.1007/s10534-026-00872-0,Springer,http://link.springer.com/openurl/pdf?id=doi:10.1007/s10534-026-00872-0
L2,"Pathological depositions in human disease: converging mechanisms in atherosclerosis, Alzheimer's disease, and related disorders","Ragolia, Louis",Molecular Biomedicine,2026,10.1186/s43556-026-00552-y,Springer,http://link.springer.com/openurl/pdf?id=doi:10.1186/s43556-026-00552-y
L2,Neuroimaging biomarkers of the brain-heart axis in Takotsubo syndrome: regional convergence without directional consistency: a systematic review and biomarker qualification appraisal,"Ahad, Abiya",Acta Neurologica Belgica,2026,10.1007/s13760-026-03172-z,Springer,http://link.springer.com/openurl/pdf?id=doi:10.1007/s13760-026-03172-z
L2,Molecular pathways and emerging therapeutic strategies in advanced thyroid cancer: from targeted therapy to precision oncology,"Sarkar, Tanmoy",Clinical and Translational Oncology,2026,10.1007/s12094-026-04542-y,Springer,http://link.springer.com/openurl/pdf?id=doi:10.1007/s12094-026-04542-y
L2,The role of platelets in the hepatocellular carcinoma immune microenvironment and their clinical prospects: a comprehensive review,"Yang, Zirong",Medical Oncology,2026,10.1007/s12032-026-03362-y,Springer,http://link.springer.com/openurl/pdf?id=doi:10.1007/s12032-026-03362-y
L2,Cancer pain,"Villalba-Riquelme, Eva",Nature Reviews Disease Primers,2026,10.1038/s41572-026-00730-w,Springer,https://www.nature.com/articles/s41572-026-00730-w.pdf
L2,"A Comprehensive Survey on Symbolic Regression: State-of-the-Art Approaches, Key Applications, Benchmark Evaluations, and Future Research Directions","Palakonda, Vikas",Archives of Computational Methods in Engineering,2026,10.1007/s11831-026-10681-w,Springer,http://link.springer.com/openurl/pdf?id=doi:10.1007/s11831-026-10681-w
L2,The Turonian sedimentary record of central Tunisia: Sedimentology and sequence stratigraphic framework: input to regional and global correlations,"Soltani, Akrem",Facies,2026,10.1007/s10347-026-00744-6,Springer,http://link.springer.com/openurl/pdf?id=doi:10.1007/s10347-026-00744-6
L2,"Vinpocetine attenuates myocardial ischemia/reperfusion injury in mice by suppressing oxidative stress, inflammation, and apoptosis","Xia, Tianchen",Naunyn-Schmiedeberg's Archives of Pharmacology,2026,10.1007/s00210-026-05821-9,Springer,http://link.springer.com/openurl/pdf?id=doi:10.1007/s00210-026-05821-9
L2,Interpretable Machine Learning Using Multimodal Ultrasound and MRI Features for Predicting Axillary Lymph Node Metastasis in Breast Cancer: A Dual-Center Retrospective Study,"liu, Yuxi",Journal of Imaging Informatics in Medicine,2026,10.1007/s10278-026-02190-w,Springer,http://link.springer.com/openurl/pdf?id=doi:10.1007/s10278-026-02190-w
L2,Fluorinated Porous CeO₂ with Enriched Oxygen Vacancies as Dual-Functional Fillers for Durable Corrosion Protection,"Zheng, Weiping",Journal of Materials Engineering and Performance,2026,10.1007/s11665-026-14914-8,Springer,http://link.springer.com/openurl/pdf?id=doi:10.1007/s11665-026-14914-8
L2,Transforming Polyethylene Terephthalate Waste into Activated Carbon for Supercapacitor Electrode Material: A Sustainable Approach,"Kandasamy, Kannan",Journal of Electronic Materials,2026,10.1007/s11664-026-13078-4,Springer,http://link.springer.com/openurl/pdf?id=doi:10.1007/s11664-026-13078-4
L2,High-strength and Electrically Stable Aramid Nanofibers/Multi-walled Carbon Nanotubes/Polyaniline Hybrid Fibers for Flexible Electromagnetic Absorption Performance,"Ni, Xiao-Qi",Chinese Journal of Polymer Science,2026,10.1007/s10118-026-3727-1,Springer,http://link.springer.com/openurl/pdf?id=doi:10.1007/s10118-026-3727-1
L3,Effect of Lignin Incorporation on Properties of Polyester Films of Lignin-Grafted-PCL/PLGA/PLA Polymers as Packaging Materials.,Omar Mendez,ACS omega,2026,10.1021/acsomega.5c13155,PubMed,
L3,Moving Toward Paperization of Packaging Industry: Use of Laponite and Montmorillonite Nanoclays for Recyclable and Biodegradable High-Barrier Paper.,Paninga Muiliya,ACS omega,2026,10.1021/acsomega.5c10619,PubMed,
L3,High oxygen barrier and synergistically enhanced photodynamic antibacterial films via Berberine/layered double hydroxide for food packaging.,Jin Liang,"Food research international (Ottawa, Ont.)",2026,10.1016/j.foodres.2025.118277,PubMed,
L3,Predicting Packaging Material-Food Interactions and the Respective Migration and Permeation Based on Hansen Solubility Parameters-A Case Study of Bio-Based Polyester Cutin.,Costas Tsioptsias,Polymers,2025,10.3390/polym17212961,PubMed,
L3,Impact of Recyclable Packaging on Microwave-Treated Chicken Quality: A Comparison of PET vs PP with Modified Atmosphere.,Sherry Stephanie Chan,Journal of food protection,2025,10.1016/j.jfp.2025.100616,PubMed,
L3,Active Packaging Based on a PET/PP Food-Grade Film Coated with Pullulan and Clove Essential Oil: Physicochemical and Antimicrobial Properties.,Karolina Kraśniewska,"Molecules (Basel, Switzerland)",2025,10.3390/molecules30102118,PubMed,
L3,Pioneering high barrier packaging for pressure assisted thermal sterilization of low-acid food products.,Ashutos Parhi,"Food research international (Ottawa, Ont.)",2024,10.1016/j.foodres.2024.115126,PubMed,
L3,Roll-to-Roll SiOx Synthesis on Polyethylene Terephthalate Film by Atmospheric-Pressure Plasma-Assisted Chemical Vapor Deposition.,Yukihiro Kusano,"Materials (Basel, Switzerland)",2024,10.3390/ma17194694,PubMed,
L3,Delamination and Evaluation of Multilayer PE/Al/PET Packaging Waste Separated Using a Hydrophobic Deep Eutectic Solvent.,Adamantini Loukodimou,Polymers,2024,10.3390/polym16192718,PubMed,
L3,Nonpreferential Solvent Transport through an Intrinsic Cyclodextrin Pore in a Polyester Film.,Gunolla Nagendraprasad,The journal of physical chemistry. B,2024,10.1021/acs.jpcb.4c02263,PubMed,
L3,"Fully Bio-Based 2,5-Furandicarboxylic Acid Polyester toward Plastics with Mechanically Robust, Excellent Gas Barrier and Fast Degradation.",Qingyang Luan,ChemSusChem,2024,10.1002/cssc.202400153,PubMed,
L3,Effect of Calcium Oxide on Stress Crack Resistance and Light Transmittance in PET Containers for Packaging Carbonated Beverages.,Gökçen Yuvalı,ACS omega,2024,10.1021/acsomega.3c07193,PubMed,
L3,On the Effect of Non-Thermal Atmospheric Pressure Plasma Treatment on the Properties of PET Film.,Irena Maliszewska,Polymers,2023,10.3390/polym15214289,PubMed,
L3,Insight into What Is inside Swift Heavy Ion Latent Tracks in PET Film.,Adil Z Tuleushev,Polymers,2023,10.3390/polym15204050,PubMed,
L3,Recycling of Nanocellulose from Polyester-Cotton Textile Waste for Modification of Film Composites.,Preeyanuch Srichola,Polymers,2023,10.3390/polym15153324,PubMed,
L3,A Hydrotalcite-Based PET Composites with Enhanced Properties for Liquid Milk Packaging Applications.,Xiangnan Feng,"Materials (Basel, Switzerland)",2023,10.3390/ma16051857,PubMed,
L3,Construction of Durable Self-Cleaning PDMS Film on Polyester Fabric Surface.,Yong Xia,"Materials (Basel, Switzerland)",2022,10.3390/ma16010052,PubMed,
L3,Ordinary and Extraordinary Complex Refractive Indices Extraction of a Mylar Film by Transmission Spectrophotometry.,Yassine Makhlouka,Polymers,2022,10.3390/polym14091805,PubMed,
L3,Modulating the Crystallinity of a Circular Plastic towards Packaging Material with Outstanding Barrier Properties.,Ainara Sangroniz,Macromolecular rapid communications,2022,10.1002/marc.202200008,PubMed,
L3,Condensed ECM-based nanofilms on highly permeable PET membranes for robust cell-to-cell communications with improved optical clarity.,Brian Choi,Biofabrication,2021,10.1088/1758-5090/ac23ad,PubMed,
L3,Low-pressure highly permeable polyester loose nanofiltration membranes tailored by natural carbohydrates for effective dye/salt fractionation.,Pengrui Jin,Journal of hazardous materials,2022,10.1016/j.jhazmat.2021.126716,PubMed,
L3,Assessment of the Irradiation Exposure of PET Film with Swift Heavy Ions Using the Interference-Free Transmission UV-Vis Transmission Spectra.,Adil Z Tuleushev,Polymers,2021,10.3390/polym13030358,PubMed,
L3,Bioinspired All-Polyester Diblock Copolymers Made from Poly(pentadecalactone) and Poly(2-(2-hydroxyethoxy)benzoate): Synthesis and Polymer Film Properties.,Julia S Saar,Macromolecular chemistry and physics,2020,10.1002/macp.202000118,PubMed,
L3,Aspect Ratio Control of Layered Double Hydroxide Nanosheets and Their Application for High Oxygen Barrier Coating in Flexible Food Packaging.,Jingfang Yu,ACS applied materials & interfaces,2020,10.1021/acsami.9b21986,PubMed,
L3,PET and Active Coating Based on a LDH Nanofiller Hosting p-Hydroxybenzoate and Food-Grade Zeolites: Evaluation of Antimicrobial Activity of Packaging and Shelf Life of Red Meat.,Valeria Bugatti,"Nanomaterials (Basel, Switzerland)",2019,10.3390/nano9121727,PubMed,
L3,An Overview of Polylactides as Packaging Materials,Rafael Auras,Macromolecular Bioscience,2004,10.1002/mabi.200400043,OpenAlex,
L3,Applications of Plastic Films for Modified Atmosphere Packaging of Fruits and Vegetables: A Review,S. Mangaraj,Food Engineering Reviews,2009,10.1007/s12393-009-9007-3,OpenAlex,
L3,Transparent barrier coatings on polyethylene terephthalate by single- and dual-frequency plasma-enhanced chemical vapor deposition,Argemiro Soares da Silva Sobrinho,Journal of Vacuum Science & Technology A Vacuum Surfaces and Films,1998,10.1116/1.581519,OpenAlex,
L3,Polyethylene Terephthalate (PET) Bottle-to-Bottle Recycling for the Beverage Industry: A Review,Patnarin Benyathiar,Polymers,2022,10.3390/polym14122366,OpenAlex,https://www.mdpi.com/2073-4360/14/12/2366/pdf?version=1655118874
L3,Defect-permeation correlation for ultrathin transparent barrier coatings on polymers,Argemiro Soares da Silva Sobrinho,Journal of Vacuum Science & Technology A Vacuum Surfaces and Films,2000,10.1116/1.582156,OpenAlex,
L3,"Polyhydroxyalkanoate (PHA): Review of synthesis, characteristics, processing and potential applications in packaging",Elodie Bugnicourt,eXPRESS Polymer Letters,2014,10.3144/expresspolymlett.2014.82,OpenAlex,https://doi.org/10.3144/expresspolymlett.2014.82
L3,Low-Temperature Al 2 O 3 Atomic Layer Deposition,Markus D. Groner,Chemistry of Materials,2004,10.1021/cm0304546,OpenAlex,
L3,Active Packaging Applications for Food,Selçuk Yildirim,Comprehensive Reviews in Food Science and Food Safety,2017,10.1111/1541-4337.12322,OpenAlex,https://repositori.irta.cat/bitstream/20.500.12327/362/3/Yildirim_active_2017.pdf
L3,"Mechanical, Physical, and Barrier Properties of Poly(Lactide) Films",Rafael Auras,Journal of Plastic Film & Sheeting,2003,10.1177/8756087903039702,OpenAlex,
L3,Active Packaging Technologies with an Emphasis on Antimicrobial Packaging and its Applications,Panuwat Suppakul,Journal of Food Science,2003,10.1111/j.1365-2621.2003.tb05687.x,OpenAlex,https://vuir.vu.edu.au/48/1/Antimicrobial_Packaging_JFS68no2Review.pdf
L3,An overview of biodegradable packaging in food industry,Salman Shaikh,Current Research in Food Science,2021,10.1016/j.crfs.2021.07.005,OpenAlex,https://www.sciencedirect.com/science/article/pii/S2665927121000496/pdf
L3,Review of conventional and novel polymerization processes for polyesters,K. W. Peter Pang,Progress in Polymer Science,2006,10.1016/j.progpolymsci.2006.08.008,OpenAlex,
L3,Essential oils as additives in active food packaging,Shubham Sharma,Food Chemistry,2020,10.1016/j.foodchem.2020.128403,OpenAlex,https://www.sciencedirect.com/science/article/pii/S0308814620322652/pdf
L3,Chitosan for food packaging: Recent advances in active and intelligent films,María Flórez,Food Hydrocolloids,2021,10.1016/j.foodhyd.2021.107328,OpenAlex,https://www.sciencedirect.com/science/article/pii/S0268005X2100744X/pdf
L3,Mechanism of Water Vapor Transport through PET/AlOxNy Gas Barrier Films,Ahmet Gün Erlat,The Journal of Physical Chemistry B,2003,10.1021/jp036244y,OpenAlex,
L3,Structure and oxygen-barrier properties of metallized polymer film,E. H. H. Jamieson,Journal of Materials Science,1983,10.1007/bf00543811,OpenAlex,
L3,A microstructural study of transparent metal oxide gas barrier films,Bernard M. Henry,Thin Solid Films,1999,10.1016/s0040-6090(99)00461-7,OpenAlex,
L3,"Biorenewable, transparent, and oxygen/moisture barrier nanocellulose/nanochitin-based coating on polypropylene for food packaging applications",Hoang‐Linh Nguyen,Carbohydrate Polymers,2021,10.1016/j.carbpol.2021.118421,OpenAlex,https://www.sciencedirect.com/science/article/pii/S0144861721008080/pdf
L3,Smart packaging systems for food applications: a review,K. B. Biji,Journal of Food Science and Technology,2015,10.1007/s13197-015-1766-7,OpenAlex,https://link.springer.com/content/pdf/10.1007/s13197-015-1766-7.pdf
L3,Surface Characteristics of a Self-Polymerized Dopamine Coating Deposited on Hydrophobic Polymer Films,Jinhong Jiang,Langmuir,2011,10.1021/la202877k,OpenAlex,
L3,"Polylactides—Chemistry, Properties and Green Packaging Technology: A Review",Jasim Ahmed,International Journal of Food Properties,2010,10.1080/10942910903125284,OpenAlex,https://www.tandfonline.com/doi/pdf/10.1080/10942910903125284?needAccess=true&role=button
L3,"Recycling of post-consumer plastic packaging waste in the EU: Recovery rates, material flows, and barriers",Ioannis Antonopoulos,Waste Management,2021,10.1016/j.wasman.2021.04.002,OpenAlex,https://www.sciencedirect.com/science/article/pii/S0956053X21001999/pdf
L3,Biodegradable polymers and green-based antimicrobial packaging materials: A mini-review,Yajie Zhong,Advanced Industrial and Engineering Polymer Research,2019,10.1016/j.aiepr.2019.11.002,OpenAlex,https://www.sciencedirect.com/science/article/pii/S2542504819300508/pdf
L3,"Effect of glycerol plasticizer loading on the physical, mechanical, thermal, and barrier properties of arrowroot (Maranta arundinacea) starch biopolymers",J. Tarique,Scientific Reports,2021,10.1038/s41598-021-93094-y,OpenAlex,https://www.nature.com/articles/s41598-021-93094-y.pdf
L3,Recycling of Polymer-Based Multilayer Packaging: A Review,Katharina Kaiser,Recycling,2017,10.3390/recycling3010001,OpenAlex,https://www.mdpi.com/2313-4321/3/1/1/pdf?version=1513954413
L3,Deposition of SiOx diffusion barriers on flexible packaging materials by PECVD,Andrea Bieder,Surface and Coatings Technology,2005,10.1016/j.surfcoat.2005.02.004,OpenAlex,
L3,Casein films crosslinked by tannic acid for food packaging applications,Matías L. Picchio,Food Hydrocolloids,2018,10.1016/j.foodhyd.2018.06.028,OpenAlex,https://ars.els-cdn.com/content/image/1-s2.0-S0268005X18305411-fx1_lrg.jpg
L3,A concise guide to active agents for active food packaging,Carla Vilela,Trends in Food Science & Technology,2018,10.1016/j.tifs.2018.08.006,OpenAlex,https://www.sciencedirect.com/science/article/pii/S0924224418302760/pdf
L3,Barrier coatings for flexible packaging based on hyperbranched resins,Jakob Lange,Polymer,2001,10.1016/s0032-3861(01)00189-6,OpenAlex,
L3,Properties of Whey-Protein-Coated Films and Laminates as Novel Recyclable Food Packaging Materials with Excellent Barrier Properties,Markus Schmid,International Journal of Polymer Science,2012,10.1155/2012/562381,OpenAlex,https://downloads.hindawi.com/journals/ijps/2012/562381.pdf
L3,Recent advances on chitosan-based films for sustainable food packaging applications,Hossein Haghighi,Food Packaging and Shelf Life,2020,10.1016/j.fpsl.2020.100551,OpenAlex,https://ars.els-cdn.com/content/image/1-s2.0-S221428942030569X-ga1_lrg.jpg
L3,Per‐ and polyfluoroalkyl substances and their alternatives in paper food packaging,Gregory M. Glenn,Comprehensive Reviews in Food Science and Food Safety,2021,10.1111/1541-4337.12726,OpenAlex,
L3,"Poly(lactic acid)‐modified films for food packaging application: Physical, mechanical, and barrier behavior",Valentina Siracusa,Journal of Applied Polymer Science,2012,10.1002/app.36829,OpenAlex,
L3,Plastic waste and its management strategies for environmental sustainability,Evode Niyitanga,Case Studies in Chemical and Environmental Engineering,2021,10.1016/j.cscee.2021.100142,OpenAlex,https://www.sciencedirect.com/science/article/pii/S2666016421000645/pdf
L3,Innovations in the food packaging market: active packaging,Joanna Wyrwa,European Food Research and Technology,2017,10.1007/s00217-017-2878-2,OpenAlex,https://link.springer.com/content/pdf/10.1007/s00217-017-2878-2.pdf
L3,"High‐Barrier, Biodegradable Food Packaging",Christoph Habel,Macromolecular Materials and Engineering,2018,10.1002/mame.201800333,OpenAlex,
L3,Insights into the Enhancement of the Poly(ethylene terephthalate) Degradation by FAST-PETase from Computational Modeling,Rafael García-Meseguer,Journal of the American Chemical Society,2023,10.1021/jacs.3c04427,OpenAlex,https://pubs.acs.org/doi/pdf/10.1021/jacs.3c04427
L3,"Effect of packaging material headspace, oxygen and light transmission, temperature and storage time on quality characteristics of extra virgin olive oil",G. Pristouri,Food Control,2009,10.1016/j.foodcont.2009.06.019,OpenAlex,
L3,Relevance of Nanomaterials in Food Packaging and its Advanced Future Prospects,Pallavi Chaudhary,Journal of Inorganic and Organometallic Polymers and Materials,2020,10.1007/s10904-020-01674-8,OpenAlex,https://link.springer.com/content/pdf/10.1007/s10904-020-01674-8.pdf
L3,"Recommendations for replacing PET on packaging, fiber, and film materials with biobased counterparts",Andreia F. Sousa,Green Chemistry,2021,10.1039/d1gc02082j,OpenAlex,https://pubs.rsc.org/en/content/articlepdf/2021/gc/d1gc02082j
L3,Electrical conduction in polyethylene terephthalate and polyethylene films,D.M. Taylor,Journal of Physics D Applied Physics,1971,10.1088/0022-3727/4/9/315,OpenAlex,https://iopscience.iop.org/article/10.1088/0022-3727/4/9/315/pdf
L3,Biopolymer-based functional films for packaging applications: A review,Abdullah,Frontiers in Nutrition,2022,10.3389/fnut.2022.1000116,OpenAlex,https://www.frontiersin.org/articles/10.3389/fnut.2022.1000116/pdf
L3,"Moisture transport, adhesion, and corrosion protection of PV module packaging materials",G. Jörgensen,Solar Energy Materials and Solar Cells,2006,10.1016/j.solmat.2006.04.003,OpenAlex,
L3,The atomic simulation environment—a Python library for working with atoms,Ask Hjorth Larsen,Journal of Physics Condensed Matter,2017,10.1088/1361-648x/aa680e,OpenAlex,https://iopscience.iop.org/article/10.1088/1361-648X/aa680e/pdf
L3,Oxygen and water‐vapor diffusion through biaxially oriented poly(ethylene terephthalate),G. A. J. Orchard,Journal of Polymer Science Part B Polymer Physics,1990,10.1002/polb.1990.090280502,OpenAlex,
L3,Nanotechnology: An Untapped Resource for Food Packaging,Chetan Sharma,Frontiers in Microbiology,2017,10.3389/fmicb.2017.01735,OpenAlex,https://www.frontiersin.org/articles/10.3389/fmicb.2017.01735/pdf
L3,Water Vapor Transport Properties of Polyurethane Films for Packaging of Respiring Foods,Deniz Turan,Food Engineering Reviews,2019,10.1007/s12393-019-09205-z,OpenAlex,https://link.springer.com/content/pdf/10.1007/s12393-019-09205-z.pdf
L3,"Shelf life extension of white mushrooms (Agaricus bisporus) by low temperatures conditioning, modified atmosphere, and nanocomposite packaging material",Rashid Gholami,Food Packaging and Shelf Life,2017,10.1016/j.fpsl.2017.09.001,OpenAlex,http://hdl.handle.net/2434/524996
L3,Atomic layer deposition on polymer based flexible packaging materials: Growth characteristics and diffusion barrier properties,Tommi Kääriäinen,Thin Solid Films,2010,10.1016/j.tsf.2010.12.171,OpenAlex,
L3,Effect of whey protein purity and glycerol content upon physical properties of edible films manufactured therefrom,Óscar L. Ramos,Food Hydrocolloids,2012,10.1016/j.foodhyd.2012.05.001,OpenAlex,https://ars.els-cdn.com/content/image/1-s2.0-S0268005X12001014-fx1.jpg
L3,Polyelectrolyte Coacervates Deposited as High Gas Barrier Thin Films,Merid Haile,Macromolecular Rapid Communications,2016,10.1002/marc.201600594,OpenAlex,https://onlinelibrary.wiley.com/doi/pdfdirect/10.1002/marc.201600594
L3,Natural-based plasticizers and biopolymer films: A review,Melissa Gurgel Adeodato Vieira,European Polymer Journal,2010,10.1016/j.eurpolymj.2010.12.011,OpenAlex,https://www.sciencedirect.com/science/article/pii/S0014305710004763/pdf
L3,"Stable, Flexible, and High-Performance SERS Chip Enabled by a Ternary Film-Packaged Plasmonic Nanoparticle Array",Kaiqiang Wang,ACS Applied Materials & Interfaces,2019,10.1021/acsami.9b09746,OpenAlex,
L3,Barrier Films from Renewable Forestry Waste,Ulrica Edlund,Biomacromolecules,2010,10.1021/bm100767g,OpenAlex,
L3,Evaluation of oriented poly(lactide) polymers vs. existing PET and oriented PS for fresh food service containers,Rafael Auras,Packaging Technology and Science,2005,10.1002/pts.692,OpenAlex,
L3,Food packaging in the circular economy: Overview of chemical safety aspects for commonly used materials,Birgit Geueke,Journal of Cleaner Production,2018,10.1016/j.jclepro.2018.05.005,OpenAlex,https://www.sciencedirect.com/science/article/pii/S0959652618313325/pdf
L3,Moisture permeability of polymers. I. Role of crystallinity and orientation,S. W. Lasoski,Journal of Polymer Science,1959,10.1002/pol.1959.1203613003,OpenAlex,
L3,Oxygen transmission of multilayer EVOH films after microwave sterilization,K Mokwena,Journal of Food Engineering,2008,10.1016/j.jfoodeng.2008.11.011,OpenAlex,
L3,"Nanocellulose Reinforced Thermoplastic Starch (TPS), Polylactic Acid (PLA), and Polybutylene Succinate (PBS) for Food Packaging Applications",A. Nazrin,Frontiers in Chemistry,2020,10.3389/fchem.2020.00213,OpenAlex,https://www.frontiersin.org/articles/10.3389/fchem.2020.00213/pdf
L3,Laser direct joining of metal and plastic,S. Katayama,Scripta Materialia,2008,10.1016/j.scriptamat.2008.08.026,OpenAlex,
L3,GATE: a simulation toolkit for PET and SPECT,S Jan,Physics in Medicine and Biology,2004,10.1088/0031-9155/49/19/007,OpenAlex,https://iopscience.iop.org/article/10.1088/0031-9155/49/19/007/pdf
L3,Electrospun Functional Materials toward Food Packaging Applications: A Review,Luying Zhao,Nanomaterials,2020,10.3390/nano10010150,OpenAlex,https://www.mdpi.com/2079-4991/10/1/150/pdf?version=1579491317
L3,An Overview of Plastic Waste Generation and Management in Food Packaging Industries,Lindani Koketso Ncube,Recycling,2021,10.3390/recycling6010012,OpenAlex,https://www.mdpi.com/2313-4321/6/1/12/pdf?version=1614004093
L3,Protective Influence of Several Packaging Materials on Light Oxidation of Milk,Frédéric Mestdagh,Journal of Dairy Science,2005,10.3168/jds.s0022-0302(05)72712-0,OpenAlex,http://www.journalofdairyscience.org/article/S0022030205727120/pdf
L3,Characterization of polylactic acid films for food packaging as affected by dielectric barrier discharge atmospheric plasma,S.K. Pankaj,Innovative Food Science & Emerging Technologies,2013,10.1016/j.ifset.2013.10.007,OpenAlex,https://arrow.tudublin.ie/cgi/viewcontent.cgi?article=1039&context=scschphyart
L3,Dispersion of modified layered double hydroxides in Poly(ethylene terephthalate) by High Energy Ball Milling for food packaging applications,Loredana Tammaro,European Polymer Journal,2014,10.1016/j.eurpolymj.2014.01.001,OpenAlex,
L3,"Fully Biobased Superpolymers of 2,5-Furandicarboxylic Acid with Different Functional Properties: From Rigid to Flexible, High Performant Packaging Materials",Giulia Guidotti,ACS Sustainable Chemistry & Engineering,2020,10.1021/acssuschemeng.0c02840,OpenAlex,https://pubs.acs.org/doi/pdf/10.1021/acssuschemeng.0c02840
L3,The effects of irradiation on physicochemical characteristics of PET packaging film,Dae Hoon Jeon,Radiation Physics and Chemistry,2003,10.1016/j.radphyschem.2003.10.009,OpenAlex,
L3,Thin film encapsulation for flexible AM-OLED: a review,Jin‐Seong Park,Semiconductor Science and Technology,2011,10.1088/0268-1242/26/3/034001,OpenAlex,https://iopscience.iop.org/article/10.1088/0268-1242/26/3/034001/pdf
L3,Surface characterization of photodegraded poly(ethylene terephthalate). The effect of ultraviolet absorbers,Guilhermino J. M. Fechine,Polymer,2004,10.1016/j.polymer.2004.02.003,OpenAlex,
L3,"Effect of oxygen absorber, nitrogen flushing, packaging material oxygen transmission rate and storage conditions on quality retention of raw whole unpeeled almond kernels (Prunus dulcis)",S.F. Mexis,LWT,2009,10.1016/j.lwt.2009.06.024,OpenAlex,
L3,Pulsed microwave plasma polymerization of silicon oxide ﬁlms: Application of efficient permeation barriers on polyethylene terephthalate,Michael Deilmann,Surface and Coatings Technology,2007,10.1016/j.surfcoat.2007.08.034,OpenAlex,
L3,The Next Generation of Sustainable Food Packaging to Preserve Our Environment in a Circular Economy Context,Valérie Guillard,Frontiers in Nutrition,2018,10.3389/fnut.2018.00121,OpenAlex,https://www.frontiersin.org/articles/10.3389/fnut.2018.00121/pdf
L3,Fabrication of ZnO Nanorods and Nanotubes in Aqueous Solutions,Quanchang Li,Chemistry of Materials,2005,10.1021/cm048144q,OpenAlex,
L3,Water vapor and oxygen permeability of wax films,Greener Donhowe,Journal of the American Oil Chemists Society,1993,10.1007/bf02545345,OpenAlex,
L3,Modifi ed Atmosphere Packaging of Food,Sanjaya K. Dash,Apple Academic Press eBooks,2014,10.1201/b17388-23,OpenAlex,https://api.taylorfrancis.com/content/chapters/edit/download?identifierName=doi&identifierValue=10.1201/b17388-23&type=chapterpdf
L3,Bio-sourced polymers as alternatives to conventional food packaging materials: A review,Saurabh Sid,Trends in Food Science & Technology,2021,10.1016/j.tifs.2021.06.026,OpenAlex,
L3,Physical and Mechanical Characteristics of Gelatin-Based Films as a Potential Food Packaging Material: A Review,Nurul Saadah Said,Membranes,2022,10.3390/membranes12050442,OpenAlex,https://www.mdpi.com/2077-0375/12/5/442/pdf?version=1650374326
L3,"Blend of Polypropylene/Poly(lactic acid) for Medical Packaging Application: Physicochemical, Thermal, Mechanical, and Barrier Properties",Nalin Ploypetchara,Energy Procedia,2014,10.1016/j.egypro.2014.07.150,OpenAlex,https://www.sciencedirect.com/science/article/pii/S1876610214010121/pdf
L3,Applications of biodegradable materials in food packaging: A review,Juan Cheng,Alexandria Engineering Journal,2024,10.1016/j.aej.2024.01.080,OpenAlex,https://doi.org/10.1016/j.aej.2024.01.080
L3,Comparing three techniques to determine the water vapour transmission rates of polymers and barrier films,Karyn L. Jarvis,Surfaces and Interfaces,2017,10.1016/j.surfin.2017.09.009,OpenAlex,https://ars.els-cdn.com/content/image/1-s2.0-S2468023017301062-fx1_lrg.jpg
L3,RENEWABLE FIBERS AND BIO-BASED MATERIALS FOR PACKAGING APPLICATIONS – A REVIEW OF RECENT DEVELOPMENTS,Caisa Johansson,BioResources,2012,10.15376/biores.7.2.2506-2552,OpenAlex,https://bioresources.cnr.ncsu.edu/wp-content/uploads/2016/06/BioRes_07_2_2506_Johansson_BMNPSSVBBA_Renewable_Fib_Material_Packaging_Rev_2438.pdf
L3,Prospect of Polysaccharide-Based Materials as Advanced Food Packaging,Aleksandra Nešić,Molecules,2019,10.3390/molecules25010135,OpenAlex,https://www.mdpi.com/1420-3049/25/1/135/pdf?version=1577792674
L3,Effects of Oxygen and Water Vapor Transmission Rates of Polymeric Pouches on Oxidative Changes of Microwave-Sterilized Mashed Potato,Hongchao Zhang,Food and Bioprocess Technology,2015,10.1007/s11947-015-1628-3,OpenAlex,
L3,QM/MM Study of the Enzymatic Biodegradation Mechanism of Polyethylene Terephthalate,Sergio Boneta,Journal of Chemical Information and Modeling,2021,10.1021/acs.jcim.1c00394,OpenAlex,https://pubs.acs.org/doi/pdf/10.1021/acs.jcim.1c00394
L3,Barrier and mechanical properties of plasticized and cross-linked nanocellulose coatings for paper packaging applications,Martha A. Herrera,Cellulose,2017,10.1007/s10570-017-1405-8,OpenAlex,https://link.springer.com/content/pdf/10.1007/s10570-017-1405-8.pdf
L3,Polysaccharide-Based Membranes in Food Packaging Applications,Ana Rita Ferreira,Membranes,2016,10.3390/membranes6020022,OpenAlex,https://www.mdpi.com/2077-0375/6/2/22/pdf?version=1460536359
L3,"Biobased Poly(ethylene 2,5-furancoate): No Longer an Alternative, but an Irreplaceable Polyester in the Polymer Industry",Xuan Fei,ACS Sustainable Chemistry & Engineering,2020,10.1021/acssuschemeng.0c01862,OpenAlex,
L3,Erythritol-based polyester loose nanofiltration membrane with fast water transport for efficient dye/salt separation,Pengrui Jin,Chemical Engineering Journal,2020,10.1016/j.cej.2020.126796,OpenAlex,http://hdl.handle.net/2078.1/241595
L3,"Progresses in Food Packaging, Food Quality, and Safety—Controlled-Release Antioxidant and/or Antimicrobial Packaging",Cornelia Vasile,Molecules,2021,10.3390/molecules26051263,OpenAlex,https://www.mdpi.com/1420-3049/26/5/1263/pdf?version=1614671652
L3,Aluminum oxide barrier coatings on polymer films for food packaging applications,C. Struller,Surface and Coatings Technology,2013,10.1016/j.surfcoat.2013.08.011,OpenAlex,https://e-space.mmu.ac.uk/600586/1/Manuscript%20Struller%20SCT.pdf
L3,FDG PET and PET/CT: EANM procedure guidelines for tumour PET imaging: version 1.0,Ronald Boellaard,European Journal of Nuclear Medicine and Molecular Imaging,2009,10.1007/s00259-009-1297-4,OpenAlex,https://link.springer.com/content/pdf/10.1007/s00259-009-1297-4.pdf
L3,Consumer Considerations for the Implementation of Sustainable Packaging: A Review,Ziynet Boz,Sustainability,2020,10.3390/su12062192,OpenAlex,https://www.mdpi.com/2071-1050/12/6/2192/pdf
L3,Engineering Multifunctional Capsules through the Assembly of Metal–Phenolic Networks,Junling Guo,Angewandte Chemie International Edition,2014,10.1002/anie.201311136,OpenAlex,http://hdl.handle.net/11343/115252
L3,"Influence of flavour absorption on oxygen permeation through LDPE, PP, PC and PET plastics food packaging",R.W.G. van Willige,Food Additives & Contaminants,2002,10.1080/02652030110081146,OpenAlex,https://research.wur.nl/en/publications/influence-of-flavour-absorption-on-oxygen-permentation-through-ld
L3,Sustainable biodegradable coatings for food packaging: challenges and opportunities,Fatemeh Jahangiri,Green Chemistry,2024,10.1039/d3gc02647g,OpenAlex,https://pubs.rsc.org/en/content/articlepdf/2024/gc/d3gc02647g
L3,Oxygen barrier of multilayer thin films comprised of polysaccharides and clay,Galina Laufer,Carbohydrate Polymers,2013,10.1016/j.carbpol.2013.02.048,OpenAlex,
L3,Barrier and structural properties of polyethylene terephthalate film coated with poly(acrylic acid)/montmorillonite nanocomposites,Ji Woo Lim,Packaging Technology and Science,2020,10.1002/pts.2547,OpenAlex,
L3,Characterization of silicon oxynitride gas barrier films,Satoru Iwamori,Vacuum,2002,10.1016/s0042-207x(02)00294-4,OpenAlex,
L3,Sustainability in e-commerce packaging: A review,Sílvia Escursell,Journal of Cleaner Production,2020,10.1016/j.jclepro.2020.124314,OpenAlex,https://upcommons.upc.edu/bitstream/2117/330157/3/Sustainability%2bin%2be-commerce%2bpackaging_A%2breview_Clean.pdf
L3,PET and aluminum recycling from multilayer food packaging using supercritical ethanol,Sílvia Luciana Fávaro,The Journal of Supercritical Fluids,2012,10.1016/j.supflu.2012.12.015,OpenAlex,
L3,Antimicrobial edible films in food packaging: Current scenario and recent nanotechnological advancements- a review,Rekha Chawla,Carbohydrate Polymer Technologies and Applications,2020,10.1016/j.carpta.2020.100024,OpenAlex,https://www.sciencedirect.com/science/article/pii/S2666893920300244/pdf
L3,Packaging related properties of commercially available biopolymers – An overview of the status quo,Verena Jost,eXPRESS Polymer Letters,2018,10.3144/expresspolymlett.2018.36,OpenAlex,https://doi.org/10.3144/expresspolymlett.2018.36
L3,Production of a sustainable paving material through chemical recycling of waste PET into crumb rubber modified asphalt,Zhen Leng,Journal of Cleaner Production,2018,10.1016/j.jclepro.2018.01.171,OpenAlex,http://ira.lib.polyu.edu.hk/bitstream/10397/101230/1/Leng_Production_Sustainable_Paving.pdf
L3,Sustainable and Bio-Based Food Packaging: A Review on Past and Current Design Innovations,Florencia Versino,Foods,2023,10.3390/foods12051057,OpenAlex,https://www.mdpi.com/2304-8158/12/5/1057/pdf?version=1677731922
L3,Hydrogenated amorphous carbon film coating of PET bottles for gas diffusion barriers,Naïma Boutroy,Diamond and Related Materials,2006,10.1016/j.diamond.2005.10.049,OpenAlex,
L3,Migration from Food Packaging Containing a Functional Barrier: Mathematical and Experimental Evaluation,O. Piringer,Journal of Agricultural and Food Chemistry,1998,10.1021/jf970771v,OpenAlex,
L3,Fracture Mechanics and Oxygen Gas Barrier Properties of Al2O3/ZnO Nanolaminates on PET Deposited by Atomic Layer Deposition,Vipin Chawla,Nanomaterials,2019,10.3390/nano9010088,MDPI,https://www.mdpi.com/2079-4991/9/1/88/pdf?version=1547536404
L3,"Migration of Chemical Compounds from Packaging Materials into Packaged Foods: Interaction, Mechanism, Assessment, and Regulations",Rakesh Kumar Gupta,Foods,2024,10.3390/foods13193125,MDPI,https://www.mdpi.com/2304-8158/13/19/3125/pdf
L3,Oxygen Barrier Performance of Poly(vinyl alcohol) Coating Films with Different Induced Crystallinity and Model Predictions,Alamin Idris,Coatings,2021,10.3390/coatings11101253,MDPI,https://www.mdpi.com/2079-6412/11/10/1253/pdf?version=1634289512
L3,A Comprehensive Review of Biodegradable Polymer-Based Films and Coatings and Their Food Packaging Applications,Vatsla Gupta,Materials,2022,10.3390/ma15175899,MDPI,https://www.mdpi.com/1996-1944/15/17/5899/pdf?version=1662438329
L3,A Review on Antimicrobial Packaging for Extending the Shelf Life of Food,Tobi Fadiji,Processes,2023,10.3390/pr11020590,MDPI,https://www.mdpi.com/2227-9717/11/2/590/pdf?version=1676452442
L3,Mechanical Properties of Protein-Based Food Packaging Materials,Yasir Abbas Shah,Polymers,2023,10.3390/polym15071724,MDPI,https://www.mdpi.com/2073-4360/15/7/1724/pdf?version=1680194973
L3,Phenolic Compounds in Active Packaging and Edible Films/Coatings: Natural Bioactive Molecules and Novel Packaging Ingredients,Ajit Kumar Singh,Molecules,2022,10.3390/molecules27217513,MDPI,https://www.mdpi.com/1420-3049/27/21/7513/pdf?version=1667468358
L3,Recent Developments in Food Packaging Based on Nanomaterials,Yukun Huang,Nanomaterials,2018,10.3390/nano8100830,MDPI,https://www.mdpi.com/2079-4991/8/10/830/pdf?version=1539424192
L3,Polymeric Antimicrobial Food Packaging and Its Applications,Tianqi Huang,Polymers,2019,10.3390/polym11030560,MDPI,https://www.mdpi.com/2073-4360/11/3/560/pdf?version=1553503131
L3,Nanocellulose Composite Films in Food Packaging Materials: A Review,Yanting Xu,Polymers,2024,10.3390/polym16030423,MDPI,https://www.mdpi.com/2073-4360/16/3/423/pdf?version=1706880174
L3,Current Research and Applications of Starch-Based Biodegradable Films for Food Packaging,Helen Onyeaka,Polymers,2022,10.3390/polym14061126,MDPI,https://www.mdpi.com/2073-4360/14/6/1126/pdf?version=1646992770
L3,Chitosan Composites in Packaging Industry—Current Trends and Future Challenges,Victor Gomes Lauriano Souza,Polymers,2020,10.3390/polym12020417,MDPI,https://www.mdpi.com/2073-4360/12/2/417/pdf?version=1582893055
L3,Green Packaging from Consumer and Business Perspectives,Gonzalo Wandosell Fernández de Bobadilla,Sustainability,2021,10.3390/su13031356,MDPI,https://www.mdpi.com/2071-1050/13/3/1356/pdf?version=1611899563
L3,Advancements in Biodegradable Active Films for Food Packaging: Effects of Nano/Microcapsule Incorporation,Fatemeh Baghi,Foods,2022,10.3390/foods11050760,MDPI,https://www.mdpi.com/2304-8158/11/5/760/pdf?version=1646645987
L3,Active Packaging Coatings,Luis J. Bastarrachea,Coatings,2015,10.3390/coatings5040771,MDPI,https://www.mdpi.com/2079-6412/5/4/771/pdf?version=1465471987
L3,Manufacturing of Food Packaging Based on Nanocellulose: Current Advances and Challenges,Ghislain Fotie,Nanomaterials,2020,10.3390/nano10091726,MDPI,https://www.mdpi.com/2079-4991/10/9/1726/pdf?version=1598876656
L3,Characterization and Antimicrobial Activity of Biodegradable Active Packaging Enriched with Clove and Thyme Essential Oil for Food Packaging Application,Shubham Sharma,Foods,2020,10.3390/foods9081117,MDPI,https://www.mdpi.com/2304-8158/9/8/1117/pdf?version=1597316676
L3,Antimicrobial Activities of Starch-Based Biopolymers and Biocomposites Incorporated with Plant Essential Oils: A Review,R. M. O. Syafiq,Polymers,2020,10.3390/polym12102403,MDPI,https://www.mdpi.com/2073-4360/12/10/2403/pdf
L3,Poly(Lactic Acid)/ZnO Bionanocomposite Films with Positively Charged ZnO as Potential Antimicrobial Food Packaging Materials,In‐Soo Kim,Polymers,2019,10.3390/polym11091427,MDPI,https://www.mdpi.com/2073-4360/11/9/1427/pdf?version=1567668517
L3,Biodegradable Alginate Films with ZnO Nanoparticles and Citronella Essential Oil—A Novel Antimicrobial Structure,Ludmila Motelică,Pharmaceutics,2021,10.3390/pharmaceutics13071020,MDPI,https://www.mdpi.com/1999-4923/13/7/1020/pdf?version=1626054330
L3,Fruit Quality Monitoring with Smart Packaging,Arif Ul Alam,Sensors,2021,10.3390/s21041509,MDPI,https://www.mdpi.com/1424-8220/21/4/1509/pdf?version=1614131874
L3,Innovations in Food Packaging: From Bio-Based Materials to Smart Packaging Systems,Alan Portal D’Almeida,Processes,2024,10.3390/pr12102085,MDPI,https://www.mdpi.com/2227-9717/12/10/2085/pdf?version=1729847723
L3,Comprehensive Review of Polysaccharide-Based Materials in Edible Packaging: A Sustainable Approach,Yuan Zhao,Foods,2021,10.3390/foods10081845,MDPI,https://www.mdpi.com/2304-8158/10/8/1845/pdf?version=1628761479
L3,A Comparative Life Cycle Assessment of Meat Trays Made of Various Packaging Materials,Daniel Maga,Sustainability,2019,10.3390/su11195324,MDPI,https://www.mdpi.com/2071-1050/11/19/5324/pdf?version=1569831898
L3,Overview of the Cast Polyolefin Film Extrusion Technology for Multi-Layer Packaging Applications,Damian Dziadowiec,Materials,2023,10.3390/ma16031071,MDPI,https://www.mdpi.com/1996-1944/16/3/1071/pdf?version=1675759899
L3,State of the Art in the Development and Properties of Protein-Based Films and Coatings and Their Applicability to Cellulose Based Products: An Extensive Review,Maria‐Beatrice Coltelli,Coatings,2015,10.3390/coatings6010001,MDPI,https://www.mdpi.com/2079-6412/6/1/1/pdf?version=1451567003
L3,A Review on Biopolymer-Based Biodegradable Film for Food Packaging: Trends over the Last Decade and Future Research,Andi Dirpan,Polymers,2023,10.3390/polym15132781,MDPI,https://www.mdpi.com/2073-4360/15/13/2781/pdf?version=1687438950
L3,The Influence of Starch Origin on the Properties of Starch Films: Packaging Performance,Zuzanna Żołek‐Tryznowska,Materials,2021,10.3390/ma14051146,MDPI,https://www.mdpi.com/1996-1944/14/5/1146/pdf?version=1614826770
L3,Sustainable and Eco-Friendly Packaging Films Based on Poly (Vinyl Alcohol) and Glass Flakes,Iftikhar Ahmed Channa,Membranes,2022,10.3390/membranes12070701,MDPI,https://www.mdpi.com/2077-0375/12/7/701/pdf?version=1657701378
L3,"Natural Polymers Used in Edible Food Packaging—History, Function and Application Trends as a Sustainable Alternative to Synthetic Plastic",Bárbara Elisabeth Teixeira-Costa,Polysaccharides,2021,10.3390/polysaccharides3010002,MDPI,https://www.mdpi.com/2673-4176/3/1/2/pdf?version=1640825481
L3,Natural and Synthetic Polymers for Biomedical and Environmental Applications,Galina Satchanska,Polymers,2024,10.3390/polym16081159,MDPI,https://www.mdpi.com/2073-4360/16/8/1159/pdf?version=1713601608
L3,Progress in Starch-Based Materials for Food Packaging Applications,Lucia García-Guzmán,Polysaccharides,2022,10.3390/polysaccharides3010007,MDPI,https://www.mdpi.com/2673-4176/3/1/7/pdf?version=1642586885
L3,Assessing the Environmental Sustainability of Food Packaging: An Extended Life Cycle Assessment including Packaging-Related Food Losses and Waste and Circularity Assessment,Erik Pauer,Sustainability,2019,10.3390/su11030925,MDPI,https://www.mdpi.com/2071-1050/11/3/925/pdf?version=1549956958
L3,Active Flexible Films for Food Packaging: A Review,Gabriela Azevedo,Polymers,2022,10.3390/polym14122442,MDPI,https://www.mdpi.com/2073-4360/14/12/2442/pdf?version=1655879805
L3,Disposable Food Packaging and Serving Materials—Trends and Biodegradability,Katarzyna Dybka-Stępień,Polymers,2021,10.3390/polym13203606,MDPI,https://www.mdpi.com/2073-4360/13/20/3606/pdf?version=1634725942
L3,Encapsulation Systems for Antimicrobial Food Packaging Components: An Update,Raquel Becerril,Molecules,2020,10.3390/molecules25051134,MDPI,https://www.mdpi.com/1420-3049/25/5/1134/pdf?version=1583843480
L3,Effect of PVOH/PLA + Wax Coatings on Physical and Functional Properties of Biodegradable Food Packaging Films,Annalisa Apicella,Polymers,2022,10.3390/polym14050935,MDPI,https://www.mdpi.com/2073-4360/14/5/935/pdf?version=1646122798
L3,Bio-Based Sensors for Smart Food Packaging—Current Applications and Future Trends,Carolina Rodrigues,Sensors,2021,10.3390/s21062148,MDPI,https://www.mdpi.com/1424-8220/21/6/2148/pdf?version=1616148576
L3,Valorization and Application of Fruit and Vegetable Wastes and By-Products for Food Packaging Materials,Banu Bayram,Molecules,2021,10.3390/molecules26134031,MDPI,https://www.mdpi.com/1420-3049/26/13/4031/pdf?version=1625128660
L3,Recycling of Post-Consumer Packaging Materials into New Food Packaging Applications—Critical Review of the European Approach and Future Perspectives,Roland Franz,Sustainability,2022,10.3390/su14020824,MDPI,https://www.mdpi.com/2071-1050/14/2/824/pdf?version=1641983035
L3,Study of Structure and Permeability Relationship of Flavonoids in Caco-2 Cells,Yajing Fang,Nutrients,2017,10.3390/nu9121301,MDPI,https://www.mdpi.com/2072-6643/9/12/1301/pdf?version=1512024220
L3,Functionality and Applicability of Starch-Based Films: An Eco-Friendly Approach,Sneh Punia Bangar,Foods,2021,10.3390/foods10092181,MDPI,https://www.mdpi.com/2304-8158/10/9/2181/pdf?version=1631847848
L3,The Emergence of Edible and Food-Application Coatings for Food Packaging: A Review,Luk Jun Lam Iversen,Molecules,2022,10.3390/molecules27175604,MDPI,https://www.mdpi.com/1420-3049/27/17/5604/pdf?version=1661932086
L3,Prospects for Recyclable Multilayer Packaging: A Case Study,Martina Seier,Polymers,2023,10.3390/polym15132966,MDPI,https://www.mdpi.com/2073-4360/15/13/2966/pdf?version=1688646199
L3,Cosmetic Packaging to Save the Environment: Future Perspectives,Patrizia Cinelli,Cosmetics,2019,10.3390/cosmetics6020026,MDPI,https://www.mdpi.com/2079-9284/6/2/26/pdf?version=1555314412
L3,Cold Plasma Technology in Food Packaging,Kalpani Y. Perera,Coatings,2022,10.3390/coatings12121896,MDPI,https://www.mdpi.com/2079-6412/12/12/1896/pdf?version=1670481360
L3,Cyclodextrin-Enabled Polymer Composites for Packaging,Lajos Szente,Molecules,2018,10.3390/molecules23071556,MDPI,https://www.mdpi.com/1420-3049/23/7/1556/pdf?version=1530095291
L3,"Active PLA Packaging Films: Effect of Processing and the Addition of Natural Antimicrobials and Antioxidants on Physical Properties, Release Kinetics, and Compostability",Adrián Rojas,Antioxidants,2021,10.3390/antiox10121976,MDPI,https://www.mdpi.com/2076-3921/10/12/1976/pdf?version=1639195084
L3,Antimicrobial Compounds in Food Packaging,Aleksandra Duda‐Chodak,International Journal of Molecular Sciences,2023,10.3390/ijms24032457,MDPI,https://www.mdpi.com/1422-0067/24/3/2457/pdf?version=1675846205
L3,Multi-Shaded Edible Films Based on Gelatin and Starch for the Packaging Applications,Iftikhar Ahmed Channa,Polymers,2022,10.3390/polym14225020,MDPI,https://www.mdpi.com/2073-4360/14/22/5020/pdf?version=1669276281
L3,Effect of Cold Plasma Treatment on the Packaging Properties of Biopolymer-Based Films: A Review,Monjurul Hoque,Applied Sciences,2022,10.3390/app12031346,MDPI,https://www.mdpi.com/2076-3417/12/3/1346/pdf?version=1643348726
L3,Natural Antimicrobials as Additives for Edible Food Packaging Applications: A Review,Sneh Punia Bangar,Foods,2021,10.3390/foods10102282,MDPI,https://www.mdpi.com/2304-8158/10/10/2282/pdf?version=1632823509
L3,Antimicrobial Food Packaging with Biodegradable Polymers and Bacteriocins,Małgorzata Gumienna,Molecules,2021,10.3390/molecules26123735,MDPI,https://www.mdpi.com/1420-3049/26/12/3735/pdf?version=1628503860
L3,Design of Polymeric Films for Antioxidant Active Food Packaging,Wing‐Fu Lai,International Journal of Molecular Sciences,2021,10.3390/ijms23010012,MDPI,https://www.mdpi.com/1422-0067/23/1/12/pdf?version=1640083925
L3,Research Progress of Polyvinyl Alcohol Water-Resistant Film Materials,Baodong Liu,Membranes,2022,10.3390/membranes12030347,MDPI,https://www.mdpi.com/2077-0375/12/3/347/pdf?version=1647851635
L3,Superhydrophobic Bio-Coating Made by Co-Continuous Electrospinning and Electrospraying on Polyethylene Terephthalate Films Proposed as Easy Emptying Transparent Food Packaging,Maria Pardo‐Figuerez,Coatings,2018,10.3390/coatings8100364,MDPI,https://www.mdpi.com/2079-6412/8/10/364/pdf?version=1539683658
L3,Barriers and Enablers to Buying Biodegradable and Compostable Plastic Packaging,Ayşe Lisa Allison,Sustainability,2021,10.3390/su13031463,MDPI,https://www.mdpi.com/2071-1050/13/3/1463/pdf?version=1612346251
L3,The Impact Packaging Type Has on the Flavor of Wine,Katherine A. Thompson‐Witrick,Beverages,2021,10.3390/beverages7020036,MDPI,https://www.mdpi.com/2306-5710/7/2/36/pdf?version=1623055044
L3,Bacterial Nanocellulose—A Biobased Polymer for Active and Intelligent Food Packaging Applications: Recent Advances and Developments,Karolina Ludwicka,Polymers,2020,10.3390/polym12102209,MDPI,https://www.mdpi.com/2073-4360/12/10/2209/pdf
L3,New Trends in Beverage Packaging Systems: A Review,Marina Ramos,Beverages,2015,10.3390/beverages1040248,MDPI,https://www.mdpi.com/2306-5710/1/4/248/pdf?version=1444441451
L3,Packaging-Related Food Losses and Waste: An Overview of Drivers and Issues,Bernhard Wohner,Sustainability,2019,10.3390/su11010264,MDPI,https://www.mdpi.com/2071-1050/11/1/264/pdf?version=1546933966
L3,Renovation of Agro-Waste for Sustainable Food Packaging: A Review,Sandhya Alice Varghese,Polymers,2023,10.3390/polym15030648,MDPI,https://www.mdpi.com/2073-4360/15/3/648/pdf?version=1674804653
L3,"Biodegradable Packaging from Agricultural Wastes: A Comprehensive Review of Processing Techniques, Material Properties, and Future Prospects",Bekzhan D. Kossalbayev,Polymers,2025,10.3390/polym17162224,MDPI,https://www.mdpi.com/2073-4360/17/16/2224/pdf?version=1755250072
L3,An Overview of Advanced Antimicrobial Food Packaging: Emphasizing Antimicrobial Agents and Polymer-Based Films,Punita Upadhyay,Polymers,2024,10.3390/polym16142007,MDPI,https://www.mdpi.com/2073-4360/16/14/2007/pdf?version=1720858790
L3,Recent Applications of Biopolymers Derived from Fish Industry Waste in Food Packaging,Francesca Lionetto,Polymers,2021,10.3390/polym13142337,MDPI,https://www.mdpi.com/2073-4360/13/14/2337/pdf?version=1626669868
L3,"Aloe vera/Chitosan-Based Edible Film with Enhanced Antioxidant, Antimicrobial, Thermal, and Barrier Properties for Sustainable Food Preservation",Navjot Kaur,Polymers,2024,10.3390/polym16020242,MDPI,https://www.mdpi.com/2073-4360/16/2/242/pdf?version=1705316198
L3,"Nanotechnology in Packaging for Food Industry: Past, Present, and Future",Marcos Silva de Sousa,Coatings,2023,10.3390/coatings13081411,MDPI,https://www.mdpi.com/2079-6412/13/8/1411/pdf?version=1691742156
L3,Development and Characterization of Bioactive Poly(butylene-succinate) Films Modified with Quercetin for Food Packaging Applications,Łukasz Łopusiewicz,Polymers,2021,10.3390/polym13111798,MDPI,https://www.mdpi.com/2073-4360/13/11/1798/pdf?version=1622546968
L3,"Approaches in Sustainable, Biobased Multilayer Packaging Solutions",Kristina Eißenberger,Polymers,2023,10.3390/polym15051184,MDPI,https://www.mdpi.com/2073-4360/15/5/1184/pdf?version=1677634124
L3,Changes in the Chemical Composition of Polyethylene Terephthalate under UV Radiation in Various Environmental Conditions,Sara Rostampour,Polymers,2024,10.3390/polym16162249,MDPI,https://doi.org/10.3390/polym16162249
L3,Multilayer Packaging in a Circular Economy,Jannick Schmidt,Polymers,2022,10.3390/polym14091825,MDPI,https://www.mdpi.com/2073-4360/14/9/1825/pdf?version=1652256643
L3,Recent Advances in Bioplastics: Application and Biodegradation,Tanja Narančić,Polymers,2020,10.3390/polym12040920,MDPI,https://www.mdpi.com/2073-4360/12/4/920/pdf?version=1587031532
L3,Compostable Polylactide and Cellulose Based Packaging for Fresh-Cut Cherry Tomatoes: Performance Evaluation and Influence of Sterilization Treatment,Marco Rapisarda,Materials,2020,10.3390/ma13153432,MDPI,https://www.mdpi.com/1996-1944/13/15/3432/pdf?version=1596682807
L3,"Incorporation of Natural Blueberry, Red Grapes and Parsley Extract By-Products into the Production of Chitosan Edible Films",Simona Dordević,Polymers,2021,10.3390/polym13193388,MDPI,https://www.mdpi.com/2073-4360/13/19/3388/pdf?version=1633924854
L3,Development of a Water Transmission Rate (WTR) Measurement System for Implantable Barrier Coatings,Sébastien Buchwalder,Polymers,2023,10.3390/polym15112557,MDPI,https://www.mdpi.com/2073-4360/15/11/2557/pdf?version=1685676814
L3,Cucumis metuliferus Fruit Extract Loaded Acetate Cellulose Coatings for Antioxidant Active Packaging,Marina P. Arrieta,Polymers,2020,10.3390/polym12061248,MDPI,https://www.mdpi.com/2073-4360/12/6/1248/pdf?version=1592790829
L3,Functionalization of Polyethylene (PE) and Polypropylene (PP) Material Using Chitosan Nanoparticles with Incorporated Resveratrol as Potential Active Packaging,Tjaša Kraševac Glaser,Materials,2019,10.3390/ma12132118,MDPI,https://www.mdpi.com/1996-1944/12/13/2118/pdf?version=1561971794
L3,Production of Polyhydroxyalkanoates for Biodegradable Food Packaging Applications Using Haloferax mediterranei and Agrifood Wastes,Lorena Atarés,Foods,2024,10.3390/foods13060950,MDPI,https://www.mdpi.com/2304-8158/13/6/950/pdf?version=1711010746
L3,Compatibilization of Starch/Synthetic Biodegradable Polymer Blends for Packaging Applications: A Review,Oneesha H. P. Gunawardene,Journal of Composites Science,2021,10.3390/jcs5110300,MDPI,https://www.mdpi.com/2504-477X/5/11/300/pdf?version=1637214897
L3,"Biodegradable Packaging Materials for Foods Preservation: Sources, Advantages, Limitations, and Future Perspectives",Andreas Panou,Coatings,2023,10.3390/coatings13071176,MDPI,https://www.mdpi.com/2079-6412/13/7/1176/pdf?version=1688098211
L3,Antimicrobial Performance of Two Different Packaging Materials on the Microbiological Quality of Fresh Salmon,Manuela Rollini,Coatings,2016,10.3390/coatings6010006,MDPI,https://www.mdpi.com/2079-6412/6/1/6/pdf?version=1453882207
L3,Enhancement of Gas Barrier Properties and Durability of Poly(butylene succinate-co-butylene adipate)-Based Nanocomposites for Food Packaging Applications,Astrid E. Delorme,Nanomaterials,2022,10.3390/nano12060978,MDPI,https://www.mdpi.com/2079-4991/12/6/978/pdf?version=1647426003
L3,Functionalized Polymeric Materials with Bio-Derived Antimicrobial Peptides for “Active” Packaging,Bruna Agrillo,International Journal of Molecular Sciences,2019,10.3390/ijms20030601,MDPI,https://www.mdpi.com/1422-0067/20/3/601/pdf?version=1548838416
L3,Development of Pomegranate Peel Extract and Nano ZnO Co-Reinforced Polylactic Acid Film for Active Food Packaging,Lu Dai,Membranes,2022,10.3390/membranes12111108,MDPI,https://www.mdpi.com/2077-0375/12/11/1108/pdf?version=1667728945
L3,Starch-Based Coatings for Preservation of Fruits and Vegetables,Mayra Sapper,Coatings,2018,10.3390/coatings8050152,MDPI,https://www.mdpi.com/2079-6412/8/5/152/pdf?version=1525349661
L3,Active Edible Packaging,Cássia H. Barbosa,Encyclopedia,2021,10.3390/encyclopedia1020030,MDPI,https://www.mdpi.com/2673-8392/1/2/30/pdf?version=1618310079
L3,Development of a Sodium Alginate-Based Active Package with Controlled Release of Cinnamaldehyde Loaded on Halloysite Nanotubes,Rui Cui,Foods,2021,10.3390/foods10061150,MDPI,https://www.mdpi.com/2304-8158/10/6/1150/pdf?version=1621572145
L3,Recent Advances in the Fabrication of Intelligent Packaging for Food Preservation: A Review,Tshamisane Mkhari,Processes,2025,10.3390/pr13020539,MDPI,https://www.mdpi.com/2227-9717/13/2/539/pdf?version=1739529487
L3,Coffee By-Products and Their Suitability for Developing Active Food Packaging Materials,Gonçalo Oliveira,Foods,2021,10.3390/foods10030683,MDPI,https://www.mdpi.com/2304-8158/10/3/683/pdf?version=1616497636
L3,"Preparation and Characterization of Degradable Cellulose−Based Paper with Superhydrophobic, Antibacterial, and Barrier Properties for Food Packaging",Xiaofan Jiang,International Journal of Molecular Sciences,2022,10.3390/ijms231911158,MDPI,https://www.mdpi.com/1422-0067/23/19/11158/pdf?version=1663909973
L3,Electrospun Oxygen Scavenging Films of Poly(3-hydroxybutyrate) Containing Palladium Nanoparticles for Active Packaging Applications,Adriane Cherpinski,Nanomaterials,2018,10.3390/nano8070469,MDPI,https://www.mdpi.com/2079-4991/8/7/469/pdf?version=1530084406
L3,"Structure, Morphology, and Permeability of Cellulose Films",Igor Makarov,Membranes,2022,10.3390/membranes12030297,MDPI,https://www.mdpi.com/2077-0375/12/3/297/pdf?version=1646627583
L3,Metal Oxide Nanostructures in Food Applications: Quality Control and Packaging,Vardan Galstyan,Chemosensors,2018,10.3390/chemosensors6020016,MDPI,https://www.mdpi.com/2227-9040/6/2/16/pdf?version=1525348516
L3,Purification of Arabinoxylans from Corn Fiber and Preparation of Bioactive Films for Food Packaging,Maria da Conceição de Albuquerque Cordeiro Serra,Membranes,2020,10.3390/membranes10050095,MDPI,https://www.mdpi.com/2077-0375/10/5/95/pdf?version=1589199759
L3,The Key to Solving Plastic Packaging Wastes: Design for Recycling and Recycling Technology,Qian Ding,Polymers,2023,10.3390/polym15061485,MDPI,https://doi.org/10.3390/polym15061485
L3,High-Throughput Fabrication of Antibacterial Starch/PBAT/AgNPs@SiO2 Films for Food Packaging,Shengxue Zhou,Nanomaterials,2021,10.3390/nano11113062,MDPI,https://www.mdpi.com/2079-4991/11/11/3062/pdf?version=1636879200
L3,New Trends in Meat Packaging,Beniamino T. Cenci‐Goga,Microbiology Research,2020,10.3390/microbiolres11020010,MDPI,https://www.mdpi.com/2036-7481/11/2/10/pdf?version=1608529225
L3,Edible Packaging: A Technological Update for the Sustainable Future of the Food Industry,S. Nair,Applied Sciences,2023,10.3390/app13148234,MDPI,https://www.mdpi.com/2076-3417/13/14/8234/pdf?version=1689567923
L3,"Structure, Properties, and Recent Developments in Polysaccharide- and Aliphatic Polyester-Based Packaging—A Review",Wasana N. Marasinghe,Journal of Composites Science,2024,10.3390/jcs8030114,MDPI,https://www.mdpi.com/2504-477X/8/3/114/pdf?version=1711026106
L3,Biodegradable Packaging Materials from Animal Processing Co-Products and Wastes: An Overview,Diako Khodaei,Polymers,2021,10.3390/polym13152561,MDPI,https://www.mdpi.com/2073-4360/13/15/2561/pdf?version=1628039230
L3,Edible Coatings as a Natural Packaging System to Improve Fruit and Vegetable Shelf Life and Quality,Ana Perez-Vazquez,Foods,2023,10.3390/foods12193570,MDPI,https://doi.org/10.3390/foods12193570
L3,Active Food Packaging Made of Biopolymer-Based Composites,Xuanjun Hu,Materials,2022,10.3390/ma16010279,MDPI,https://www.mdpi.com/1996-1944/16/1/279/pdf?version=1672208503
L3,Performance of Poly(lactic acid) Surface Modified Films for Food Packaging Application,Valentina Siracusa,Materials,2017,10.3390/ma10080850,MDPI,https://www.mdpi.com/1996-1944/10/8/850/pdf?version=1500980686
L3,Technical Limits in Circularity for Plastic Packages,M.T. Brouwer,Sustainability,2020,10.3390/su122310021,MDPI,https://www.mdpi.com/2071-1050/12/23/10021/pdf?version=1607650413
L3,"Polysaccharides: Sources, Characteristics, Properties, and Their Application in Biodegradable Films",Elsa Díaz‐Montes,Polysaccharides,2022,10.3390/polysaccharides3030029,MDPI,https://www.mdpi.com/2673-4176/3/3/29/pdf?version=1656322574
L3,"Obtention and Study of Polyurethane-Based Active Packaging with Curcumin and/or Chitosan Additives for Fruits and Vegetables—Part I: Analysis of Morphological, Mechanical, Barrier, and Migration Properties",David Ruiz,Polymers,2023,10.3390/polym15224456,MDPI,https://www.mdpi.com/2073-4360/15/22/4456/pdf?version=1700287538
L3,Eco-Friendly Poly (Butylene Adipate-co-Terephthalate) Coated Bi-Layered Films: An Approach to Enhance Mechanical and Barrier Properties,Raja Venkatesan,Polymers,2024,10.3390/polym16091283,MDPI,https://doi.org/10.3390/polym16091283
L3,"Synthesis, Characterization, and Optimization Studies of Starch/Chicken Gelatin Composites for Food-Packaging Applications",Jorge Iván Castro,Molecules,2022,10.3390/molecules27072264,MDPI,https://www.mdpi.com/1420-3049/27/7/2264/pdf?version=1648712648
L3,"Incorporation of Poly(ethylene 2,5-furanoate) into Poly(butylene adipate-co-terephthalate) toward Sustainable Food Packaging Films with Enhanced Strength and Barrier Properties",Desconocido,No disponible,,10.1021/acssuschemeng.2c05221.s001,Crossref,
L3,Wax-like poly(butylene adipate-co-terephthalate) (PBAT) coatings for recyclable and biodegradable high-barrier paper packaging,Majma Kunnath,No disponible,,10.2139/ssrn.7070431,Crossref,
L3,Wax-like poly(butylene adipate-co-terephthalate) (PBAT) coatings for recyclable and biodegradable high-barrier paper packaging,Majma Kunnath,No disponible,,10.2139/ssrn.7267756,Crossref,
L3,Identification of Water Vapour Transmission Rate (WVTR) of Aluminum Foil Packaging Barrier using The Gravimetric Testing Method,Syafira Syafira,Jurnal Ilmiah Publipreneur,2020,10.46961/jip.v6i1.80,Crossref,https://ojs2.polimedia.ac.id/index.php/JIP/article/viewFile/80/44
L3,Fabrication of Poly(-caprolactone)-Based Biodegradable Packaging Materials with High Water Vapor Barrier Property,Desconocido,No disponible,,10.1021/acs.iecr.0c05311.s001,Crossref,
L3,Gas and Vapour Barrier Technology for Gas Barrier Film Development,Shuichi Sato,Gas and Vapour Barrier Technology for Gas Barrier Film Development,2025,10.1201/9780367694265-eppmpt110-1,Crossref,
L3,Gas and Vapour Barrier Technology for Gas Barrier Film Development,Desconocido,No disponible,2025,10.1201/9780367694265-eppmpt110-0,Crossref,
L3,The Development of Barrier Coatings for Paperboard Packaging with Low Water Vapour Transmission Rates,Desconocido,No disponible,,10.26686/wgtn.22756673,Crossref,
L3,Oxygen and water vapor transmission rates of starch-poly(vinyl alcohol) barrier coatings for flexible packaging paper,Hanna Christophliemk,Progress in Organic Coatings,2017,10.1016/j.porgcoat.2017.04.019,Crossref,
L3,Hydrogen permeation barrier – Recognition of defective barrier film from transient permeation rate,Bojan Zajec,International Journal of Hydrogen Energy,2011,10.1016/j.ijhydene.2011.03.068,Crossref,
L3,DEVELOPMENT OF POLYLACTIC ACID–WHEY PROTEIN ISOLATE FILM AS NOVEL OXYGEN BARRIER PACKAGING FILM,Desconocido,No disponible,,10.58837/chula.the.2014.1006,Crossref,
L3,Phosphonated Poly(ethylene terephthalate) Ionomers as Compatibilizers in Polyester/Polyamide Blends for Packaging Applications,Lin Ju,No disponible,,10.31224/osf.io/4397a,Crossref,
L3,Effects of In-situ Plasma Treatment on Water-vapor Permeation Barrier Properties Al2O3 Film Prepared by Plasma-enhanced Chemical Vapor Deposition,Cheol Young Park,No disponible,,10.21203/rs.3.rs-6408837/v1,Crossref,
L3,Generation of O2Permeation Barrier during the Gamma-Irradiation of Polyethylene/Ethylene-Vinyl Alcohol/Polyethylene Multilayer Film,Desconocido,No disponible,,10.1021/acs.iecr.9b02145.s001,Crossref,
L3,Environmental Evaluation of Protein Based Oxygen High Barrier Film Using Life Cycle Assessment,Desconocido,KOREAN JOURNAL OF PACKAGING SCIENCE AND TECHNOLOGY,2019,10.20909/kopast.2019.25.1.1,Crossref,
L3,Oxygen barrier thin-film coatings for food packaging: modified PVOH with enhanced water resilience,Ffyon Moody,No disponible,,10.2139/ssrn.6137647,Crossref,
L3,Biodegradable and Transparent Water and Oxygen Barrier Multilayer Film,Desconocido,No disponible,,10.1021/acsapm.4c01994.s001,Crossref,
L3,Biodegradable packaging and gas barrier mechanism,Mohammad Mehdizadeh,Polymer-Based Nanostructured Barrier Materials,2026,10.1016/b978-0-323-99531-3.00022-8,Crossref,
L3,Molecular flow model of gas transmission rate test device with auxiliary chamber for high barrier film,Liu Xiaofeng,Vacuum,2025,10.1016/j.vacuum.2024.113861,Crossref,
L3,High Barrier Plastics Packaging and Ethylene Vinyl Alcohol Resins (a Marriage),EB Schaper,Food Packaging Technology,1991,10.1520/stp14840s,Crossref,
L3,New Water Vapor Barrier Film Based on Lamellar Aliphatic-Monoamine-Bridged Polysilsesquioxane,Desconocido,No disponible,,10.1021/acsami.6b00878.s001,Crossref,
L3,Waste Package Outer Barrier Stress Due to Thermal Expansion with Various Barrier Gap Sizes,M. M. Lewis,No disponible,2001,10.2172/836340,Crossref,
L3,Helium transmission rate as a rapid and reliable method for assessing the water vapour transmission rate of transparent PET‐SiO<sub><i>x</i></sub> barrier foils,Florian Herbst,Packaging Technology and Science,2021,10.1002/pts.2576,Crossref,https://onlinelibrary.wiley.com/doi/pdf/10.1002/pts.2576
L3,"Development of a Humidity-Resistant Coating to Impart High
                                Oxygen Barrier Performance to Food Packaging Films",Ryan Yinghua Cox,No disponible,,10.15368/theses.2017.63,Crossref,
L3,The Green Barrier: Biopolymers in Packaging,Sumi Murali Nair,Polymer-Based Nanostructured Barrier Materials,2026,10.1016/b978-0-323-99531-3.00008-3,Crossref,
L3,Packaging of Liquids with Flexible Barrier Materials,XJR Avula,Technical Advances in Packaging with Flexible Barrier Materials,1973,10.1520/stp38911s,Crossref,
L3,Development of High-Barrier Film for Food Packaging,Maryam Fereydoon,Plastic Films in Food Packaging,2013,10.1016/b978-1-4557-3112-1.00005-3,Crossref,
L3,Scale-Up Preparation of Biobased Poly(ethylene furanoate) Biaxial Orientation Films with Enhanced Mechanical and Barrier Properties for Packaging,Desconocido,No disponible,,10.1021/acssuschemeng.4c06817.s001,Crossref,
L3,Stretchable Clay Nanocomposite Barrier Film for Flexible Packaging,Desconocido,No disponible,,10.1021/acsami.3c02504.s001,Crossref,
L3,"Effect of different modified starches on physical, morphological, thermomechanical, barrier and biodegradation properties of cassava starch and polybutylene adipate terephthalate blend film",Phanwipa Wongphan,Food Packaging and Shelf Life,2022,10.1016/j.fpsl.2022.100844,Crossref,
L3,Plastics. Film and sheeting. Non-oriented poly(ethylene terephthalate) (PET) sheets,Desconocido,No disponible,,10.3403/30211350,Crossref,
L3,Enhanced Barrier Properties and Tailored Biodegradation of Poly(Butylene Adipate‐Co‐Terephthalate) Composites With Expanded Graphite for Sustainable Packaging,Shahrzad Valipour,Journal of Applied Polymer Science,2026,10.1002/app.70112,Crossref,https://onlinelibrary.wiley.com/doi/pdf/10.1002/app.70112
L3,Plastics. Film and sheeting. Biaxially oriented poly(ethylene terephthalate) (PET) films,Desconocido,No disponible,,10.3403/02816770,Crossref,
L3,Plastics. Film and sheeting. Biaxially oriented poly(ethylene terephthalate) (PET) films,Desconocido,No disponible,,10.3403/02816770u,Crossref,
L3,Molecular Flow Model of Gas Permeability Test Device with Auxiliary Chamber for High Barrier Film,Xiaofeng Liu,No disponible,,10.2139/ssrn.4858041,Crossref,
L3,Plastics. Film and sheeting. Non-oriented poly(ethylene terephthalate) (PET) sheets,Desconocido,No disponible,,10.3403/30211350u,Crossref,
L3,A simple model for the interaction between water vapour and oxygen transmission in multilayer barrier materials intended for food packaging applications,Marianne Jakobsen,Packaging Technology and Science,2009,10.1002/pts.851,Crossref,
L3,A simple model for the interaction between water vapour and oxygen transmission in multilayer barrier materials intended for food packaging applications,Marianne Jakobsen,Packaging Technology and Science,2008,10.1002/pts.799,Crossref,
L3,Terminology Relating to Flexible Barrier Packaging,Desconocido,No disponible,,10.1520/f0017-08,Crossref,
L3,Terminology Relating to Flexible Barrier Packaging,Desconocido,No disponible,,10.1520/f0017-07a,Crossref,
L3,Terminology Relating to Primary Barrier Packaging,Desconocido,No disponible,,10.1520/f0017-18,Crossref,
L3,Terminology Relating to Primary Barrier Packaging,Desconocido,No disponible,,10.1520/f0017-18a,Crossref,
L3,Terminology Relating to Flexible Barrier Packaging,Desconocido,No disponible,,10.1520/f0017-13,Crossref,
L3,Terminology Relating to Flexible Barrier Packaging,Desconocido,No disponible,,10.1520/f0017-06,Crossref,
L3,Terminology Relating to Flexible Barrier Packaging,Desconocido,No disponible,,10.1520/f0017-02,Crossref,
L3,Terminology Relating to Flexible Barrier Packaging,Desconocido,No disponible,,10.1520/f0017-07,Crossref,
L3,Terminology Relating to Flexible Barrier Packaging,Desconocido,No disponible,,10.1520/f0017-12,Crossref,
L3,Terminology Relating to Flexible Barrier Packaging,Desconocido,No disponible,,10.1520/f0017,Crossref,
L3,Terminology Relating to Flexible Barrier Packaging,Desconocido,No disponible,,10.1520/f0017-98,Crossref,
L3,Progress in barrier packaging materials: bio-based nanocomposites as barrier materials for food packaging applications,Giuliana Gorrasi,Progress in Nanomaterials for Food Packaging,2014,10.4155/ebo.13.307,Crossref,
L3,Terminology Relating to Flexible Barrier Packaging,Desconocido,No disponible,,10.1520/f0017-13a,Crossref,
L3,Terminology Relating to Primary Barrier Packaging,Desconocido,No disponible,,10.1520/f0017-20,Crossref,
L3,Molecular Imaging of Blood-Brain Barrier Permeability in Preclinical Models Using PET and SPECT,Sowjanya Mudimela,Neuromethods,2025,10.1007/978-1-0716-4474-4_16,Crossref,
L3,Terminology Relating to Flexible Barrier Packaging,Desconocido,No disponible,,10.1520/f0017-17,Crossref,
L3,Cold Wall Chemical Vapor Deposition Graphene-Based Conductive Tunable Film Barrier,Desconocido,No disponible,,10.1021/acs.iecr.7b05281.s001,Crossref,
L3,The effect of discharge power density on polyethylene terephthalate film surface modification by dielectric barrier discharge in atmospheric air,Zhi Fang,Journal of Electrostatics,2011,10.1016/j.elstat.2010.11.003,Crossref,
L3,Nanostructured barrier materials for edible packaging,Ahmed Ali Nada,Polymer-Based Nanostructured Barrier Materials,2026,10.1016/b978-0-323-99531-3.00002-2,Crossref,
L3,Development of Water Vapor Barrier Film using Roll-to-Roll Process,Takao Kokubun,Proceedings of the International Display Workshops,2024,10.36463/idw.2024.1384,Crossref,
L3,Variables that Affect/Control High-Density Polyethylene Film Oxygen–Moisture Barrier,William G. Todd,Journal of Plastic Film &amp; Sheeting,2003,10.1177/8756087903042072,Crossref,https://journals.sagepub.com/doi/pdf/10.1177/8756087903042072
L3,Variables that Affect/Control High-Density Polyethylene Film Oxygen-Moisture Barrier,William G. Todd,Journal of Plastic Film &amp; Sheeting,2003,10.1177/875608703773685000,Crossref,https://journals.sagepub.com/doi/pdf/10.1177/875608703773685000
L3,Robust Tear-Resistant Blown Nanocomposite Films for Barrier Packaging: Role of Clay Platelet Thickness in Tear Mechanics and Barrier Performances,Desconocido,No disponible,,10.1021/acsapm.3c01099.s001,Crossref,
L3,"Towards the development of controllable and reversible 'on-off' luminescence switching in soft-matter; synthesis and spectroscopic investigation of 1,8-naphthalimide-based PET (photoinduced electron transfer) chemosensors for pH in water-permeable hydrogels",Thorfinnur Gunnlaugsson,,2003,10.3998/ark.5550190.0004.719,SemanticScholar,https://www.arkat-usa.org/get-file/18982/
L3,Thin layers of polyester films with electrically controlled light transmission containing liquid-crystal droplets,M. Mucha,,1992,10.14314/polimery.1992.263,SemanticScholar,https://doi.org/10.14314/polimery.1992.263
L3,Flexible transparent PES/silver nanowires/PET sandwich-structured film for high-efficiency electromagnetic interference shielding.,Mingjun Hu,Langmuir,2012,10.1021/la300720y,SemanticScholar,
L3,Preparation of High-barrier AZO Packaging Film and Study of Its Performance,Han Xuan-wu,,2009,,SemanticScholar,
L3,Experimental Study on the Relationship between Technological Parameters and Barrier Property of Al_2O_3Film Packaging Material,Zhuang Liu,,2009,,SemanticScholar,
L3,"Polyester film having high oxygen barrier, process for their preparation and their use",H. Peiffer,,1998,,SemanticScholar,
L3,Surface modification of polyester film by glow discharge tunnel at atmospheric pressure,Xu,,2004,,SemanticScholar,
L3,Influence of Grafting Polymerization on the Packaging Characteristics of PET Membrane,Xu Wen-cai,,2006,,SemanticScholar,
L3,Highly Functionalized Polyethylene Terephthalate for Food Packaging,T. Maeda,,2015,10.1016/b978-0-323-31306-3.00011-7,SemanticScholar,
L3,Chain Dynamics in Antiplasticized and Annealed Poly(ethylene terephthalate) Determined by Solid-State NMR and Correlated with Enhanced Barrier Properties,R. Choudhury,,2012,10.1021/ma202012h,SemanticScholar,
L3,Formulation selection of aliphatic aromatic biodegradable polyester film exposed to UV/solar radiation,T. Kijchavengkul,,2011,10.1016/j.polymdegradstab.2011.07.001,SemanticScholar,
L3,Oxygen permeation in PET bottles with passive and active walls,R. Di Felice,,2008,10.1002/pts.820,SemanticScholar,
L3,The liquid crystal polyester resin composition film,古田元信,,1996,,SemanticScholar,
L3,"Effect of Pasteurization and Retort Processing on Spectral Characteristics, Morphological, Thermal, Physico‐Mechanical, Barrier and Optical Properties of Nylon‐Based Food Packaging Materials",R. Ramalingam,,2015,10.1002/pts.2120,SemanticScholar,
L3,Research on improving hydrophilicity of polyethylene terephthalate film surface,L. Yi,,2004,,SemanticScholar,
L3,Investigations of plasma polymerized SiOx barrier films for polymer food packaging,Simone Plog,,2011,10.1016/j.surfcoat.2011.01.034,SemanticScholar,
L3,Permeation of Mineral Oil Components from Cardboard Packaging Materials through Polymer Films,J. Ewender,,2013,10.1002/pts.1990,SemanticScholar,
L3,PERMEATION OF GASES THROUGH POLYESTER FILMS CRYSTALLIZED BY HEAT TREATMENT,Nobuya Kuroda,,1979,10.2115/fiber.35.10_t413,SemanticScholar,https://www.jstage.jst.go.jp/article/fiber1944/35/10/35_10_T413/_pdf
L3,Polyester film comprising poly(m-xyleneadipamide),올리버 클라인,,2005,,SemanticScholar,
L3,Migration of Dibenzoate Plasticizers and Polyethylene Terephthalate Cyclic Oligomers from Microwave Susceptor Packaging into Food-Simulating Liquids and Food.,T. Begley,Journal of Food Protection,1990,10.4315/0362-028x-53.12.1062,SemanticScholar,
L3,Effect of Poly(ethylene glycol) on the Water Vapor Permeability of Polyester-Polyether Polyurethane,Zhai Lan-lan,,2009,,SemanticScholar,
L3,Surface modification by low-pressure glow discharge plasma of an unsaturated polyester resin: effect on water diffusivity and permeability,S. Marais,,1999,10.1016/s0257-8972(99)00299-6,SemanticScholar,
L3,Surface Treatment of Polyethylene Terephthalate Films Using a Microsecond Pulse Homogeneous Dielectric Barrier Discharges in Atmospheric Air,Z. Fang,IEEE Transactions on Plasma Science,2010,10.1109/tps.2010.2048342,SemanticScholar,
L3,"Functionality of ultra-high barrier metal oxide-coated polymer films for in-package, thermally sterilized food products",Ashutos Parhi,,2020,10.1016/j.fpsl.2020.100514,SemanticScholar,https://www.sciencedirect.com/science/article/am/pii/S2214289420301575
L3,"Multilayer biaxially oriented polyester film, a production method and uses thereof",잔센스바르트,,2003,,SemanticScholar,
L3,Influence of Oxygen Permeability of Flexible Packaging Materials on Edible Oil Oxidation Characteristics,Lu Jia-ping,,2010,,SemanticScholar,
L3,Assessment of chemical risks and circular economy implications of recycled PET in food packaging with functional barriers,Phuong-Mai Nguyen,"Resources, Environment and Sustainability",2024,10.1016/j.resenv.2024.100163,SemanticScholar,https://doi.org/10.1016/j.resenv.2024.100163
L3,Surface modification of polyethylene terephthalate films using dielectric barrier discharge driven by repetitive nanosecond pulses,章程 Zhang Cheng,,2010,10.3788/hplpb20102203.0539,SemanticScholar,
L3,Turbid polyester film having improved light transmission,Gisbert Bammert,,2008,,SemanticScholar,
L3,Improving the oxygen barrier properties of PET polymer by radio frequency plasma-polymerized SiOxNy thin film,Marjan Shahpanah,Surface & Coatings Technology,2019,10.1016/j.surfcoat.2018.11.023,SemanticScholar,
L3,Unveiling the sensing mechanism of a Nile Red–naphthoquinone H₂S fluorescent probe: theoretical calculation and deep learning prediction,Liu L.,Spectrochimica Acta Part A Molecular and Biomolecular Spectroscopy,2026,10.1016/j.saa.2026.128304,Elsevier,
L3,Flexible visible-light/near-infrared dual-band electrochromic smart windows with optical and thermal modulation and facile preparation,Li F.,Solar Energy Materials and Solar Cells,2026,10.1016/j.solmat.2026.114623,Elsevier,
L3,Rapid synthesis of micron-thick flexible graphite films via non-equilibrium carbon flux engineering,Liu H.,Nature Communications,2026,10.1038/s41467-026-70028-8,Elsevier,
L3,Optimizing Cardiac Imaging Protocols: Best Practices for Climate Sustainability,Kharawala A.,Current Cardiovascular Imaging Reports,2026,10.1007/s12410-026-09615-8,Elsevier,
L3,Strain-invariant omnidirectional stretchable MXetronics,Wang S.,Nature Communications,2026,10.1038/s41467-026-68925-z,Elsevier,
L3,Detection of SARS-CoV-2 antibodies in companion animals in Poland during the post-pandemic period (2022–2025),Turlewicz-Podbielska H.,BMC Veterinary Research,2026,10.1186/s12917-025-05187-9,Elsevier,
L3,SPARC upregulation mediates podocyte injury in Alport syndrome mice,Chi D.,BMC Nephrology,2026,10.1186/s12882-026-04934-w,Elsevier,
L3,Development of a non-invasive diagnostic method for pathogenic RNA viruses using sebum wiped from the cat’s body surface,Fukushima Y.V.,Scientific Reports,2026,10.1038/s41598-026-37655-z,Elsevier,
L3,Multimodal smart suture for dynamic postoperative wound monitoring,Xiao Y.,Bioactive Materials,2026,10.1016/j.bioactmat.2026.07.044,Elsevier,
L3,Oxygen barrier thin-film coatings for food packaging: Modified PVOH with enhanced water resilience,Moody F.,Progress in Organic Coatings,2026,10.1016/j.porgcoat.2026.110409,Elsevier,
L3,"Development of sustainable consumer packaging: Shelf life extension of mustard, cumin, and coriander",Dewangan B.,Journal of the Indian Chemical Society,2026,10.1016/j.jics.2026.102952,Elsevier,
L3,"Tailoring polyhydroxybutyrate by molecular weight regulation: Green synthesis, food-grade performance and innovative ketogenic applications",Xie J.H.,Food Research International,2026,10.1016/j.foodres.2026.119525,Elsevier,
L3,Rethinking sterile packaging practices for reusable medical equipment,Lam M.,Journal of Hospital Infection,2026,10.1016/j.jhin.2026.07.019,Elsevier,
L3,Mechanistic insights into the interplay of zinc content and coating thickness in zinc-rich polyester powder coatings,Yang M.S.,Progress in Organic Coatings,2026,10.1016/j.porgcoat.2026.110265,Elsevier,
L3,Enhancing microbial safety and enzymatic stability of green peas using sequential sodium hypochlorite washing and continuous in-package DBD plasma treatment,Muhammad A.I.,Food Research International,2026,10.1016/j.foodres.2026.119452,Elsevier,
L3,Encapsulated confinement for sorptive AWH modules,Wu J.,Journal of Energy Storage,2026,10.1016/j.est.2026.122761,Elsevier,
L3,Investigating the gasification mechanisms of discarded X-ray films for hydrogen production in supercritical water via experiments and molecular dynamics,Wang L.,International Journal of Hydrogen Energy,2026,10.1016/j.ijhydene.2026.156814,Elsevier,
L3,Hydrogen from single-layer and multi-layer plastic films via nonthermal plasma,Boules A.,Energy Conversion and Management,2026,10.1016/j.enconman.2026.121643,Elsevier,
L3,Piston-type triboelectric-electromagnetic hybrid nanogenerator for wind energy harvesting in self-powered laboratory environmental monitoring systems,Wang W.,Chemical Engineering Journal,2026,10.1016/j.cej.2026.177967,Elsevier,
L3,Enhanced adhesion and drying performance: DAAM/ADH crosslinked acrylate emulsion modified by low acid value alkali-soluble resin and its influence on water-based ink properties,Ma Y.,Dyes and Pigments,2026,10.1016/j.dyepig.2026.113693,Elsevier,
L3,"Innovative plasma-polymerized bilayer coating featuring a citronellal-based antimicrobial layer and a polycaprolactone barrier for prolonged, controlled release",Zabihzadeh Khajavi M.,Food Research International,2026,10.1016/j.foodres.2026.119404,Elsevier,
L3,Spectral and heat transfer analysis of glazing systems with semi-transparent film,Pospíšilík V.,Applied Thermal Engineering,2026,10.1016/j.applthermaleng.2026.132496,Elsevier,
L3,Maple leaf bionic color infrared low-emission fabric achieves superior camouflage and thermal management,Li Y.,Carbon,2026,10.1016/j.carbon.2026.121870,Elsevier,
L3,Mass transfer during HDPE autoxidation and the use of expanded bed reactor,Alvear M.,Chemical Engineering Journal,2026,10.1016/j.cej.2026.177373,Elsevier,
L3,"Poly(1,4-Cyclohexanedimethylene Oxalate) as a Melt-Processable, Thermally Robust and Recyclable Oxalate Polyester",Song Z.,Macromolecules,2026,10.1021/acs.macromol.6c01097,Elsevier,
L3,Design and Experimental Study of a Water Vapor Transmission Rate Test System Based on Mass Spectrometry,Wang G.,Zhenkong Kexue Yu Jishu Xuebao Journal of Vacuum Science and Technology,2026,10.13922/j.cnki.cjvst.202602006,Elsevier,
L3,Impact of measures to increase packaging recyclability in stability of plant-based burgers: A comparative study between multilayer and monolayer lidding films,Mena C.,Food Packaging and Shelf Life,2026,10.1016/j.fpsl.2026.101782,Elsevier,
L3,Kinetics of volatile release from packaging intended for fresh cut produce: An investigation based on headspace-SPME-GC-MS,Ashraf J.Z.,Food Packaging and Shelf Life,2026,10.1016/j.fpsl.2026.101798,Elsevier,
L3,Evaluating Shelf-Life Performance of Fenugreek and Fennel in PET ALOx/PE Packaging: A Sustainable Alternative to Conventional Multilayer Barrier Packaging,Dewangan B.,Journal of Food Process Engineering,2026,10.1111/jfpe.70665,Elsevier,
L3,Self-Standing Cutin Isolate Films,Hromiš N.,Polymers,2026,10.3390/polym18131579,Elsevier,
L3,ZnS/Cu nanowire/ZnS sandwich thin films for durable flexible transparent conductive electrodes,Wu Z.,Journal of Materials Science Materials in Electronics,2026,10.1007/s10854-026-17939-w,Elsevier,
L3,"Electron Field Shaping with a Three-dimensional-printed, Tungsten-infused Multileaf Collimator: A Practical, Low-cost, Reusable, and Customizable Alternative to Traditional Cutouts",Farris M.K.,Practical Radiation Oncology,2026,10.1016/j.prro.2025.12.007,Elsevier,
L3,High Prevalence and Regional Heterogeneity of Canine Ancylostoma spp. in Ecuador: A Systematic Review and Meta-Analysis and Its Potential One Health Implications,Vinueza R.L.,Animals,2026,10.3390/ani16142230,Elsevier,
L3,"Biodegradable polymer derived from used cooking oil: Production pathways, applications and sustainable challenges-A review",Balasubramanian M.,Journal of Applied Biology and Biotechnology,2026,10.7324/jabb.2026.301210,Elsevier,
L3,Nano-enabled spatially selective protein degradation modulates lactate metabolism to potentiate antitumor immunity in liver cancer,Du J.,Nature Nanotechnology,2026,10.1038/s41565-026-02196-z,Elsevier,
L3,"Open-Loop, Barrier-Free, Continuous Langmuir–Blodgett-Based Multipass Multilayer Deposition",Yu Y.,Langmuir,2026,10.1021/acs.langmuir.6c01523,Elsevier,
L3,Longitudinal Change in Blood-Based Biomarkers and the Association With MRI-Measured Neurodegeneration in Cognitively Unimpaired Individuals,Trieu C.,Neurology,2026,10.1212/wnl.0000000000218119,Elsevier,
L3,Sustainable poly(ester-amide) with superior intrinsic barrier performance recycled from poly(ethylene terephthalate) waste,Li M.,Chemical Engineering Journal,2026,10.1016/j.cej.2026.176470,Elsevier,
L3,A polymer-integrated flexible gold nanotriangle array for quantitative and nondestructive SERS detection of thiram on apples,Zheng Z.B.,Analytical Methods,2026,10.1039/d6ay00537c,Elsevier,
L3,Revealing Electronic Effect in Mesoporous Medium-Entropy Alloy for Promoting Electrocatalytic Upcycling of Polyethylene Terephthalate Plastic,Wang Z.,ACS Nano,2026,10.1021/acsnano.6c07523,Elsevier,
L3,"Mechanical robust, high-barrier, and biodegradable PBLT plastics synthesized via central hydroxyl activation of lactic acid",Zhao H.,European Polymer Journal,2026,10.1016/j.eurpolymj.2026.114721,Elsevier,
L3,Optimal loading of PET for enhanced barrier and mechanical properties of MXD6 films,Zhu X.,Results in Engineering,2026,10.1016/j.rineng.2026.110073,Elsevier,
L3,Aminated PET Thin Film as a Functionalized Insulating Layer for Capacitive Gliadin Aptasensor Construction,Chen P.C.,Biosensors,2026,10.3390/bios16060324,Elsevier,
L3,"Life Cycle Assessment of an Emerging, Innovative Biopolymer: Poly(Ethylene Furanoate)",Puente Á.,Sustainability Switzerland,2026,10.3390/su18115367,Elsevier,
L3,"Eco-friendly strategies for 2,5-furandicarboxylic acid production: insights from biomass conversion",Hu Z.,Biomass Conversion and Biorefinery,2026,10.1007/s13399-026-07185-9,Elsevier,
L3,Enhancing the Transparency–Temperature Trade-Off Through Spectral Engineering and Radiative Cooling,Gridtayawong P.,Small Science,2026,10.1002/smsc.70311,Elsevier,
L3,Accurate Broadband Permeability Measurement of Thin Magnetic Films in a Short-Circuited Microstrip Fixture,Ivanov P.A.,Materials,2026,10.3390/ma19112294,Elsevier,
L3,Pineapple leaf fiber-based nonwovens as sustainable thermal insulation liner for distribution packaging,Padee S.,Future Foods,2026,10.1016/j.fufo.2026.101007,Elsevier,
L3,Genomic Basis of Zoonotic Transmission and Antifungal Resistance in Microsporum canis,Du Z.,Journal of Fungi,2026,10.3390/jof12060429,Elsevier,
L3,Life cycle assessment of β-glucans extracted from fungal biomass grown by submerged fermentation: Laboratory to pilot scale,Talwar N.,Cleaner Engineering and Technology,2026,10.1016/j.clet.2026.101221,Elsevier,
L3,Antifungal effect of active sticker coated with hydroxypropyl methylcellulose combining waxes and essential oil and its application on butter cake,Thanakornmetee Y.,Applied Food Research,2026,10.1016/j.afres.2026.102052,Elsevier,
L3,Microstructure transformation in biaxially oriented poly(lactic acid) films governed by pre-crystallization,He Y.,International Journal of Biological Macromolecules,2026,10.1016/j.ijbiomac.2026.152247,Elsevier,
L3,Fabrication and characterization of a multilayered membrane for biliary stents enabling directional delivery of UDCA and aspirin,Choi S.Y.,Biofabrication,2026,10.1088/1758-5090/ae5346,Elsevier,
L3,Ceragenin-Loaded Tri-Layered Skin Substitute Composed of Natural and Synthetic Biopolymers for Burn Wound Healing,Aljayyousi N.,Journal of Biomedical Materials Research Part A,2026,10.1002/jbm.a.70102,Elsevier,
L3,"Engineering Halomonas for low-salt, open, and unsterile production of polyhydroxybutyrate",Sun S.,Trends in Biotechnology,2026,10.1016/j.tibtech.2026.01.002,Elsevier,
L3,Integrated microneedle patch and machine learning in time-resolved fluorescent immunochromatography test strip for accurate and rapid detection of Staphylococcus aureus enterotoxin B in salmon,Jiang H.,International Journal of Food Microbiology,2026,10.1016/j.ijfoodmicro.2026.111725,Elsevier,
L3,Low-Temperature Annealed Cu/Al Bilayer Architecture for Highly Stable Flexible Metal-Mesh Transparent Electrodes,Shu Y.,Advanced Electronic Materials,2026,10.1002/aelm.202600007,Elsevier,
L3,Renewable Bio-based Polyesters for Functional Design and Application in Packaging and Printing Fields,Zhang Y.,Polymer Korea,2026,10.7317/pk.2026.50.3.383,Elsevier,
L3,Toward Fully Biobased Polyesters With Spiroacetal Units: Synthesis and Enzymatic Depolymerization,Mankar S.V.,Macromolecular Materials and Engineering,2026,10.1002/mame.202500469,Elsevier,
L3,Preparation and performance of waterborne polyester with good storage stability,Li W.,Journal of Coatings Technology and Research,2026,10.1007/s11998-025-01212-6,Elsevier,
L3,Comparison of Sampling Systems for Biological Sample Dehumidification Prior to Electronic Nose Analysis,Tischer A.M.,Applied Sciences Switzerland,2026,10.3390/app16094174,Elsevier,
L3,Quantitative assessment of beta radiation shielding in medical polymers based on Monte Carlo simulations,Hışıroğlu Ayar K.,Radiation Physics and Chemistry,2026,10.1016/j.radphyschem.2026.113618,Elsevier,
L3,Closed-Loop Recyclable Bio-Based Polyesters Featuring a Tricyclic Diglycolicaldehyde Xylose Diol toward High Tg and Excellent Gas Barrier Performance,Wang L.,Biomacromolecules,2026,10.1021/acs.biomac.5c02696,Elsevier,
L3,"Poly(ethylene furanoate) (PEF): Advances in Synthesis, Properties, Recycling, Applications, and Future Challenges",Bhagabati P.,ACS Polymers Au,2026,10.1021/acspolymersau.5c00189,Elsevier,
L3,Moisture ingress evaluation of encapsulation materials using multiphysics modelling for perovskite solar cell packaging,Amalu E.H.,Next Materials,2026,10.1016/j.nxmate.2026.101694,Elsevier,
L3,"Biobased 2,5-thiophenedicarboxylic acid (TFDCA)-based polyesters for the next-generation food packaging: Progress and future prospects",Tian S.,Trends in Food Science and Technology,2026,10.1016/j.tifs.2026.105617,Elsevier,
L3,Biodegradable Sodium Alginate Films Incorporated With Jateorhiza palmata (Lam.) Miers Extract for Active Food Packaging,Augusto Badillo Almeira C.,Packaging Technology and Science,2026,10.1002/pts.70028,Elsevier,
L3,Flavor Scalping in Packaged Foods: A Review,Kontominas M.G.,Molecules,2026,10.3390/molecules31081358,Elsevier,
L3,Quantifying environmental benefits of monomaterial transition in flexible packaging applications,Stefanini R.,Environmental Impact Assessment Review,2026,10.1016/j.eiar.2025.108321,Elsevier,
L3,Bio-based poly(ester-urethane) coatings for paper: Effect of cutin oligoester esterification degree on functional properties,Buratti E.,Progress in Organic Coatings,2026,10.1016/j.porgcoat.2026.109946,Elsevier,
L3,Triple-Cation Perovskite Photoanodes for Solar Water Splitting: From Photovoltaic-Assisted to Immersed Photoelectrochemical Operation,La Ferrara V.,Micromachines,2026,10.3390/mi17040431,Elsevier,
L3,Fabrication and characterization of lead-free double perovskite for flexible photovoltaics application,Shaikh A.A.,Journal of the Indian Chemical Society,2026,10.1016/j.jics.2026.102481,Elsevier,
L3,Cationic lipid-modified PEG-PLGA nanoparticles facilitate effective dendritic cell reprogramming to alleviate T cell-mediated autoimmunity in EAE,Li H.,Biomaterials,2026,10.1016/j.biomaterials.2025.123784,Elsevier,
L3,Upcycling lignosulfonate into bio-based polyhydroxybutyrate films for eco-friendly antimicrobial and antioxidant food packaging,Chysirichote T.,Journal of the Science of Food and Agriculture,2026,10.1002/jsfa.70414,Elsevier,
L3,Antioxidant and antibacterial nanofiber films via electrospinning of ZIF-8-encapsulated nisin in PCL/chitosan matrices,Wang Z.,Food Chemistry,2026,10.1016/j.foodchem.2026.148146,Elsevier,
L3,Robust Polymeric Ionic Liquid/Ionic Liquid Solid-State Electrolyte Membrane for Miniaturized and High-Performance Electrochemical Gas Sensing,Huang Z.,ACS Sensors,2026,10.1021/acssensors.5c03995,Elsevier,
L3,Tuning Molar Mass of the D18 Polymer via Stille Polymerization: Impact on Morphology and Large-Area Blade-Coated Organic Solar Cells,Cardoso R.S.,ACS Omega,2026,10.1021/acsomega.5c12462,Elsevier,
L3,Climate-Dependent Aging of Photovoltaic PET Backsheets: Insights From Arid-Cold Exposure,Chen Y.,Journal of Applied Polymer Science,2026,10.1002/app.70265,Elsevier,
L3,Influence of medical decontamination and sterilization methods on protective performance of composite protective materials,Mao B.,Fangzhi Xuebao Journal of Textile Research,2026,10.13475/j.fzxb.20250905801,Elsevier,
L3,Metal-oxide nanolaminate barrier coatings to enable large-scale manufacturing of sustainable flex packaging,Vidish D.,Materials Today Sustainability,2026,10.1016/j.mtsust.2025.101289,Elsevier,
L3,Citric Acid and Dimer Diol-Based Polyester Films for Food Packaging Applications,Aghaeinejad Ajbisheh S.,Polymers for Advanced Technologies,2026,10.1002/pat.70548,Elsevier,
L3,Permeation through thin polymer films at cryogenic temperatures,Westra K.,Cryogenics,2026,10.1016/j.cryogenics.2026.104279,Elsevier,
L3,Nanocomposite coating based on carboxymethyl chitosan/polyacrylic acid improves the flame retardancy of polyethylene terephthalate membrane,Liu W.,Fuhe Cailiao Xuebao Acta Materiae Compositae Sinica,2026,10.13801/j.cnki.fhclxb.20250429.002,Elsevier,
L3,Strain-Induced Failure Mechanisms of Silicon Oxide PECVD Barrier Coating Systems on PET: Experimental Analysis and Simulation of Crack-Mediated Permeation,Franke J.,Plasma Processes and Polymers,2026,10.1002/ppap.70152,Elsevier,
L3,Modeling the impact of packaging and storage on garlic powder stability: A multi-parameter kinetic approach for shelf-life prediction,Nguyen N.H.K.,Lwt,2026,10.1016/j.lwt.2026.119167,Elsevier,
L3,"Solvent mediated chemical modification, microstructure and optical response of poly (methyl methacrylate) thin films grown on indium tin oxide coated glass and polyethylene terephthalate substrates",Rahul M.,Journal of Materials Science Materials in Electronics,2026,10.1007/s10854-026-17054-w,Elsevier,
L3,Flexible and sustainable PBAT@g-C3N4/MWCNT nanocomposite films for the packaging of green grapes,Venkatesan R.,Food Chemistry,2026,10.1016/j.foodchem.2026.148005,Elsevier,
L3,Chemical Characterization of Postindustrial Recycled Polyethylene Terephthalate Obtained From Multilayer PET/PE Sheets: A Baseline Study on Safety Aspects,Daras I. .,Packaging Technology and Science,2026,10.1002/pts.70034,Elsevier,
L3,The Influence of Packaging Type on the Stability of Edible Oils,Igielska-Kalwat J.,Applied Sciences Switzerland,2026,10.3390/app16052237,Elsevier,
L3,"Cellulose nanocrystal–reinforced biodegradable polyesters: a comprehensive review of mechanical, thermal, and barrier property enhancements toward industrial implementation",Kim S.,Cellulose,2026,10.1007/s10570-026-06982-9,Elsevier,
L3,Evaluation of sustainable paper-based consumer packaging materials for shelf life extension of turmeric and nutmeg powder,Dewangan B.,Food and Bioproducts Processing,2026,10.1016/j.fbp.2026.01.005,Elsevier,
L3,Enhanced structural and chemical stability of hydrogen-terminated a-C:H films under compression,Takada A.,Diamond and Related Materials,2026,10.1016/j.diamond.2026.113359,Elsevier,
L3,Development of ZnO-Incorporated plasticized PLA nanocomposite films with enhanced physicochemical and antimicrobial properties,Syed T.R.,Polymer Bulletin,2026,10.1007/s00289-025-06170-y,Elsevier,
L3,A dual-source energy harvester for battery-less agricultural IoT-sensor networks,Pathak S.,AEU International Journal of Electronics and Communications,2026,10.1016/j.aeue.2026.156243,Elsevier,
L3,Sustainable synthesis of poly-3-hydroxybutyrate by Escherichia coli and Burkholderia sp. cultivated with molasses: production and characterization,Lacôrte e Silva M.V.M.,International Journal of Biological Macromolecules,2026,10.1016/j.ijbiomac.2026.151146,Elsevier,
L3,Acetate starch/sodium alginate dual-polysaccharide eco-friendly size network on polyester/cotton yarns,Zhu Y.,International Journal of Biological Macromolecules,2026,10.1016/j.ijbiomac.2026.151127,Elsevier,
L3,Electrospun PLA/PVP K90 Biphasic-Release Sublingual Film for Motion Sickness Treatment,Zhang W.,Biomolecules,2026,10.3390/biom16030363,Elsevier,
L3,Biopolymer-based eco-friendly coatings reinforced with lignin nanoparticles for surface coating applications of engineered wood-based panels,Al G.,International Journal of Biological Macromolecules,2026,10.1016/j.ijbiomac.2026.151008,Elsevier,
L3,Immunoinformatics approach to engineer a multi-epitope vaccine against SdrG in skin commensal Staphylococcus epidermidis,Akter S.,Plos One,2026,10.1371/journal.pone.0327534,Elsevier,
L3,Konjac glucomannan-based emulsion films with lysozyme-amyloid fibrils-chitosan complexes as dual-function antimicrobial emulsifiers for salmon preservation,Guo Y.,Food Chemistry,2026,10.1016/j.foodchem.2025.147823,Elsevier,
L3,Preparation of flat sheet recycled PET membranes from high temperature solutions via a NIPS-TIPS hybrid separation process,Breite D.,Separation and Purification Technology,2026,10.1016/j.seppur.2025.135910,Elsevier,
L3,"Two-step sputtering for depositing smooth and thin ZnO films on non-heated, non-epiready PET substrates",Yossapong N.T.,Journal of Metals Materials and Minerals,2026,10.55713/jmmm.v36i2.2461,Elsevier,
L3,g-C3N4-Decorated Montmorillonite as a Dual-Functional Nucleator: Enhancing Crystallization and Imparting Antibacterial Activity in Polyester Composites,Yuan Q.,Polymer Composites,2026,10.1002/pc.70386,Elsevier,
L3,Alzheimer’s Disease Pathologies Affect Dopaminergic Neural Mechanisms of Memory,Morin T.M.,Journal of Neuroscience,2026,10.1523/jneurosci.1580-25.2026,Elsevier,
L3,Hydrophilic-modified Al@polyvinylidene fluoride-hexafluoropropylene/h-BN nanofibrous membrane with Janus wettability for human thermal management,Cheng X.,Applied Surface Science,2026,10.1016/j.apsusc.2025.164920,Elsevier,
L3,Automation-Assisted Photoinduced Atom Transfer Radical Polymerization,Ramirez C.,ACS Polymers Au,2026,10.1021/acspolymersau.5c00067,Elsevier,
L3,Printable and Antiferromagnetic Mn(OH)2@Te–O Core–Shell Nanosheets,Yuan F.,Chemistry of Materials,2026,10.1021/acs.chemmater.5c02655,Elsevier,
L3,Polystyrene/TiO2 Composite Thin Films by Powder Aerosol Deposition: Film Morphology Control Through Powder Processing,Thiel M.C.,Advanced Materials Interfaces,2026,10.1002/admi.202500701,Elsevier,
L3,Simultaneous regeneration of epithelial and bone tissue using a multifunctional film with leaf-stacked structures and growth factors,Kim H.Y.,Biomaterials Science,2026,10.1039/d5bm01644d,Elsevier,
L3,Thermal and barrier properties of poly(3-hydroxybutyrate) hybrid nanocomposites: use of experimental data for reliable prediction via machine learning,Díez-Pascual A.M.,New Journal of Chemistry,2026,10.1039/d5nj03812j,Elsevier,
L3,Nitrogen-doped quantum dots synthesized from polyethylene terephthalate waste: Advancing barrier properties of polyvinyl alcohol for sustainable packaging,Ansari J.R.,Reactive and Functional Polymers,2026,10.1016/j.reactfunctpolym.2025.106564,Elsevier,
L3,"Effect of gamma irradiation on chemico/physical properties and enzymatic hydrolysis of poly(butylene 2,5-furanoate) based films",Semler B.,Materials Today Communications,2026,10.1016/j.mtcomm.2026.114704,Elsevier,
L3,"Sustainable biocompatible packaging for foods: exploring material properties, advantages, and practical applications",Sundareswari M.,Polymer Bulletin,2026,10.1007/s00289-025-06084-9,Elsevier,
L3,Air-stable covalent borane–oxyanion organocatalysts for ring-opening copolymerization,Feng X.,Nature Synthesis,2026,10.1038/s44160-025-00923-3,Elsevier,
L3,"Advancement in Biodegradable Foam for Packaging, Filtration, Thermal Insulation, and Medical Application: A Review",Pandey A.,Waste and Biomass Valorization,2026,10.1007/s12649-025-03183-6,Elsevier,
L3,Brain Amyloid Plaque Levels Affect Clinical Progression in Alzheimer Disease: Assessment of Amyloid PET and Change in CDR-SB Utilizing Semi-Mechanistic Model,Bhagunde P.,Cpt Pharmacometrics and Systems Pharmacology,2026,10.1002/psp4.70173,Elsevier,
L3,Microplastics Facilitate Protozoan Pathogen Contamination in Shellfish,Kim M.,Microorganisms,2026,10.3390/microorganisms14020468,Elsevier,
L3,Sr2+ hydroxyapatite and polylactic acid nanoparticles doped antimicrobial bioactive chitosan-based coating for medical device osteointegration,Ungolo A.,International Journal of Biological Macromolecules,2026,10.1016/j.ijbiomac.2026.150411,Elsevier,
L3,EgLDH as a Novel Target: Design and Preliminary Efficacy Assessment of a DNA Vaccine,Zhao J.,Animals,2026,10.3390/ani16040555,Elsevier,
L3,Effects of temperature and material thickness on the diffusion properties of bituminous geomembranes (BGMs) in waste containment systems,Arif A.M.,Waste Management,2026,10.1016/j.wasman.2025.115298,Elsevier,
L3,Functional Upcycling Discarded Poly(Ethylene Terephthalate) Bottles for Ultralong Organic Phosphorescence Polymer Elements,Yang Y.,Advanced Functional Materials,2026,10.1002/adfm.202514653,Elsevier,
L3,"Simultaneous improvement of mechanical strength, toughness and barrier properties of PBAT plastics enabled by H-bond interaction",Ding Y.,European Polymer Journal,2026,10.1016/j.eurpolymj.2025.114443,Elsevier,
L3,"Structurally Tuned Citric Acid–Based Polyester Thermoset with Balanced Barrier, Durability, and Biodegradation Performance",Cho E.,ACS Sustainable Chemistry and Engineering,2026,10.1021/acssuschemeng.5c08559,Elsevier,
L3,Impact of wettability heterogeneity on methane hydrate growth kinetics in partially water-saturated sediments,Wang B.,Journal of Colloid and Interface Science,2026,10.1016/j.jcis.2025.138885,Elsevier,
L3,A Covalently Anchored Biobased Nanofiber Label for Self-Reporting Fish Spoilage with High Stability and Radiometric Visibility,Yin Q.,Industrial and Engineering Chemistry Research,2026,10.1021/acs.iecr.5c04494,Elsevier,
L3,Flexible Barbed Microneedle Array Electrode for Bio-Signal Monitoring: Fabrication and Characterization,Dong C.W.,Advanced Materials Technologies,2026,10.1002/admt.202500812,Elsevier,
L3,"Chemically recyclable, fully biobased polyolefins with performance parity to low-density polyethylene",Sun W.,Green Chemistry,2026,10.1039/d5gc05344g,Elsevier,
L3,Relevance of pyridinylpyrazine bridged Cd(II) dimer for the trace detection of Al3+ and 4-nitroaniline in aqueous medium and electrical conductivity measurement,Jana S.R.,Journal of Molecular Structure,2026,10.1016/j.molstruc.2025.143861,Elsevier,
L3,Strategies to Design Multifunctional Tear-Proof and Permeation Resistant Food Packaging Films: An Overview,Thakur V.,Polymer Plastics Technology and Materials,2026,10.1080/25740881.2026.2674014,Elsevier,
L3,"Thermal Crystallization Kinetics of PET, RPET and PEF for Sustainable Packaging",Gargadennec E.,Defect and Diffusion Forum,2026,10.4028/p-zlru4c,Elsevier,
L3,Poly(Ethylene Terephthalate) Composites Containing Silver-Based Semiconductors as a Potential Bioactive Material for Packaging,Lima L.R.,Polymer Engineering and Science,2026,10.1002/pen.70658,Elsevier,
L3,Preparation and characterization of antimicrobial nanocomposite material based on polylactic acid (PLA)-graphene oxide (GO) used for pasteurized milk packaging,Zabihzadeh Khajavi M.,Food Packaging and Shelf Life,2026,10.1016/j.fpsl.2026.101707,Elsevier,
L3,"Novel Random Copolymers of Poly(butylene 1,4-cyclohexane dicarboxylate) with Outstanding Barrier Properties for Green and Sustainable Packaging: Content and Length of Aliphatic Side Chains as Efficient Tools to Tailor the Material's Final Performance.",Giulia Guidotti,Polymers,2018,10.3390/polym10080866,Lens,https://www.mdpi.com/2073-4360/10/8/866/pdf
L3,"Relationship Between Crystallization, Mechanical and Gas Barrier Properties of Poly(ethylene furanoate) (PEF) in Multinanolayered PLA-PEF and PET-PEF Films",Alain Guinault,ESAFORM 2021,2021,10.25518/esaform21.1589,Lens,https://popups.uliege.be/esaform21/pdf.php?id=1589
L3,Aluminium oxide barrier films on polymeric web and their conversion for packaging applications,C.F. Struller,Thin Solid Films,2014,10.1016/j.tsf.2013.10.091,Lens,https://e-space.mmu.ac.uk/600583/2/Manuscript%20Struller%20TSF.pdf
L3,Modeling of gas transmission properties of polymeric films used for MA packaging of fruits,S. Mangaraj,Journal of food science and technology,2014,10.1007/s13197-014-1682-2,Lens,https://europepmc.org/articles/pmc4554610?pdf=render
L3,Non-toxic layered double hydroxide nanoplatelet dispersions for gas barrier coatings on flexible packaging,Kanittika Ruengkajorn,Materials Advances,2021,10.1039/d0ma00986e,Lens,https://pubs.rsc.org/en/content/articlepdf/2021/ma/d0ma00986e
L3,Talc reinforcement of polylactide and biodegradable polyester blends via injection-molding and pilot-scale film extrusion,Karoliina Helanto,Journal of Applied Polymer Science,2021,10.1002/app.51225,Lens,https://onlinelibrary.wiley.com/doi/pdfdirect/10.1002/app.51225
L3,Processing and Validation of Whey-Protein-Coated Films and Laminates at Semi-Industrial Scale as Novel Recyclable Food Packaging Materials with Excellent Barrier Properties,Elodie Bugnicourt,Advances in Materials Science and Engineering,2013,10.1155/2013/496207,Lens,http://downloads.hindawi.com/journals/amse/2013/496207.pdf
L3,Surface Properties and Morphology of PET Treated by Plasma Immersion Ion Implantation for Food Packaging,Péricles Lopes Sant’Ana,Nanomedicine & Nanotechnology Open Access,2018,10.23880/nnoa-16000145,Lens,
L3,Modification Strategies and Film Fabrication of CO2‑Derived Poly(propylene carbonate phthalate) for High-Performance Gas Barrier Applications.,Yong Chen,ACS omega,2026,10.1021/acsomega.5c07539,Lens,
L3,Mapping gas permeability of sustainable packaging materials to link food barrier needs by clustering algorithms.,Ting Yu Yeh,NPJ science of food,2026,10.1038/s41538-026-00741-7,Lens,
L3,Development of High Oxygen Barrier Multi-layered Packaging Film for Shelf Life Extension of Ready-to-Cook (RTC) Idli Batter,P. S. Gaikwad,International Research Journal of Pure and Applied Chemistry,2020,10.9734/irjpac/2020/v21i130146,Lens,https://www.journalirjpac.com/index.php/IRJPAC/article/download/30146/56561
L3,2P-120: Hybrid nanocomposite films of polyvinyl alcohol/montmorillonite clay as gas barrier layers food packaging applications,권세진,No disponible,2016,,Lens,
L3,Development and characterization of novel nanobiocomposites containing various nanofillers to improve barrier and other physical properties of interest in food packaging and coating applications,Sánchez García,No disponible,,10.4995/thesis/10251/10361,Lens,https://riunet.upv.es/bitstream/10251/10361/1/tesisUPV3472.pdf
L3,NOVEL ELECTROSPUN POLYHYDROXYALKANOATE BASED HIGH BARRIER AND ACTIVE BIOPAPERS OF INTEREST IN FOOD PACKAGING,Adriane Cherpinski Correa,No disponible,,10.4995/thesis/10251/123064,Lens,https://riunet.upv.es/bitstream/10251/123064/1/Cherpinski%20-%20NOVEL%20ELECTROSPUN%20POLYHYDROXYALKANOATE%20BASED%20HIGH%20BARRIER%20AND%20ACTIVE%20BIOPAPERS%20OF%20IN....pdf
L3,Bio-based materials for barrier coatings on paper packaging.,Praveen Kumar Kunam,Biomass conversion and biorefinery,2022,10.1007/s13399-022-03241-2,Lens,
L3,Facile Surface Modification of Polyethylene Film via Spray-Assisted Layer-by-Layer Self-Assembly of Graphene Oxide for Oxygen Barrier Properties.,Jiwoong Heo,Scientific reports,2019,10.1038/s41598-019-39285-0,Lens,https://www.nature.com/articles/s41598-019-39285-0.pdf
L3,Aluminum Oxide Barrier Coatings on Polymer Films for Food Packaging Applications,C. Struller,Annual Technical Conference Proceedings,2013,10.14332/svc13.proc.1060,Lens,https://e-space.mmu.ac.uk/600586/1/Manuscript%20Struller%20SCT.pdf
L3,Potential of polyhydroxyalkanoate (PHA) polymers family as substitutes of petroleum based polymers for packaging applications and solutions brought by their composites to form barrier materials,Gülşah Keskin,Pure and Applied Chemistry,2017,10.1515/pac-2017-0401,Lens,https://hal.umontpellier.fr/hal-01675240/file/pac-2017-0401.pdf
L3,Blending of Polyhydroxybutyrate-co-valerate with Polylactic Acid for Packaging Applications – Reflections on Miscibility and Effects on the Mechanical and Barrier Properties,Verena Jost,Chemical and Biochemical Engineering Quarterly,2015,10.15255/cabeq.2014.2257,Lens,http://hrcak.srce.hr/file/209407
L3,High-barrier and antibacterial films based on PET/SiO x for food packaging applications,Yana Li,Food Science and Technology,2021,10.1590/fst.37720,Lens,https://www.scielo.br/j/cta/a/8Zc5gyMyrFXsYShK9J9pJgK/?lang=en&format=pdf
L3,Improving Barrier Properties of PET by Depositing a Layer of DLC Films on Surface,Zhiguo Zhang,Advances in Materials Science and Engineering,2013,10.1155/2013/861804,Lens,http://downloads.hindawi.com/journals/amse/2013/861804.pdf
L3,Aspect Ratio Control of Layered Double Hydroxide Nanosheets and Their Application for High Oxygen Barrier Coating in Flexible Food Packaging,Desconocido,No disponible,,10.1021/acsami.9b21986.s001,Lens,https://figshare.com/articles/journal_contribution/Aspect_Ratio_Control_of_Layered_Double_Hydroxide_Nanosheets_and_Their_Application_for_High_Oxygen_Barrier_Coating_in_Flexible_Food_Packaging/11874309/1/files/21767994.pdf
L3,The Influence of Recycled Single Polymer Polyester Composites on Gas Permeability,W. Ślączka,Acta Physica Polonica A,2019,10.12693/aphyspola.135.246,Lens,
L3,"Bio-based copolyesters involving 1,4:3,6-dianhydrohexitols and sebacic acid: 2,6-pyridinedicarboxylic acid as platforms for high gas barrier food packaging",Xuelian Liu,Materials Advances,2022,10.1039/d1ma00797a,Lens,https://pubs.rsc.org/en/content/articlepdf/2021/ma/d1ma00797a
L3,Unified Incident Monitoring and Response in Softwarized Networks with OpenC2,"Zeid, Hani","Availability, Reliability and Security. ARES 2026 EU Projects Symposium Workshops",2027,10.1007/978-3-032-37218-5_19,Springer,http://link.springer.com/openurl/pdf?id=doi:10.1007/978-3-032-37218-5_19
L3,Voice-Controlled Game Interaction,"Voštinár, Patrik",The 16th International Scientific Conference on Distance Learning in Applied Informatics,2027,10.1007/978-3-032-32104-6_37,Springer,http://link.springer.com/openurl/pdf?id=doi:10.1007/978-3-032-32104-6_37
L3,Roadmap for AI-Powered Circular Value Chains for Carbon Neutrality and Corporate Sustainability in Emerging Economies,"Santra, Sanjana",AI-Driven Circular Economy for Carbon Neutrality in Emerging Economies,2027,10.1007/978-3-032-30298-4_12,Springer,http://link.springer.com/openurl/pdf?id=doi:10.1007/978-3-032-30298-4_12
L3,AI and the Belmont Report 50 Years on: Time for an Update,"Lyons, Colleen P.",AI and Ethics Handbook,2027,10.1007/978-3-032-12201-8_29,Springer,http://link.springer.com/openurl/pdf?id=doi:10.1007/978-3-032-12201-8_29
L3,Driving Sustainability in Fashion E-Commerce: Mitigating Returns Through Digital Visual Merchandising and Emerging Technologies,"Fonseca, Daniel",Strategic Design for Sustainable Futures,2027,10.1007/978-3-032-33282-0_1,Springer,http://link.springer.com/openurl/pdf?id=doi:10.1007/978-3-032-33282-0_1
L3,AI-Driven Sustainable Consumption Framework for Urban India: A Citizen-Centric Approach to Eco-Conscious Living,"Sridevi, T.",Responsible AI for Smart Cities,2027,10.1007/978-3-032-26901-0_2,Springer,http://link.springer.com/openurl/pdf?id=doi:10.1007/978-3-032-26901-0_2
L3,Problem-Based Learning for Enhancing Sustainability and Circularity Concepts in Fashion Design,"Barata, Teresa Raquel",Strategic Design for Sustainable Futures,2027,10.1007/978-3-032-33282-0_6,Springer,http://link.springer.com/openurl/pdf?id=doi:10.1007/978-3-032-33282-0_6
L3,Importance of Privacy-Preserving AI and Secure Data Management in Urban Systems,"Abhiram, U. S.",Responsible AI for Smart Cities,2027,10.1007/978-3-032-26901-0_4,Springer,http://link.springer.com/openurl/pdf?id=doi:10.1007/978-3-032-26901-0_4
L3,Numerical Simulation of Dynamics Deformation of Bio-Inspired Robotic Wing,"Khalid, Waleed",Interactive Collaborative Robotics,2027,10.1007/978-3-032-34384-0_25,Springer,http://link.springer.com/openurl/pdf?id=doi:10.1007/978-3-032-34384-0_25
L3,Alzheimer Stages Classification Using Convolutional Neural Networks Optimized by Modified Chimp Optimization Algorithm,"Djordjevic, Marko",Proceedings of International Conference on Computational Intelligence,2027,10.1007/978-3-032-31526-7_39,Springer,http://link.springer.com/openurl/pdf?id=doi:10.1007/978-3-032-31526-7_39
L3,The Level of English Language Learning According to the Common European Framework of Reference for Languages in Students of Health-Related Programs at a Private University,"Zapana-Aguilar, Pilar Valeria",Information Technology & Systems,2027,10.1007/978-3-032-27538-7_5,Springer,http://link.springer.com/openurl/pdf?id=doi:10.1007/978-3-032-27538-7_5
L3,Deep Learning-Based Super-Resolution for Medical Images with Secure Cloud Storage: A Comprehensive Survey,"Shaik, Mohammad Shahid",Proceedings of International Conference on Computing Systems and Intelligent Applications,2027,10.1007/978-3-032-33535-7_27,Springer,http://link.springer.com/openurl/pdf?id=doi:10.1007/978-3-032-33535-7_27
L3,Fair N Care Supporting Pet Health Protection through a Web Based Products and Guidance System,"Ajay, Katineedi",Advances in Computational Intelligence and Informatics,2027,10.1007/978-3-032-32483-2_5,Springer,http://link.springer.com/openurl/pdf?id=doi:10.1007/978-3-032-32483-2_5
L3,Emerging Challenges and Advanced Solutions in Heart Image Classification for Cardiovascular Disease Detection,"Anjana Devi, M. V.",Intelligent Systems and Sustainable Computing,2027,10.1007/978-981-95-9101-5_11,Springer,http://link.springer.com/openurl/pdf?id=doi:10.1007/978-981-95-9101-5_11
L3,Topology-Hiding Path Validation for Large-Scale Quantum Key Distribution Networks,"Krenn, Stephan",Applied Cryptography and Network Security,2027,10.1007/978-3-032-32578-5_14,Springer,http://link.springer.com/openurl/pdf?id=doi:10.1007/978-3-032-32578-5_14
L3,MedMentor: Teacher-Student Collaboration with Decoupled Experience for Clinical Diagnosis,"Chen, Kai",Advanced Intelligent Computing Technology and Applications,2027,10.1007/978-981-92-3403-5_7,Springer,http://link.springer.com/openurl/pdf?id=doi:10.1007/978-981-92-3403-5_7
L3,Federated Vision Transformers for Privacy-Preserving Early Lung Cancer Detection,"AlNaqbi, Moza",Advanced Intelligent Computing Technology and Applications,2027,10.1007/978-981-92-3557-5_20,Springer,http://link.springer.com/openurl/pdf?id=doi:10.1007/978-981-92-3557-5_20
L3,Verified Tensor Operators for Safety-Critical ML: From Specification to Reference Implementation,"Machado, João",AI Verification,2027,10.1007/978-3-032-32357-6_2,Springer,http://link.springer.com/openurl/pdf?id=doi:10.1007/978-3-032-32357-6_2
L3,STWPN: A Spatio-Temporal Graph Neural Network for Water Level Prediction in Underground Pipeline Networks,"Pan, Gang",Advanced Intelligent Computing Technology and Applications,2027,10.1007/978-981-92-3551-3_10,Springer,http://link.springer.com/openurl/pdf?id=doi:10.1007/978-981-92-3551-3_10
L3,Healthcare 5.0 and Challenges for 6G Mobile Technology,"Tomaszewski, Lechosław",Artificial Intelligence Applications and Innovations. AIAI 2026 IFIP WG 12.5 International Workshops,2027,10.1007/978-3-032-30507-7_13,Springer,http://link.springer.com/openurl/pdf?id=doi:10.1007/978-3-032-30507-7_13
L3,Hierarchical Edge-Cloud Framework for Multi-target Multi-camera Tracking with Camera Graphs,"Sun, Meng",Advanced Intelligent Computing Technology and Applications,2027,10.1007/978-981-92-3504-9_1,Springer,http://link.springer.com/openurl/pdf?id=doi:10.1007/978-981-92-3504-9_1
L3,Design and Strength Analysis of a New Type B Independent Tank and its Supporting Structures,"Sun, Qiang",Advances in Mechanical Design,2027,10.1007/978-981-95-7904-4_2,Springer,http://link.springer.com/openurl/pdf?id=doi:10.1007/978-981-95-7904-4_2
L3,"Developing Green Infrastructure in Podgorica: Challenges, Opportunities, and New Technologies","Rosic, Radovan","New Technologies, Development and Application IX",2027,10.1007/978-3-032-30107-9_20,Springer,http://link.springer.com/openurl/pdf?id=doi:10.1007/978-3-032-30107-9_20
L3,Enhancing Conceptual Rainfall-Runoff Modeling in Data-Scarce Catchments using Machine Learning: Kolmogorov-Arnold Networks Compared to LSTMs,"Houénafa, Sianou Ezéckiel",Earth Systems and Environment,2026,10.1007/s41748-025-01010-5,Springer,http://link.springer.com/openurl/pdf?id=doi:10.1007/s41748-025-01010-5
L3,Future of Water Security in Mediterranean Reservoirs: Advancing SWAT + Modeling of Hydrological Response To Climate Change in Central Spain,"Oduor, Brian Omondi",Earth Systems and Environment,2026,10.1007/s41748-026-01042-5,Springer,http://link.springer.com/openurl/pdf?id=doi:10.1007/s41748-026-01042-5
L3,Resuspension of graphite dust from a wall under shear flow in HTGRs based on DEM simulations and AFM measurements,"Sun, Qi",Experimental and Computational Multiphase Flow,2026,10.1007/s42757-026-0299-9,Springer,http://link.springer.com/openurl/pdf?id=doi:10.1007/s42757-026-0299-9
L3,Optical Properties and Annealing Effects of Ce^3+-Doped Lu_3Al_5O_12 Single Crystal Grown by Micro-Pulling-Down Method with W Crucible,"Doan, Kieu Anh Thi",Journal of Electronic Materials,2026,10.1007/s11664-026-13016-4,Springer,http://link.springer.com/openurl/pdf?id=doi:10.1007/s11664-026-13016-4
L3,"Atypical signaling, ligand recognition and selective agonist discovery of complement receptor C5aR2","Qin, Jiao",Cell Research,2026,10.1038/s41422-026-01273-1,Springer,https://www.nature.com/articles/s41422-026-01273-1.pdf
L3,"Sacral Neuromodulation for Refractory Overactive Bladder: Closing the Gaps in Anatomy, Mechanisms, and Parameter Selection","Marshall, Daniel P.",Advances in Therapy,2026,10.1007/s12325-026-03658-5,Springer,http://link.springer.com/openurl/pdf?id=doi:10.1007/s12325-026-03658-5
L3,Beyond oncogenesis: the unexplored benefits of viruses in cancer immunity,"Wang, Xin Wei",Nature Reviews Cancer,2026,10.1038/s41568-026-00948-6,Springer,https://www.nature.com/articles/s41568-026-00948-6.pdf
L3,The future is not always uniform: rethinking radiotherapy through spatial fractionation,"Iori, Federico",Nature Reviews Clinical Oncology,2026,10.1038/s41571-026-01161-y,Springer,https://www.nature.com/articles/s41571-026-01161-y.pdf
L3,Peritoneal Metastases in Stage II–III Colon Cancer Represent a Blind Spot for Circulating Tumor DNA Surveillance,"Ofori, Kwasi Ansere",Annals of Surgical Oncology,2026,10.1245/s10434-026-19903-8,Springer,http://link.springer.com/openurl/pdf?id=doi:10.1245/s10434-026-19903-8
L3,Five years of veterinary forensic necropsies in the Netherlands: a retrospective analysis of non-human cases,"Verkerk, Monique",International Journal of Legal Medicine,2026,10.1007/s00414-026-03840-y,Springer,http://link.springer.com/openurl/pdf?id=doi:10.1007/s00414-026-03840-y
L3,"Integrated human toxicokinetics of acetamiprid using urine, blood, and feces data in physiologically-based kinetic modelling for reverse dosimetry","Wieland, N. C.",Archives of Toxicology,2026,10.1007/s00204-026-04459-z,Springer,http://link.springer.com/openurl/pdf?id=doi:10.1007/s00204-026-04459-z
L3,Grin2a knockout in adolescent dopamine neurons disrupts prediction error signaling and produces a phenotype relevant to schizophrenia,"Kielhold, Michelle L.",Molecular Psychiatry,2026,10.1038/s41380-026-03632-1,Springer,https://www.nature.com/articles/s41380-026-03632-1.pdf
L3,Primary Kaposiform hemangioendothelioma of the tibia: report of a case with a previously undescribed GNAQ mutation,"Arcovito, Giorgia",Skeletal Radiology,2026,10.1007/s00256-026-05245-9,Springer,http://link.springer.com/openurl/pdf?id=doi:10.1007/s00256-026-05245-9
L3,Gut microbiome alterations are sex-dependently associated with brain abnormalities in a mouse model of Neurofibromatosis type I,"Reisinger, Sonali N.",Molecular Psychiatry,2026,10.1038/s41380-026-03609-0,Springer,https://www.nature.com/articles/s41380-026-03609-0.pdf
L3,Cell-type-specific genetic architecture reveals neuronal and immune contributions to neuropsychiatric disorders,"Wang, Xinyue",Molecular Psychiatry,2026,10.1038/s41380-026-03606-3,Springer,https://www.nature.com/articles/s41380-026-03606-3.pdf
L3,Deacetylase-independent HDAC1 condensation defines temozolomide response in glioblastoma,"Zhang, Qinkai",Nature Chemical Biology,2026,10.1038/s41589-025-02123-8,Springer,https://www.nature.com/articles/s41589-025-02123-8.pdf
L3,Immune dysregulation in pediatric cancer–associated nephrotic syndrome: current insights,"Ebrahim, Noura A. A.",Pediatric Nephrology,2026,10.1007/s00467-025-07102-8,Springer,http://link.springer.com/openurl/pdf?id=doi:10.1007/s00467-025-07102-8
L3,Pet-Based Family Model as a Global New Family Form: A Qualitative Study,"Öztürk, Ali",Human Arenas,2026,10.1007/s42087-025-00520-y,Springer,http://link.springer.com/openurl/pdf?id=doi:10.1007/s42087-025-00520-y
L3,Negotiating Relationships Within Multispecies Families: Analysing Dilemmas on Humanisation of the Bond,"López-Cepero, Javier",Human Arenas,2026,10.1007/s42087-025-00504-y,Springer,http://link.springer.com/openurl/pdf?id=doi:10.1007/s42087-025-00504-y
L3,Balancing surface chemistry and biocompatibility: an analysis of poly(dimethylsiloxane) and polyethylene terephthalate membrane bonding methods in Lab-on-a-Chip systems for cell culture,"Tadko, Oliwia",Microsystems & Nanoengineering,2026,10.1038/s41378-026-01402-1,Springer,https://www.nature.com/articles/s41378-026-01402-1.pdf
L3,Decadal-scale plastic mulching reshapes climate–soil–crop interactions across an elevation gradient on the Loess Plateau,"Wang, Ziqian",Plant and Soil,2026,10.1007/s11104-026-08814-y,Springer,http://link.springer.com/openurl/pdf?id=doi:10.1007/s11104-026-08814-y
L3,Q fever outbreak in a slaughterhouse in Brazil: description and decade-later investigation,"França, Danilo A.",Infection,2026,10.1007/s15010-026-02922-8,Springer,http://link.springer.com/openurl/pdf?id=doi:10.1007/s15010-026-02922-8
L3,The dual roles of lysine-specific demethylase 1 (KDM1A/LSD1) in the modulation of tumor immune microenvironment and its inhibitors in colorectal cancer,"Wang, Yuan-Ying",Journal of Molecular Medicine,2026,10.1007/s00109-026-02708-3,Springer,http://link.springer.com/openurl/pdf?id=doi:10.1007/s00109-026-02708-3
L3,"Building a specialized Chinese–Thai bilingual medical corpus for AI-powered translation systems: design, annotation strategy, and evaluation framework","Yang, Wanjie",Progress in Artificial Intelligence,2026,10.1007/s13748-026-00488-y,Springer,http://link.springer.com/openurl/pdf?id=doi:10.1007/s13748-026-00488-y
L3,Contrasting patterns of kelp-associated bacterial community dynamics between farmed and wild Saccharina latissima throughout an aquaculture season,"Ramshaw, Jasmine",Journal of Applied Phycology,2026,10.1007/s10811-026-03991-w,Springer,http://link.springer.com/openurl/pdf?id=doi:10.1007/s10811-026-03991-w
L3,High social jetlag in healthy youth: differences in tryptophan levels and regional gray matter volume,"Yamashita, Masatoshi",Journal of Neural Transmission,2026,10.1007/s00702-026-03214-z,Springer,http://link.springer.com/openurl/pdf?id=doi:10.1007/s00702-026-03214-z
L3,"Surfactant-Based Swollen Micelles Loaded with Oregano and Thyme Essential Oils as Aqueous Functional Ingredients: Colloidal Stability, Gastrointestinal Behavior, and Biological Activity","Delmonte, Agustina",Food Biophysics,2026,10.1007/s11483-026-10206-9,Springer,http://link.springer.com/openurl/pdf?id=doi:10.1007/s11483-026-10206-9
L3,"He Pulls a Knife, I Pull a Gun: Philosophy’s Potency in Organisation Research","Gould, Anthony M.",Philosophy of Management,2026,10.1007/s40926-026-00407-0,Springer,http://link.springer.com/openurl/pdf?id=doi:10.1007/s40926-026-00407-0
L3,"Patient Experience of Adrenocortical Carcinoma: Views from a Patient, His Physician and a Patient Association","Büdenbender, Marc",Advances in Therapy,2026,10.1007/s12325-026-03718-w,Springer,http://link.springer.com/openurl/pdf?id=doi:10.1007/s12325-026-03718-w
L3,Automated joint segmentation enables quantitative molecular imaging of degeneration with [¹⁸F]FDG and [¹⁸F]NaF PET/CT,"Lee, William K.",European Journal of Nuclear Medicine and Molecular Imaging,2026,10.1007/s00259-026-08139-z,Springer,http://link.springer.com/openurl/pdf?id=doi:10.1007/s00259-026-08139-z
L3,^188Re-SIRT Cold Kit: A Promising and Affordable Solution for Hepatocellular Carcinoma,"Chopra, Sejal","Proceedings of the National Academy of Sciences, India Section B: Biological Sciences",2026,10.1007/s40011-026-01809-w,Springer,http://link.springer.com/openurl/pdf?id=doi:10.1007/s40011-026-01809-w
L3,"Arthropod–plant–pathogen dynamics: integrated characterization of sugarcane crown mealybug (Phenacoccus saccharifolii Green, 1908) infestation and its associated Fusarium species complex","Namadara, Sandhya",Journal of Plant Diseases and Protection,2026,10.1007/s41348-026-01341-z,Springer,http://link.springer.com/openurl/pdf?id=doi:10.1007/s41348-026-01341-z
L3,Automatic Screening Method for High-Risk Driving Scenarios Based on Driving Risk Fields,"Bai, Xianxu",International Journal of Automotive Technology,2026,10.1007/s12239-026-00531-w,Springer,http://link.springer.com/openurl/pdf?id=doi:10.1007/s12239-026-00531-w
L3,Impact of Infant Feeding Mode on Gut Microbiome Composition in Early Life: Evidence from an Egyptian Cohort,"ELHindi, Shorok",Scientific Reports,2026,10.1038/s41598-026-66403-6,Springer,https://www.nature.com/articles/s41598-026-66403-6.pdf
L3,Potential risk of heartworm infection in the United States of America and its projected incidence by 2100,"Morchón, Rodrigo",Parasites & Vectors,2026,10.1186/s13071-026-07293-5,Springer,https://www.biomedcentral.com/openurl/pdf?id=doi:10.1186/s13071-026-07293-5
L3,Multimodal imaging and AI in brain tumor surgery: current tools and emerging integration,"Cordeiro, Diogo Pinheiro",npj Biomedical Innovations,2026,10.1038/s44385-026-00105-6,Springer,https://www.nature.com/articles/s44385-026-00105-6.pdf
L3,Pilot scale continuous-type refractance window dryer for high-quality fruit-bars: development and efficacy evaluation,"Nath, Prerna",Journal of Food Science and Technology,2026,10.1007/s13197-026-06861-y,Springer,http://link.springer.com/openurl/pdf?id=doi:10.1007/s13197-026-06861-y
L3,Attitudes toward reactive and proactive wildlife management across Europe,"Villafuerte-Jordán, Rafael",Ambio,2026,10.1007/s13280-026-02455-2,Springer,http://link.springer.com/openurl/pdf?id=doi:10.1007/s13280-026-02455-2
L4,High Barrier Poly(Glycolic Acid) Modified Poly(Butylene Adipate-co-terephthalate) Blown Films and Accelerated Ultraviolet Degradability Evaluation,Desconocido,No disponible,,10.1021/acsapm.3c00137.s001,Crossref,
L4,Enhancement of Water Vapor Barrier Properties of Biodegradable Poly(butylene adipate-co-terephthalate) Films with Highly Oriented Organomontmorillonite,Desconocido,No disponible,,10.1021/acssuschemeng.8b00430.s001,Crossref,
L4,"Toward High Strength, Ductility, and Barrier Performance for Poly(glycolic acid)/Poly(butylene adipate-co-terephthalate) Green Films through Reactive Compatibilization and Biaxial Drawing",Desconocido,No disponible,,10.1021/acs.macromol.3c01622.s001,Crossref,
L4,"Mechanical, Barrier, and Biodegradable Properties of Poly(butylene adipate-co-terephthalate)/Polyglycolic Acid Blends Prepared by Reactive Extrusion",Desconocido,No disponible,,10.1021/acsaenm.2c00069.s001,Crossref,
L4,"Effect of biaxial stretching on the microstructure evolution, optical, mechanical and oxygen barrier properties of biodegradable poly(lactic acid) (PLA)/poly(butylene adipate-co-terephthalate) (PBAT) films",Xiaochao Liu,International Journal of Biological Macromolecules,2023,10.1016/j.ijbiomac.2023.126976,Crossref,
L4,Development of Biodegradable Polyamide 4/Polyvinyl Alcohol/Poly(lactic acid) Multilayer Films with Tunable Water Barrier Property and Superior Oxygen Barrier Property,Desconocido,No disponible,,10.1021/acsapm.3c00230.s001,Crossref,
L4,"Ultrastrong, High-Barrier, and Transparent Poly(butylene adipate-co-terephthalate) Achieved via Ligament Relaxation-Inspired Calendaring in the Cold Solid-State",Desconocido,No disponible,,10.1021/acssuschemeng.4c07814.s001,Crossref,
L4,Incorporation of Large-Scale Prepared Poly(ethylene oxalate) into Biodegradable Poly(butylene adipate-co-terephthalate) Blown Films with Enhanced Mechanical and Barrier Performance,Desconocido,No disponible,,10.1021/acssuschemeng.3c02552.s001,Crossref,
L4,Mathematical modeling of mechanical and barrier properties of poly(lactic acid)/poly(butylene adipate-co-terephthalate)/thermoplastic starch based nanocomposites,Pavan Harshit Manepalli,Journal of Food Engineering,2019,10.1016/j.jfoodeng.2019.04.004,Crossref,
L4,Design and Synthesis of Stereoblock Polylactic Acid with High Oxygen and Water Vapor Barrier Performances,Desconocido,No disponible,,10.1021/acs.iecr.3c03003.s001,Crossref,
L4,Improved barrier properties of PP/LDPE composite film: effect of montmorillonite and poly (lactic acid),Desconocido,No disponible,,10.58837/chula.the.2018.405,Crossref,
L4,Super-Robust Polylactide Barrier Films by Building Densely Oriented Lamellae Incorporated with Ductile in Situ Nanofibrils of Poly(butylene adipate-co-terephthalate),Desconocido,No disponible,,10.1021/acsami.6b00451.s001,Crossref,
L4,Active Antioxidant Packaging from Essential Oils Incorporated Thermoplastic Starch/Polylactic Acid/Poly(Butylene Adipate-Co-Terephthalate) (TPS/PLA/PBAT) for the Autolysis of Straw Mushroom (Volvariella Volvacea),Meiyan Zhao,No disponible,,10.2139/ssrn.3921676,Crossref,
L4,"A Green High Barrier Solution for Paperboard Packaging based on Potato Fruit Juice, Poly(lactic acid), and Poly(butylene adipate terephthalate)",Simi Poulose,ACS Applied Polymer Materials,2022,10.1021/acsapm.2c00153,Crossref,https://pubs.acs.org/doi/pdf/10.1021/acsapm.2c00153
L4,Effects of Long Exposure to Dielectric Barrier Discharge on Films of Commercial Blends of Poly(Butylene Adipate-co-Terephthalate) (PBAT) and Thermoplastic Starch (TPS),Karen Dayana Gutiérrez Silva,IOCPS 2025,2025,10.3390/proceedings2026136069,Crossref,
L4,All-Organic Multilayer Coatings for Advanced Poly(lactic acid) Films with High Oxygen Barrier and Excellent Antifogging Properties,Desconocido,No disponible,,10.1021/acsapm.9b01030.s001,Crossref,
L4,"Biopolymer and Carnauba Wax Coating for Improved Paper Oxygen Barrier, Water Vapor Barrier, and Grease Resistance",Desconocido,No disponible,,10.1021/acsami.5c09638.s001,Crossref,
L4,"Effect of Clay on Thermal, Mechanical and Gas Barrier Properties of Biodegradable Poly(lactic acid)/Poly(butylene succinate) (PLA/PBS) Nanocomposites",A. Bhatia,International Polymer Processing,2010,10.3139/217.2214,Crossref,
L4,Polylactic Acid (PLA) containing Talc Microparticles and Amorphous Polyhydroxyalkanoates (aPHAs) for Improved Barrier and Mechanical Properties in Food Packaging,Mohammed alfaifi,No disponible,,10.33915/etd.12714,Crossref,
L4,Mechanical and barrier properties of simultaneous biaxially stretched polylactic acid/thermoplastic starch/poly(butylene adipate-co-terephthalate) films,Porawee Katanyoota,Polymer Bulletin,2023,10.1007/s00289-022-04312-0,Crossref,https://link.springer.com/content/pdf/10.1007/s00289-022-04312-0.pdf
L4,Biodegradable Poly(butylene adipate-co-terephthalate)/Poly(glycolic acid) Films: Effect of Poly(glycolic acid) Crystal on Mechanical and Barrier Properties,Hong-Wei Pan,Chinese Journal of Polymer Science,2023,10.1007/s10118-023-2934-2,Crossref,https://link.springer.com/content/pdf/10.1007/s10118-023-2934-2.pdf
L4,"Micromorphology, mechanical, crystallization and permeability properties analysis of HA/PBAT/PLA (HA, hydroxyapatite; PBAT, poly(butylene adipate‐<i>co</i>‐butylene terephthalate); PLA, polylactide) degradability packaging films",Qianru Yao,Polymer International,2020,10.1002/pi.5953,Crossref,https://api.wiley.com/onlinelibrary/tdm/v1/articles/10.1002%2Fpi.5953
L4,"POLY (L-LACTIC ACID)/LAYERED SILICATE NANOCOMPOSITE BLOWN FILM FOR PACKAGING APPLICATION: THERMAL, MECHANICAL AND BARRIER PROPERTIES",Satpal Singh,nano Online,,10.1515/nano.0036.00014,Crossref,
L4,Nanoparticle Shape Influence over Poly(lactic acid) Barrier Properties by Molecular Dynamics Simulations,Desconocido,No disponible,,10.1021/acsomega.1c04589.s001,Crossref,
L4,"Effect of 1,4-Bis(Tert-Butyl Peroxy Isopropyl) Benzene on the Rheological, Mechanical, Thermal and Barrier Properties of Poly(Butylene Succinate-Co-Terephthalate)/Poly(Lactic Acid) Blends and Blown Films",Xiangyu Yan,No disponible,,10.2139/ssrn.4082620,Crossref,
L4,Water Resistance and Barrier Properties Improvement of Paperboard by Poly(Lactic Acid) Electrospraying,T. Archaviboonyobul,Packaging Technology and Science,2014,10.1002/pts.2034,Crossref,https://api.wiley.com/onlinelibrary/tdm/v1/articles/10.1002%2Fpts.2034
L4,One-step assembly of poly(vinyl alcohol)/tannic acid complexes as a high oxygen barrier coating for poly(lactic acid) packaging films,Tao Zhang,Progress in Organic Coatings,2023,10.1016/j.porgcoat.2023.107880,Crossref,
L4,"Development of ultra-thin poly(L-lactic acid)-based films integrating toughness, barrier properties, and gas selectivity: Towards gas-permeation controllable green food packaging",Jian Hu,Food Chemistry,2024,10.1016/j.foodchem.2024.139218,Crossref,
L4,High Barrier Layer Though Dielectric Barrier Discharge (DBD) Plasma Assisted Atomic Layer Deposition Alumina at Atmospheric Pressure on Polylactic Acid Web,HAI-YING WEI,The 21st IAPRI World Conference on Packaging,2018,10.12783/iapri2018/24440,Crossref,http://www.dpi-proceedings.com/index.php/iapri2018/article/viewFile/24440/24074
L4,Exploring the Size Effect of Graphene Oxide on Crystallization Kinetics and Barrier Properties of Poly(lactic acid),Desconocido,No disponible,,10.1021/acsomega.2c03830.s001,Crossref,
L4,"Enhanced Impact Resistance, Oxygen Barrier, and Thermal Dimensional Stability of Biaxially Processed Miscible Poly(Lactic Acid)/Poly(Butylene Succinate) Thin Films",Piyawanee Jariyasakoolroj,Polymers,2024,10.3390/polym16213033,Crossref,
L4,Using Graphene Oxide to Enhance the Barrier Properties of Poly(lactic acid) Film,Ling-Ling Wu,Packaging Technology and Science,2014,10.1002/pts.2058,Crossref,
L4,"Enhanced Performance of Poly(lactic acid)/Poly(butylene adipate-co-terephthalate) Blends with Metal–Organic Framework (MOF-2) and Epoxy Functionalized Graphene (EFG): A Comprehensive Study of Morphology, Rheological, Thermal, Mechanical, and Barrier Properties",Fatima Benbelaid,Journal of Inorganic and Organometallic Polymers and Materials,2026,10.1007/s10904-025-03923-0,Crossref,https://link.springer.com/content/pdf/10.1007/s10904-025-03923-0.pdf
L4,Antifungal films from trans-cinnamaldehyde incorporated poly(lactic acid) and poly(butylene adipate-co-terephthalate) for bread packaging,Atcharawan Srisa,Food Chemistry,2020,10.1016/j.foodchem.2020.127537,Crossref,
L4,Water Barrier Properties of PLA-based Cellulose Composites,Aswathy Jayakumar,Polylactic Acid-Based Nanocellulose and Cellulose Composites,2022,10.1201/9781003160458-10,Crossref,
L4,"Rheology, Mechanical Properties, and Barrier Properties of Poly(lactic acid)",Sandra Domenek,Advances in Polymer Science,2017,10.1007/12_2016_17,Crossref,
L4,"Toward Biobased, Biodegradable, and Smart Barrier Packaging Material: Modification of Poly(Neopentyl Glycol 2,5-Furandicarboxylate) with Succinic Acid",Desconocido,No disponible,,10.1021/acssuschemeng.8b05990.s001,Crossref,
L4,The effect of organo‐modified silicate nanolayers on the oxygen and water vapor barrier properties of poly(lactic acid),Mohsen Hajibeygi,Journal of the Chinese Chemical Society,2018,10.1002/jccs.201800058,Crossref,https://api.wiley.com/onlinelibrary/tdm/v1/articles/10.1002%2Fjccs.201800058
L4,Enhancing the Barrier and Mechanical Properties of Kraft Paper for Food Packaging using Poly (Lactic Acid) Coatings via Dip-Coating Technique,Desconocido,Makara Journal of Science,2026,10.7454/mss.v30i2.3300,Crossref,
L4,Structural evolution and barrier enhancement of polylactide-based films via double bubble extrusion with poly(butylene adipate-co-terephthalate) and thermoplastic starch,Suttinun Phongtamrug,MRS Communications,2026,10.1557/s43579-026-00922-1,Crossref,https://link.springer.com/content/pdf/10.1557/s43579-026-00922-1.pdf
L4,"Antimicrobial, mechanical, barrier, and thermal properties of bio‐based poly (butylene adipate‐<i>co</i>‐terephthalate) (<scp>PBAT</scp>)/<scp>Ag</scp><sub>2</sub><scp>O</scp> nanocomposite films for packaging application",Raja Venkatesan,Polymers for Advanced Technologies,2018,10.1002/pat.4089,Crossref,https://api.wiley.com/onlinelibrary/tdm/v1/articles/10.1002%2Fpat.4089
L4,High-Barrier Poly(butylene succinate-<i>co</i>-terephthalate) Blend with Poly(lactic acid) as Biodegradable Food Packaging Films,Chao Li,Industrial &amp; Engineering Chemistry Research,2023,10.1021/acs.iecr.3c00158,Crossref,https://pubs.acs.org/doi/pdf/10.1021/acs.iecr.3c00158
L4,Oxygen‐barrier properties of poly(lactic acid)/poly(vinyl acetate‐<i>co</i>‐vinyl alcohol) blends as biodegradable films,S. M. Razavi,Journal of Applied Polymer Science,2012,10.1002/app.36376,Crossref,
L4,Fungal Biodegradation of Poly(Butylene Adipate-Co-Terephthalate)-Polylactic Acid-Thermoplastic Starch Based Commercial Bio-Plastic Film at Ambient Conditions,Yongseok Ko,No disponible,,10.2139/ssrn.4678777,Crossref,
L4,Biodegradable poly(lactic acid)-based hybrid coating materials for food packaging films with gas barrier properties,Gree Bang,Journal of Industrial and Engineering Chemistry,2012,10.1016/j.jiec.2011.12.004,Crossref,
L4,Bio-based additives from fatty acid derivatives for PLA : enhancing its thermomechanical and gas barrier properties,Jamie Rubinstein,No disponible,,10.70675/047b3f4dzb04ez4208zbab6zf10bb8566748,Crossref,
L4,"Effect of the talc filler on structural, water vapor barrier and mechanical properties of poly(lactic acid) composites",Aleksandra Buzarovska,Journal of Polymer Engineering,2016,10.1515/polyeng-2015-0014,Crossref,
L4,"A Green Deep Eutectic Solvent Treatment to Enhance Uv Barrier Capacity, Thermal Stability, and Mechanical Properties in Wood Particle Filled Poly (Lactic Acid) Biocomposites for Packaging Application",Chao Lv,No disponible,,10.2139/ssrn.4732112,Crossref,
L4,Gum Rosin as a Size Control Agent of Poly(Butylene Adipate-Co-Terephthalate) (PBAT) Domains to Increase the Toughness of Packaging Formulations Based on Polylactic Acid (PLA),Miguel Aldas,Polymers,2021,10.3390/polym13121913,Crossref,
L4,Influence of citric acid on thermoplastic wheat flour/poly(lactic acid) blends. II. Barrier properties and water vapor sorption isotherms,H. Abdillahi,Industrial Crops and Products,2013,10.1016/j.indcrop.2013.06.028,Crossref,
L4,"Esterification and Acidolysis Controlled Multifunctional PBAT/Thermoplastic Starch (TPS) Films with Nano Mica Exfoliated by Critic Acid: Regulable Degradation, Excellent UV Resistance, Enhanced Interfacial Compatibility, and High Water Vapor Barrier",Desconocido,No disponible,,10.1021/acssuschemeng.5c07682.s001,Crossref,
L4,Ultra-tough polylactic acid/poly(butylene adipate-co-terephthalate) blend for food packaging applications,Amir Mahdipour,Journal of Elastomers &amp; Plastics,2025,10.1177/00952443251362821,Crossref,https://journals.sagepub.com/doi/pdf/10.1177/00952443251362821
L4,Enhanced oxygen‐barrier and water‐resistance properties of poly(vinyl alcohol) blended with poly(acrylic acid) for packaging applications,Mijin Lim,Polymer International,2016,10.1002/pi.5068,Crossref,https://api.wiley.com/onlinelibrary/tdm/v1/articles/10.1002%2Fpi.5068
L4,Barrier properties of poly(lactic acid)/cloisite 30B composites and their relation between oxygen permeability and relative humidity,Melanie Bartel,Journal of Applied Polymer Science,2017,10.1002/app.44424,Crossref,
L4,Efficient Gas and Water Vapor Barrier Properties of Thin Poly(lactic acid) Packaging Films: Functionalization with Moisture Resistant Nafion and Clay Multilayers,Federico Carosio,Chemistry of Materials,2014,10.1021/cm501359e,Crossref,
L4,"Nanoamphiphilic Chitosan Dispersed Poly(lactic acid) Bionanocomposite Films with Improved Thermal, Mechanical, and Gas Barrier Properties",Akhilesh Kumar Pal,Biomacromolecules,2016,10.1021/acs.biomac.6b00619,Crossref,
L4,Uniformly Dispersed Poly(lactic acid)-Grafted Lignin Nanoparticles Enhance Antioxidant Activity and UV-Barrier Properties of Poly(lactic acid) Packaging Films,Alice Boarino,ACS Applied Polymer Materials,2022,10.1021/acsapm.2c00420,Crossref,https://pubs.acs.org/doi/pdf/10.1021/acsapm.2c00420
L4,Thermal and barrier properties of poly(butylene adipate-coterephthalate) incorporated with zeolite doped potassium ion for packaging film,P Threepopnatkul,IOP Conference Series: Materials Science and Engineering,2020,10.1088/1757-899x/773/1/012042,Crossref,https://iopscience.iop.org/article/10.1088/1757-899X/773/1/012042/pdf
L4,Grafting Polymerization of Long-Chain Hydrophobic Acrylic Monomer onto Lignin and Its Application in Poly(Lactic Acid)-Based Wholly Green UV Barrier Composite Films,Desconocido,No disponible,,10.1021/acsomega.3c01738.s001,Crossref,
L4,Biodegradation of Poly(Butylene Adipate-Co-Terephthalate)-Polylactic Acid-Thermoplastic Starch Based Commercial Bio-Plastic Film Using Newly Isolated Fungal Strains at Ambient Conditions,Yongseok Ko,No disponible,,10.2139/ssrn.4654324,Crossref,
L4,Aqueous Modification of Chitosan with Itaconic Acid to Produce Strong Oxygen Barrier Film,Desconocido,No disponible,,10.1021/acs.biomac.1c00216.s001,Crossref,
L4,"Biodegradable Copolyesters Derived from 2,5-Thiophenedicarboxylic Acid for High Gas Barrier Packaging Applications: Synthesis, Crystallization Properties, and Biodegradation Mechanisms",Desconocido,No disponible,,10.1021/acssuschemeng.4c03611.s001,Crossref,
L4,"Eco‐friendly enhancement of
                    <scp>poly(lactic acid)</scp>
                    /
                    <scp>poly(butylene adipate‐co‐terephthalate)</scp>
                    bridgeable composites using natural cotton stalk: A novel approach to improved mechanical, barrier properties, and compatibility",Chi‐Hui Tsou,Polymer Engineering &amp; Science,2024,10.1002/pen.26881,Crossref,
L4,Plasticization Effect of Poly(Lactic Acid) in the Poly(Butylene Adipate–co–Terephthalate) Blown Film for Tear Resistance Improvement,Do Young Kim,Polymers,2020,10.3390/polym12091904,Crossref,
L4,"The effect of surfactant Tween 80 on the hydrophilicity, water vapor permeation, and the mechanical properties of cassava starch and poly(butylene adipate-co-terephthalate) (PBAT) blend films",Renata P. Herrera Brandelero,Carbohydrate Polymers,2010,10.1016/j.carbpol.2010.06.034,Crossref,
L4,Design and Synthesis of Branched Polylactic Acid with Adjustable Barrier Performances,Desconocido,No disponible,,10.1021/acs.iecr.5c01381.s001,Crossref,
L4,Eco‐Friendly Poly(Lactic Acid)/Poly (Butylene Adipate‐Co‐Terephthalate) Films Loaded by Zinc‐Aluminum Layered Double Hydroxide Nanoparticles for Packaging Applications,Mahsa Ansari,Polymer Composites,2025,10.1002/pc.70058,Crossref,https://4spepublications.onlinelibrary.wiley.com/doi/pdf/10.1002/pc.70058
L4,Effect of poly(vinyl alcohol)-g-poly(lactic acid) on the oxygen barrier performance of poly(lactic acid)-based film,Zheyuan Fan,International Journal of Biological Macromolecules,2025,10.1016/j.ijbiomac.2024.138819,Crossref,
L4,"From Cellulose Nanospheres, Nanorods to Nanofibers: Various Aspect Ratio Induced Nucleation/Reinforcing Effects on Polylactic Acid for Robust-Barrier Food Packaging",Desconocido,No disponible,,10.1021/acsami.7b09102.s001,Crossref,
L4,Lignin-Coated Tannic Acid Polyvinyl Alcohol Coated Film with High Barrier and Uv Protection for Food Packaging,Mengyu Wang,No disponible,,10.2139/ssrn.5064703,Crossref,
L4,Poly(lactic acid)/poly(butylene-succinate-co-adipate) (PLA/PBSA) blend films containing thymol as alternative to synthetic preservatives for active packaging of bread,Panitee Suwanamornlert,Food Packaging and Shelf Life,2020,10.1016/j.fpsl.2020.100515,Crossref,
L4,Vapor barrier membranes based on polylactic acid and cellulose microfibers for the building envelope application,Masoud Dadras Chomachayi,No disponible,,10.21203/rs.3.rs-2782496/v1,Crossref,
L4,Melt processing of biodegradable poly(lactic acid)/functionalized chitosan nanocomposite films: mechanical modeling with improved oxygen barrier and thermal properties,Akhilesh K. Pal,Journal of Polymer Research,2017,10.1007/s10965-017-1305-5,Crossref,http://link.springer.com/content/pdf/10.1007/s10965-017-1305-5.pdf
L4,"Review for ""Pepper‐rosmarin essential oil ( &lt;i&gt;Lippia sidoides Cham&lt;/i&gt; .) as an antioxidant additive for PBAT ‐ poly (butylene adipate co‐terephthalate) films and its application for active packaging""",Desconocido,No disponible,2022,10.1111/ijfs.15931/v2/review1,Crossref,
L4,Poly(lactic acid)/Poly(butylene succinate) (PLA/PBS) Layered Composite Gas Barrier Membranes by Anisotropic Janus Nanosheets Compartibilizers,Meng Zhang,ACS Macro Letters,2022,10.1021/acsmacrolett.2c00139,Crossref,https://pubs.acs.org/doi/pdf/10.1021/acsmacrolett.2c00139
L4,"Review for ""Pepper‐rosmarin essential oil ( &lt;i&gt;Lippia sidoides Cham&lt;/i&gt; .) as an antioxidant additive for PBAT ‐ poly (butylene adipate co‐terephthalate) films and its application for active packaging""",Desconocido,No disponible,2022,10.1111/ijfs.15931/v1/review3,Crossref,
L4,"Synergistic effect of polylactic acid(PLA) and Poly(butylene succinate-co-adipate) (PBSA) based sustainable, reactive, super toughened eco-composite blown films for flexible packaging applications",Bishwabhusana Palai,Polymer Testing,2020,10.1016/j.polymertesting.2019.106130,Crossref,
L4,Enhanced oxygen barrier properties of poly(lactic acid) via oxygen scavenging strategy combining with uniaxial stretching,Zeyuan Pan,International Journal of Biological Macromolecules,2021,10.1016/j.ijbiomac.2021.03.161,Crossref,
L4,"Poly (L-lactic acid)/layered Silicate Nanocomposite Blown Film for Packaging Application: Thermal, Mechanical and Barrier Properties",S. Singh,Journal of Polymer Engineering,2010,10.1515/polyeng.2010.30.5-7.361,Crossref,
L4,Effect of Polylactic Acid Film Barrier on Intra-Abdominal Adhesion Formation,J.M. Daly,Yearbook of Surgery,2009,10.1016/s0090-3671(09)79371-1,Crossref,
L4,High Pressure Treatment for Improving Water Vapour Barrier Properties of Poly(lactic acid)/Ag Nanocomposite Films,Hai Chi,Polymers,2018,10.3390/polym10091011,Crossref,
L4,"Innovative Interfacial Compatibilization and Blowing Strategies for Advancing PLA/PBAT Blown Films: Enhancing Film Blowing Stability, Mechanical Properties, and Barrier Properties",Desconocido,No disponible,,10.1021/acsomega.6c02483.s001,Crossref,
L4,Fish-Based Biopolymer Complex Coacervate Coating for Improved Paper Oxygen and Water Barrier,Desconocido,No disponible,,10.1021/acs.biomac.5c02091.s001,Crossref,
L4,"Polylactic Acid Biocomposites Reinforced with Nanocellulose Fibrils with High Lignin Content for Improved Mechanical, Thermal, and Barrier Properties",Desconocido,No disponible,,10.1021/acssuschemeng.8b01405.s001,Crossref,
L4,"Poly(lactic acid)/thermoplastic starch sheets: effect of adipate esters on the morphological, mechanical and barrier properties",Marianne Ayumi Shirai,Polímeros,2016,10.1590/0104-1428.2123,Crossref,
L4,"Influence of NiO Supported Silica Nanoparticles on Mechanical, Barrier, Optical and Antibacterial Properties of Polylactic Acid (PLA) Bio Nanocomposite Films for Food Packaging Applications",V. Ramji,Silicon,2022,10.1007/s12633-020-00839-x,Crossref,https://link.springer.com/content/pdf/10.1007/s12633-020-00839-x.pdf
L4,Facile fabrication of transparent high-barrier poly(lactic acid)-based bilayer films with antioxidant/antimicrobial performances,Seyed Fakhreddin Hosseini,Food Chemistry,2022,10.1016/j.foodchem.2022.132540,Crossref,
L4,Improving the Barrier Properties of Poly(Lactic Acid) by Blending with Poly(Ethylene-Co-Vinyl Alcohol),Zongyan Gui,"Journal of Macromolecular Science, Part B",2013,10.1080/00222348.2012.720180,Crossref,
L4,"Review for ""Characterisations of cassava starch and poly(butylene adipate-co-terephthalate) blown film with silicon dioxide nanocomposites""",Desconocido,No disponible,2022,10.1111/ijfs.15816/v1/review1,Crossref,
L4,Facile fabrication of highly flexible poly(lactic acid) film using alternate multilayers of poly[(butylene adipate)‐<i>co</i>‐terephthalate],Deuk‐Young Lee,Polymer International,2015,10.1002/pi.4848,Crossref,
L4,Barrier properties of polypropylene carbonate and poly(lactic acid) cast films,Göran Flodberg,European Polymer Journal,2015,10.1016/j.eurpolymj.2014.12.020,Crossref,
L4,"Effects of synthetic phenolic antioxidants on physical, structural, mechanical and barrier properties of poly lactic acid film",Majid Jamshidian,Carbohydrate Polymers,2012,10.1016/j.carbpol.2011.09.089,Crossref,
L4,Influence of dielectric barrier discharge atmosphere on polylactic acid (PLA) surface modification,N. De Geyter,Surface and Coatings Technology,2013,10.1016/j.surfcoat.2012.11.004,Crossref,
L4,Chapter 5. Barrier properties of polylactic acid,Maryam Safaei,Polylactic Acid Composites,2023,10.1515/9783111067285-005,Crossref,
L4,"Review for ""Characterisations of cassava starch and poly(butylene adipate-co-terephthalate) blown film with silicon dioxide nanocomposites""",Desconocido,No disponible,2022,10.1111/ijfs.15816/v1/review2,Crossref,
L4,Effect of nano-cellulosic fiber on mechanical and barrier properties of polylactic acid (PLA) green nanocomposite film,Ritesh Kumar,Materials Research Express,2019,10.1088/2053-1591/ab5755,Crossref,http://iopscience.iop.org/article/10.1088/2053-1591/ab5755/pdf
L4,Water barrier and mechanical properties of sugar palm crystalline nanocellulose reinforced thermoplastic sugar palm starch (TPS)/poly(lactic acid) (PLA) blend bionanocomposites,Asmawi Nazrin,Nanotechnology Reviews,2021,10.1515/ntrev-2021-0033,Crossref,
L4,"Review for ""Characterisations of cassava starch and poly(butylene adipate-co-terephthalate) blown film with silicon dioxide nanocomposites""",Desconocido,No disponible,2022,10.1111/ijfs.15816/v2/review1,Crossref,
L4,"Review for ""Characterisations of cassava starch and poly(butylene adipate-co-terephthalate) blown film with silicon dioxide nanocomposites""",Desconocido,No disponible,2022,10.1111/ijfs.15816/v1/review4,Crossref,
L4,"Review for ""Characterisations of cassava starch and poly(butylene adipate-co-terephthalate) blown film with silicon dioxide nanocomposites""",Desconocido,No disponible,2022,10.1111/ijfs.15816/v2/review2,Crossref,
L4,"Review for ""Pepper‐rosmarin essential oil ( &lt;i&gt;Lippia sidoides Cham&lt;/i&gt; .) as an antioxidant additive for PBAT ‐ poly (butylene adipate co‐terephthalate) films and its application for active packaging""",Desconocido,No disponible,2022,10.1111/ijfs.15931/v1/review1,Crossref,
L4,"Review for ""Pepper‐rosmarin essential oil ( &lt;i&gt;Lippia sidoides Cham&lt;/i&gt; .) as an antioxidant additive for PBAT ‐ poly (butylene adipate co‐terephthalate) films and its application for active packaging""",Desconocido,No disponible,2022,10.1111/ijfs.15931/v1/review2,Crossref,
L4,Bio-nanocomposites for food packaging applications,Jong‐Whan Rhim,Progress in Polymer Science,2013,10.1016/j.progpolymsci.2013.05.008,OpenAlex,
L4,ViennaRNA Package 2.0,Ronny Lorenz,Algorithms for Molecular Biology,2011,10.1186/1748-7188-6-26,OpenAlex,https://almob.biomedcentral.com/counter/pdf/10.1186/1748-7188-6-26
L4,Transparent and High Gas Barrier Films of Cellulose Nanofibers Prepared by TEMPO-Mediated Oxidation,Hayaka Fukuzumi,Biomacromolecules,2008,10.1021/bm801065u,OpenAlex,
L4,Review: Nanocomposites in Food Packaging,Amit Arora,Journal of Food Science,2009,10.1111/j.1750-3841.2009.01456.x,OpenAlex,
L4,Natural Biopolymer-Based Nanocomposite Films for Packaging Applications,Jong-Whan Rhim,Critical Reviews in Food Science and Nutrition,2007,10.1080/10408390600846366,OpenAlex,
L4,Nano-magnesium oxide reinforced polylactic acid biofilms for food packaging applications,Chetan Swaroop,International Journal of Biological Macromolecules,2018,10.1016/j.ijbiomac.2018.02.156,OpenAlex,https://pureadmin.qub.ac.uk/ws/files/147366654/chetan_biol_macromol_1_s2.0_S0141813018303039_main.pdf
L4,"Influence of chain extender on mechanical, thermal and morphological properties of blown films of PLA/PBAT blends",Liliane Cardoso Arruda,Polymer Testing,2015,10.1016/j.polymertesting.2015.02.005,OpenAlex,https://www.sciencedirect.com/science/article/pii/S014294181500029X/pdf
L4,Polysaccharide-based films and coatings for food packaging: A review,Patricia Cazón,Food Hydrocolloids,2016,10.1016/j.foodhyd.2016.09.009,OpenAlex,https://repozitorij.ung.si/IzpisGradiva.php?id=6031
L4,Preparation of poly(lactide)/poly(butylene adipate-co-terephthalate) blend films using a solvent casting method and their food packaging application,Long-Feng Wang,LWT,2016,10.1016/j.lwt.2015.12.062,OpenAlex,
L4,"Mechanical, water vapor barrier and thermal properties of gelatin based edible films",Paulo José do Amaral Sobral,Food Hydrocolloids,2001,10.1016/s0268-005x(01)00061-3,OpenAlex,
L4,Combined Effect of Poly(hydroxybutyrate) and Plasticizers on Polylactic acid Properties for Film Intended for Food Packaging,Marina P. Arrieta,Journal of Polymers and the Environment,2014,10.1007/s10924-014-0654-y,OpenAlex,http://hdl.handle.net/10251/53706
L4,PLA/PBAT Bionanocomposites with Antimicrobial Natural Rosin for Green Packaging,Hesham Moustafa,ACS Applied Materials & Interfaces,2017,10.1021/acsami.7b05557,OpenAlex,
L4,Ternary PLA–PHB–Limonene blends intended for biodegradable food packaging applications,Marina P. Arrieta,European Polymer Journal,2013,10.1016/j.eurpolymj.2013.11.009,OpenAlex,http://hdl.handle.net/10251/53139
L4,On the Use of PLA-PHB Blends for Sustainable Food Packaging Applications,Marina P. Arrieta,Materials,2017,10.3390/ma10091008,OpenAlex,https://www.mdpi.com/1996-1944/10/9/1008/pdf?version=1504011226
L4,"PLA-PHB/cellulose based films: Mechanical, barrier and disintegration properties",Marina P. Arrieta,Polymer Degradation and Stability,2014,10.1016/j.polymdegradstab.2014.05.010,OpenAlex,http://hdl.handle.net/10251/58705
L4,Bio-based active food packaging materials: Sustainable alternative to conventional petrochemical-based packaging materials,Muhammad Asgher,Food Research International,2020,10.1016/j.foodres.2020.109625,OpenAlex,
L4,The development and challenges of poly (lactic acid) and poly (glycolic acid),K. Jim Jem,Advanced Industrial and Engineering Polymer Research,2020,10.1016/j.aiepr.2020.01.002,OpenAlex,https://www.sciencedirect.com/science/article/pii/S2542504820300026/pdf
L4,UV protective poly(lactic acid)/rosin films for sustainable packaging,Meenu Narayanan,International Journal of Biological Macromolecules,2017,10.1016/j.ijbiomac.2017.01.152,OpenAlex,
L4,Morphology and barrier properties of solvent cast composites of thermoplastic biopolymers and purified cellulose fibers,María Sánchez‐García,Carbohydrate Polymers,2007,10.1016/j.carbpol.2007.05.041,OpenAlex,
L4,Bionanocomposite films based on plasticized PLA–PHB/cellulose nanocrystal blends,Marina P. Arrieta,Carbohydrate Polymers,2015,10.1016/j.carbpol.2014.12.056,OpenAlex,http://hdl.handle.net/10251/52884
L4,Abiotic and biotic environmental degradation of the bioplastic polymer poly(lactic acid): A review,Mehlika Karamanlioglu,Polymer Degradation and Stability,2017,10.1016/j.polymdegradstab.2017.01.009,OpenAlex,https://e-space.mmu.ac.uk/623422/1/1-s2.0-S0141391017300095-main.pdf
L4,Enhancement of Water Vapor Barrier Properties of Biodegradable Poly(butylene adipate- co -terephthalate) Films with Highly Oriented Organomontmorillonite,Jiaxu Li,ACS Sustainable Chemistry & Engineering,2018,10.1021/acssuschemeng.8b00430,OpenAlex,
L4,Mechanical and Barrier Properties of Biodegradable Films Made from Chitosan and Poly (Lactic Acid) Blends,Nugraha Edhi Suyatma,Journal of Polymers and the Environment,2003,10.1023/b:jooe.0000003121.12800.4e,OpenAlex,
L4,Optimising Ductility of Poly(Lactic Acid)/Poly(Butylene Adipate-co-Terephthalate) Blends Through Co-continuous Phase Morphology,Yixin Deng,Journal of Polymers and the Environment,2018,10.1007/s10924-018-1256-x,OpenAlex,https://link.springer.com/content/pdf/10.1007/s10924-018-1256-x.pdf
L4,Nanocomposites for food packaging applications,Henriette Monteiro Cordeiro de Azeredo,Food Research International,2009,10.1016/j.foodres.2009.03.019,OpenAlex,
L4,Preparation of bioactive functional poly(lactic acid)/curcumin composite film for food packaging application,Swarup Roy,International Journal of Biological Macromolecules,2020,10.1016/j.ijbiomac.2020.08.094,OpenAlex,
L4,Improved barrier properties of poly(lactic acid) with randomly dispersed graphene oxide nanosheets,Hua‐Dong Huang,Journal of Membrane Science,2014,10.1016/j.memsci.2014.04.009,OpenAlex,
L4,Super-Robust Polylactide Barrier Films by Building Densely Oriented Lamellae Incorporated with Ductile in Situ Nanofibrils of Poly(butylene adipate- co -terephthalate),Shengyang Zhou,ACS Applied Materials & Interfaces,2016,10.1021/acsami.6b00451,OpenAlex,
L4,Thermal degradation of polylactic acid (PLA)/polyhydroxybutyrate (PHB) blends: A systematic review,Maël Kervran,Polymer Degradation and Stability,2022,10.1016/j.polymdegradstab.2022.109995,OpenAlex,https://www.sciencedirect.com/science/article/am/pii/S0141391022001781?via%3Dihub
L4,On the use of plant cellulose nanowhiskers to enhance the barrier properties of polylactic acid,María Sánchez‐García,Cellulose,2010,10.1007/s10570-010-9430-x,OpenAlex,
L4,Effects of modified cellulose nanocrystals on the barrier and migration properties of PLA nano-biocomposites,Elena Fortunati,Carbohydrate Polymers,2012,10.1016/j.carbpol.2012.06.025,OpenAlex,
L4,Sandwich-Architectured Poly(lactic acid)–Graphene Composite Food Packaging Films,Kunli Goh,ACS Applied Materials & Interfaces,2016,10.1021/acsami.6b02498,OpenAlex,https://research.wur.nl/en/publications/sandwich-architectured-polylactic-acid-graphene-composite-food-pa
L4,ZnO/PBAT nanocomposite films: Investigation on the mechanical and biological activity for food packaging,Raja Venkatesan,Polymers for Advanced Technologies,2016,10.1002/pat.3847,OpenAlex,
L4,Properties and medical applications of polylactic acid: A review,Kotiba Hamad,eXPRESS Polymer Letters,2015,10.3144/expresspolymlett.2015.42,OpenAlex,https://doi.org/10.3144/expresspolymlett.2015.42
L4,Biodegradable UV-Blocking Films through Core–Shell Lignin–Melanin Nanoparticles in Poly(butylene adipate-co-terephthalate),Qianqiu Xing,ACS Sustainable Chemistry & Engineering,2019,10.1021/acssuschemeng.8b05755,OpenAlex,
L4,Tailoring poly(lactic acid) for packaging applications via the production of fully bio-based in situ microfibrillar composite films,Adel Ramezani Kakroodi,Chemical Engineering Journal,2016,10.1016/j.cej.2016.09.130,OpenAlex,
L4,Polylactic acid/zinc oxide biocomposite films for food packaging application,Antonella Marra,International Journal of Biological Macromolecules,2016,10.1016/j.ijbiomac.2016.03.039,OpenAlex,
L4,Soy protein – Poly (lactic acid) bilayer films as biodegradable material for active food packaging,Agustín González,Food Hydrocolloids,2013,10.1016/j.foodhyd.2013.03.010,OpenAlex,https://ars.els-cdn.com/content/image/1-s2.0-S0268005X13000933-fx1.jpg
L4,"Poly(lactic acid) nanocomposites with various organoclays. I. Thermomechanical properties, morphology, and gas permeability",Jin‐Hae Chang,Journal of Polymer Science Part B Polymer Physics,2002,10.1002/polb.10349,OpenAlex,
L4,Carvacrol loaded electrospun fibrous films from zein and poly(lactic acid) for active food packaging,Aylin Altan,Food Hydrocolloids,2018,10.1016/j.foodhyd.2018.02.028,OpenAlex,https://repository.bilkent.edu.tr/bitstreams/7d8a0bba-bed5-4ba5-8f8d-dcdae4e41e86/download
L4,Effect of nucleation and plasticization on the crystallization of poly(lactic acid),Hongbo Li,Polymer,2007,10.1016/j.polymer.2007.09.020,OpenAlex,https://www.sciencedirect.com/science/article/pii/S0032386107009329
L4,Biodegradable Poly(Butylene Adipate-Co-Terephthalate) and Thermoplastic Starch-Blended TiO2 Nanocomposite Blown Films as Functional Active Packaging of Fresh Fruit,Danaya Phothisarattana,Polymers,2021,10.3390/polym13234192,OpenAlex,https://www.mdpi.com/2073-4360/13/23/4192/pdf?version=1639016599
L4,Recent Advances in Biopolymers and Biopolymer-Based Nanocomposites for Food Packaging Materials,Xiaozhi Tang,Critical Reviews in Food Science and Nutrition,2012,10.1080/10408398.2010.500508,OpenAlex,
L4,Optimizing interfacial adhesion in PBAT/PLA nanocomposite for biodegradable packaging films,Shuo Qiu,Food Chemistry,2020,10.1016/j.foodchem.2020.127487,OpenAlex,
L4,TEMPO-oxidized cellulose nanofibers,Akira Isogai,Nanoscale,2010,10.1039/c0nr00583e,OpenAlex,
L4,Emerging Chitosan-Based Films for Food Packaging Applications,Hongxia Wang,Journal of Agricultural and Food Chemistry,2017,10.1021/acs.jafc.7b04528,OpenAlex,
L4,Clay–Chitosan Nanobrick Walls: Completely Renewable Gas Barrier and Flame-Retardant Nanocoatings,Galina Laufer,ACS Applied Materials & Interfaces,2012,10.1021/am2017915,OpenAlex,
L4,High barrier polyhydroxyalcanoate food packaging film by means of nanostructured electrospun interlayers of zein,María José Fabra,Food Hydrocolloids,2012,10.1016/j.foodhyd.2012.12.007,OpenAlex,
L4,Transparent Nanocellulosic Multilayer Thin Films on Polylactic Acid with Tunable Gas Barrier Properties,Christian Aulin,ACS Applied Materials & Interfaces,2013,10.1021/am401700n,OpenAlex,
L4,Biopolymer based nanocomposites: Comparing layered silicates and microcrystalline cellulose as nanoreinforcement,Linnéa Petersson,Composites Science and Technology,2006,10.1016/j.compscitech.2005.12.010,OpenAlex,
L4,Hydrophobic-modified nano-cellulose fiber/PLA biodegradable composites for lowering water vapor transmission rate (WVTR) of paper,Zhaoping Song,Carbohydrate Polymers,2014,10.1016/j.carbpol.2014.04.049,OpenAlex,
L4,TiO 2 nanoparticles/poly(butylene adipate‐co‐terephthalate) bionanocomposite films for packaging applications,Raja Venkatesan,Polymers for Advanced Technologies,2017,10.1002/pat.4042,OpenAlex,
L4,Polyhydroxybutyrate blends: A solution for biodegradable packaging?,Marius Popa,International Journal of Biological Macromolecules,2022,10.1016/j.ijbiomac.2022.02.185,OpenAlex,
L4,"Biodegradable composites from poly(butylene adipate-co-terephthalate) with carbon nanoparticles: Preparation, characterization and performances",Raja Venkatesan,Environmental Research,2023,10.1016/j.envres.2023.116634,OpenAlex,
L4,Preparation of antibacterial poly(lactide)/poly(butylene adipate-co-terephthalate) composite films incorporated with grapefruit seed extract,Shiv Shankar,International Journal of Biological Macromolecules,2018,10.1016/j.ijbiomac.2018.09.004,OpenAlex,
L4,Evaluation of the Suitability of Poly(Lactide)/Poly(Butylene-Adipate-co-Terephthalate) Blown Films for Chilled and Frozen Food Packaging Applications,Arianna Pietrosanto,Polymers,2020,10.3390/polym12040804,OpenAlex,https://www.mdpi.com/2073-4360/12/4/804/pdf?version=1585913077
L4,"Incorporation of zinc oxide nanoparticles improved the mechanical, water vapor barrier, UV-light barrier, and antibacterial properties of PLA-based nanocomposite films",Shiv Shankar,Materials Science and Engineering C,2018,10.1016/j.msec.2018.08.002,OpenAlex,
L4,Biodegradable and High-Performance Poly(butylene adipate-co-terephthalate)–Lignin UV-Blocking Films,Qianqiu Xing,ACS Sustainable Chemistry & Engineering,2017,10.1021/acssuschemeng.7b02370,OpenAlex,
L4,Bionanocomposites materials for food packaging applications: Concepts and future outlook,Ahmed M. Youssef,Carbohydrate Polymers,2018,10.1016/j.carbpol.2018.03.088,OpenAlex,
L4,Development of novel nano-biocomposite antioxidant films based on poly (lactic acid) and thymol for active packaging,Marina Ramos,Food Chemistry,2014,10.1016/j.foodchem.2014.04.026,OpenAlex,http://hdl.handle.net/10045/36860
L4,"Preparation, Mechanical and Antimicrobial Properties of SiO2/ Poly(butylene adipate-co-terephthalate) Films for Active Food Packaging",Raja Venkatesan,Silicon,2016,10.1007/s12633-015-9402-8,OpenAlex,
L4,"Morphology and permeability of bio-based poly(butylene adipate-co-terephthalate) (PBAT), poly(butylene succinate) (PBS) and linear low-density polyethylene (LLDPE) blend films control shelf-life of packaged bread",Nattinee Bumbudsanpharoke,Food Control,2021,10.1016/j.foodcont.2021.108541,OpenAlex,
L4,Effect of incorporation of graphene oxide and graphene nanoplatelets on mechanical and gas permeability properties of poly(lactic acid) films,Artur M. Pinto,Polymer International,2012,10.1002/pi.4290,OpenAlex,
L4,Effect of Plasticizers on Mechanical and Barrier Properties of Rice Starch Film,Natta Laohakunjit,Starch - Stärke,2004,10.1002/star.200300249,OpenAlex,https://onlinelibrary.wiley.com/doi/pdfdirect/10.1002/star.200300249
L4,Disintegrability under composting conditions of plasticized PLA–PHB blends,Marina P. Arrieta,Polymer Degradation and Stability,2014,10.1016/j.polymdegradstab.2014.01.034,OpenAlex,http://hdl.handle.net/10045/44327
L4,Nanotechnology development in food packaging: A review,Suramya D. F. Mihindukulasuriya,Trends in Food Science & Technology,2014,10.1016/j.tifs.2014.09.009,OpenAlex,
L4,Chitosan based nanocomposite films and coatings: Emerging antimicrobial food packaging alternatives,Santosh Kumar,Trends in Food Science & Technology,2020,10.1016/j.tifs.2020.01.002,OpenAlex,https://www.sciencedirect.com/science/article/pii/S0924224419306491/pdf
L4,Biopolymer Coatings on Paper Packaging Materials,Khaoula Khwaldia,Comprehensive Reviews in Food Science and Food Safety,2009,10.1111/j.1541-4337.2009.00095.x,OpenAlex,
L4,Enhanced properties of PBAT/TPS biopolymer blend with CuO nanoparticles for promising active packaging,Nattinee Bumbudsanpharoke,Food Packaging and Shelf Life,2023,10.1016/j.fpsl.2023.101072,OpenAlex,
L4,Poly (Butylene Adipate‐Co‐Terephthalate) (PBAT) – Based Biocomposites: A Comprehensive Review,Blessing E. Itabana,Macromolecular Materials and Engineering,2024,10.1002/mame.202400179,OpenAlex,https://onlinelibrary.wiley.com/doi/pdfdirect/10.1002/mame.202400179
L4,Development of active films poly (butylene adipate co-terephthalate) – PBAT incorporated with oregano essential oil and application in fish fillet preservation,Lucas Guimarães Cardoso,Industrial Crops and Products,2017,10.1016/j.indcrop.2017.06.058,OpenAlex,
L4,Ferulic acid incorporated active films based on poly(lactide) /poly(butylene adipate-co-terephthalate) blend for food packaging,Shubham Sharma,Food Packaging and Shelf Life,2020,10.1016/j.fpsl.2020.100491,OpenAlex,https://www.sciencedirect.com/science/article/pii/S2214289419306283/pdf
L4,Preparation and Properties of Plasticized Poly(lactic acid) Films,Nadia Ljungberg,Biomacromolecules,2005,10.1021/bm050098f,OpenAlex,
L4,"Effect of lignin on water vapor barrier, mechanical, and structural properties of agar/lignin composite films",Shiv Shankar,International Journal of Biological Macromolecules,2015,10.1016/j.ijbiomac.2015.08.015,OpenAlex,
L4,"Characterization of an antioxidant polylactic acid (PLA) film prepared with α-tocopherol, BHT and polyethylene glycol using film cast extruder",Youngjae Byun,Journal of Food Engineering,2010,10.1016/j.jfoodeng.2010.04.005,OpenAlex,
L4,Development of polylactic acid nanocomposite films reinforced with cellulose nanocrystals derived from coffee silverskin,Soo Hyun Sung,Carbohydrate Polymers,2017,10.1016/j.carbpol.2017.04.037,OpenAlex,
L4,Super tough poly(lactic acid) blends: a comprehensive review,Xipo Zhao,RSC Advances,2020,10.1039/d0ra01801e,OpenAlex,https://pubs.rsc.org/en/content/articlepdf/2020/ra/d0ra01801e
L4,Ecofriendly bioactive film doped CuO nanoparticles based biopolymers and reinforced by enzymatically modified nanocellulose fibers for active packaging applications,Mohamed S. Hasanin,Food Packaging and Shelf Life,2022,10.1016/j.fpsl.2022.100979,OpenAlex,
L4,Application of Biodegradable Polymers in Food Packaging Industry: A Comprehensive Review,S. Mangaraj,Journal of Packaging Technology and Research,2018,10.1007/s41783-018-0049-y,OpenAlex,
L4,"From Cellulose Nanospheres, Nanorods to Nanofibers: Various Aspect Ratio Induced Nucleation/Reinforcing Effects on Polylactic Acid for Robust-Barrier Food Packaging",Hou–Yong Yu,ACS Applied Materials & Interfaces,2017,10.1021/acsami.7b09102,OpenAlex,
L4,Antimicrobial and sustainable food packaging based on poly(butylene adipate-co-terephthalate) and electrospun chitosan nanofibers,Ana M. Díez‐Pascual,RSC Advances,2015,10.1039/c5ra14359d,OpenAlex,
L4,Poly(lactic acid)/lignin films with enhanced toughness and anti-oxidation performance for active food packaging,Weijun Yang,International Journal of Biological Macromolecules,2019,10.1016/j.ijbiomac.2019.12.085,OpenAlex,
L4,Continuous Processing of Nanocellulose and Polylactic Acid into Multilayer Barrier Coatings,Rajesh Koppolu,ACS Applied Materials & Interfaces,2019,10.1021/acsami.9b00922,OpenAlex,https://doi.org/10.1021/acsami.9b00922
L4,Biodegradable Nanocomposites of Poly(butylene adipate-co-terephthalate) (PBAT) and Organically Modified Layered Silicates,Smita Mohanty,Journal of Polymers and the Environment,2012,10.1007/s10924-011-0408-z,OpenAlex,
L4,Development of Antimicrobial Packaging Film Made from Poly(Lactic Acid) Incorporating Titanium Dioxide and Silver Nanoparticles,Wenhui Li,Molecules,2017,10.3390/molecules22071170,OpenAlex,https://www.mdpi.com/1420-3049/22/7/1170/pdf?version=1499949728
L4,Development and characterization of sugar palm starch and poly(lactic acid) bilayer films,M. L. Sanyang,Carbohydrate Polymers,2016,10.1016/j.carbpol.2016.03.051,OpenAlex,
L4,Water vapour permeability of poly(lactic acid) nanocomposites,Z. Duan,Journal of Membrane Science,2013,10.1016/j.memsci.2013.06.008,OpenAlex,https://dspace.lboro.ac.uk/2134/17975
L4,Sustainable Films and Coatings from Hemicelluloses: A Review,Natanya M. L. Hansen,Biomacromolecules,2008,10.1021/bm800053z,OpenAlex,
L4,"Natural Fiber-Reinforced Polylactic Acid, Polylactic Acid Blends and Their Composites for Advanced Applications",R.A. Ilyas,Polymers,2022,10.3390/polym14010202,OpenAlex,https://www.mdpi.com/2073-4360/14/1/202/pdf?version=1641368949
L4,Chitosan–starch composite film: preparation and characterization,Yixiang Xu,Industrial Crops and Products,2004,10.1016/j.indcrop.2004.03.002,OpenAlex,
L4,Characterization of polylactic acid/halloysite nanotubes bionanocomposite films for food packaging,Nazratul Putri Risyon,Food Packaging and Shelf Life,2019,10.1016/j.fpsl.2019.100450,OpenAlex,
L4,Antifungal and plasticization effects of carvacrol in biodegradable poly(lactic acid) and poly(butylene adipate terephthalate) blend films for bakery packaging,Phatthranit Klinmalai,LWT,2021,10.1016/j.lwt.2021.112356,OpenAlex,
L4,Chitosan/clay films' properties as affected by biopolymer and clay micro/nanoparticles' concentrations,Alicia Casariego,Food Hydrocolloids,2009,10.1016/j.foodhyd.2009.02.007,OpenAlex,https://linkinghub.elsevier.com/science/article/pii/S0268005X09000307
L4,Controlled moisture permeability of thermoplastic starch/polylactic acid/poly butylene adipate-co-terephthalate film for the autolysis of straw mushroom Volvariella volvacea,Meiyan Zhao,Food Chemistry,2021,10.1016/j.foodchem.2021.131409,OpenAlex,
L4,Poly(lactic acid)-based composite film reinforced with acetylated cellulose nanocrystals and ZnO nanoparticles for active food packaging,Fuyou Yu,International Journal of Biological Macromolecules,2021,10.1016/j.ijbiomac.2021.07.097,OpenAlex,
L4,"Effect of cashew shell biomass synthesized cardanol oil green compatibilizer on flexibility, barrier, thermal, and wettability of PLA/PBAT biocomposite films",T Thendral Thiyagu,Biomass Conversion and Biorefinery,2021,10.1007/s13399-021-01941-9,OpenAlex,
L4,Hybrid poly(lactic acid)/nanocellulose/nanoclay composites with synergistically enhanced barrier properties and improved thermomechanical resistance,Jon Trifol,Polymer International,2016,10.1002/pi.5154,OpenAlex,https://orbit.dtu.dk/en/publications/0158e86e-baaf-403a-88f0-45c893bb63ce
L4,"Characterization of polylactic acids-polyhydroxybutyrate based packaging film with fennel oil, and its application on oysters",Luoqi Miao,Food Packaging and Shelf Life,2019,10.1016/j.fpsl.2019.100388,OpenAlex,
L4,Current trends in biopolymers for food packaging: a review,Martín Esteban González‐López,Frontiers in Sustainable Food Systems,2023,10.3389/fsufs.2023.1225371,OpenAlex,https://www.frontiersin.org/articles/10.3389/fsufs.2023.1225371/pdf
L4,Scale-Up Fabrication of Biodegradable Poly(butylene adipate-co-terephthalate)/Organophilic–Clay Nanocomposite Films for Potential Packaging Applications,Jiazhuo Xie,ACS Omega,2018,10.1021/acsomega.7b02062,OpenAlex,https://doi.org/10.1021/acsomega.7b02062
L4,Polylactide (PLA)-based nanocomposites,Jean‐Marie Raquez,Progress in Polymer Science,2013,10.1016/j.progpolymsci.2013.05.014,OpenAlex,
L4,Potential materials for food packaging from nanoclay/natural fibres filled hybrid composites,Khaliq Majeed,Materials & Design (1980-2015),2012,10.1016/j.matdes.2012.10.044,OpenAlex,
L4,"Poly(lactic) acid (PLA) and starch bilayer films, containing cinnamaldehyde, obtained by compression moulding",Justine Muller,European Polymer Journal,2017,10.1016/j.eurpolymj.2017.07.019,OpenAlex,https://ars.els-cdn.com/content/image/1-s2.0-S0014305717310248-fx1_lrg.jpg
L4,"Biocompatibility, biodegradation and biomedical applications of poly(lactic acid)/poly(lactic-co-glycolic acid) micro and nanoparticles",Enas Elmowafy,Journal of Pharmaceutical Investigation,2019,10.1007/s40005-019-00439-x,OpenAlex,https://link.springer.com/content/pdf/10.1007/s40005-019-00439-x.pdf
L4,"Novel clay‐based nanobiocomposites of biopolyesters with synergistic barrier to UV light, gas, and vapour",María Sánchez‐García,Journal of Applied Polymer Science,2010,10.1002/app.31986,OpenAlex,
L4,Efficient gas barrier properties of multi-layer films based on poly(lactic acid) and fish gelatin,Seyed Fakhreddin Hosseini,International Journal of Biological Macromolecules,2016,10.1016/j.ijbiomac.2016.08.034,OpenAlex,
L4,Gas permeation properties of poly(lactic acid) revisited,Lihong Bao,Journal of Membrane Science,2006,10.1016/j.memsci.2006.08.021,OpenAlex,
L4,Effects of preparation method on properties of poly(butylene adipate-co-terephthalate) films,Gaobin Li,Food Science and Biotechnology,2015,10.1007/s10068-015-0218-5,OpenAlex,
L4,Novel silver-based nanoclay as an antimicrobial in polylactic acid food packaging coatings,M.A. Busolo,Food Additives & Contaminants Part A,2010,10.1080/19440049.2010.506601,OpenAlex,
L4,Characterization of Antimicrobial Poly (Lactic Acid)/Nano-Composite Films with Silver and Zinc Oxide Nanoparticles,Zhuangzhuang Chu,Materials,2017,10.3390/ma10060659,OpenAlex,https://www.mdpi.com/1996-1944/10/6/659/pdf?version=1497606786
L4,PLA/Halloysite Nanocomposite Films: Water Vapor Barrier Properties and Specific Key Characteristics,Giuliana Gorrasi,Macromolecular Materials and Engineering,2013,10.1002/mame.201200424,OpenAlex,
L4,Water vapor and oxygen barrier properties of extrusion-blown poly(lactic acid)/cellulose nanocrystals nanocomposite films,Sonal S. Karkhanis,Composites Part A Applied Science and Manufacturing,2018,10.1016/j.compositesa.2018.08.025,OpenAlex,
L4,Preparation and characterization of modified cellulose nanofibers reinforced polylactic acid nanocomposite,Ali Abdulkhani,Polymer Testing,2014,10.1016/j.polymertesting.2014.03.002,OpenAlex,
L4,"Physical, mechanical and barrier properties of corn starch films incorporated with plant essential oils",Mehran Ghasemlou,Carbohydrate Polymers,2013,10.1016/j.carbpol.2013.07.026,OpenAlex,https://vuir.vu.edu.au/24462/1/CARBPOL-D-13-00931.pdf
L4,Characterization and ageing study of poly(lactic acid) films plasticized with oligomeric lactic acid,Nuria Burgos,Polymer Degradation and Stability,2012,10.1016/j.polymdegradstab.2012.11.009,OpenAlex,
L4,Agar-based edible films for food packaging applications - A review,Fatemeh Sadat Mostafavi,International Journal of Biological Macromolecules,2020,10.1016/j.ijbiomac.2020.05.123,OpenAlex,
L4,Development of active agents filled polylactic acid films for food packaging application,Nurzia Mohamad,International Journal of Biological Macromolecules,2020,10.1016/j.ijbiomac.2020.07.209,OpenAlex,
L4,Gas permeation properties of poly(lactic acid),Hans J. Lehermeier,Journal of Membrane Science,2001,10.1016/s0376-7388(01)00446-x,OpenAlex,
L4,Citric acid and maleic anhydride as compatibilizers in starch/poly(butylene adipate-co-terephthalate) blends by one-step reactive extrusion,Juliana Bonametti Olivato,Carbohydrate Polymers,2011,10.1016/j.carbpol.2011.11.035,OpenAlex,
L4,The Life Cycle Assessment for Polylactic Acid (PLA) to Make It a Low-Carbon Material,Erfan Rezvani Ghomi,Polymers,2021,10.3390/polym13111854,OpenAlex,https://www.mdpi.com/2073-4360/13/11/1854/pdf?version=1622683640
L4,"Tannic acid as a crosslinking agent in poly(butylene adipate-co-terephthalate) composite films enhanced with carbon nanoparticles: Processing, characterization, and antimicrobial activities for food packaging",Raja Venkatesan,Journal of environmental chemical engineering,2023,10.1016/j.jece.2023.110194,OpenAlex,
L4,Nano-biocomposite films with modified cellulose nanocrystals and synthesized silver nanoparticles,Elena Fortunati,Carbohydrate Polymers,2013,10.1016/j.carbpol.2013.10.055,OpenAlex,http://hdl.handle.net/10045/37271
L4,Biodegradable Poly(butylene adipate‐ co ‐terephthalate) Films Incorporated with Nisin: Characterization and Effectiveness against Listeria innocua,Luis J. Bastarrachea,Journal of Food Science,2010,10.1111/j.1750-3841.2010.01591.x,OpenAlex,
L4,The Vienna RNA Websuite,Andreas Gruber,Nucleic Acids Research,2008,10.1093/nar/gkn188,OpenAlex,https://academic.oup.com/nar/article-pdf/36/suppl_2/W70/7623947/gkn188.pdf
L4,Film extrusion and film weldability of poly(lactic acid) plasticized with triacetine and tributyl citrate,Nadia Ljungberg,Journal of Applied Polymer Science,2003,10.1002/app.12106,OpenAlex,
L4,Analysis of the Structure-Properties Relationships of Different Multiphase Systems Based on Plasticized Poly(Lactic Acid),Cécile Courgneau,Journal of Polymers and the Environment,2011,10.1007/s10924-011-0285-5,OpenAlex,https://hal.science/hal-02429172/document
L4,"Effect of types of zinc oxide nanoparticles on structural, mechanical and antibacterial properties of poly(lactide)/poly(butylene adipate-co-terephthalate) composite films",Shiv Shankar,Food Packaging and Shelf Life,2019,10.1016/j.fpsl.2019.100327,OpenAlex,
L4,Improving the barrier and mechanical properties of corn starch-based edible films: Effect of citric acid and carboxymethyl cellulose,Babak Ghanbarzadeh,Industrial Crops and Products,2010,10.1016/j.indcrop.2010.10.016,OpenAlex,
L4,Poly (3‐hydroxybutyrate)/cellulose nanocrystal films for food packaging applications: Barrier and migration studies,Prodyut Dhar,Polymer Engineering and Science,2015,10.1002/pen.24127,OpenAlex,
L4,Antifungal packaging of sorbate and benzoate incorporated biodegradable films for fresh noodles,Jane Wangprasertkul,Food Control,2020,10.1016/j.foodcont.2020.107763,OpenAlex,
L4,"Eco-sustainable systems based on poly(lactic acid), diatomite and coffee grounds extract for food packaging",Ilaria Cacciotti,International Journal of Biological Macromolecules,2018,10.1016/j.ijbiomac.2018.02.018,OpenAlex,http://dspace.lib.cranfield.ac.uk/handle/1826/13203
L4,Effect of an organo-modified montmorillonite on PLA crystallization and gas barrier properties,Emilie Picard,Applied Clay Science,2011,10.1016/j.clay.2011.04.023,OpenAlex,
L4,"Silver/poly (lactic acid) nanocomposites: preparation, characterization, and antibacterial activity",Kamyar Shameli,International Journal of Nanomedicine,2010,10.2147/ijn.s12007,OpenAlex,https://www.dovepress.com/getfile.php?fileID=7259
L4,Robust multiphase and multilayer starch/polymer (TPS/PBAT) film with simultaneous oxygen/moisture barrier properties,Christina C. Chang,Journal of Colloid and Interface Science,2021,10.1016/j.jcis.2021.03.010,OpenAlex,
L4,Current status of biobased and biodegradable food packaging materials: Impact on food quality and effect of innovative processing technologies,Julie Nilsen‐Nygaard,Comprehensive Reviews in Food Science and Food Safety,2021,10.1111/1541-4337.12715,OpenAlex,https://doi.org/10.1111/1541-4337.12715
L4,"Effect of Plasticizer Type and Concentration on Tensile, Thermal and Barrier Properties of Biodegradable Films Based on Sugar Palm (Arenga pinnata) Starch",M. L. Sanyang,Polymers,2015,10.3390/polym7061106,OpenAlex,https://www.mdpi.com/2073-4360/7/6/1106/pdf?version=1434632093
L4,Characterization of PLA-limonene blends for food packaging applications,Marina P. Arrieta,Polymer Testing,2013,10.1016/j.polymertesting.2013.03.016,OpenAlex,http://hdl.handle.net/10251/38709
L4,Thermoplastic starch/polyester films: Effects of extrusion process and poly (lactic acid) addition,Marianne Ayumi Shirai,Materials Science and Engineering C,2013,10.1016/j.msec.2013.05.054,OpenAlex,
L4,Antimicrobial activity and biodegradation behavior of poly(butylene adipate‐co‐terephthalate)/clay nanocomposites,Dibyendu Mondal,Journal of Applied Polymer Science,2013,10.1002/app.40079,OpenAlex,
L4,Processing and characterization of poly(lactic acid) films plasticized with commercial adipates,Verónica P. Martino,Journal of Applied Polymer Science,2009,10.1002/app.29784,OpenAlex,https://onlinelibrary.wiley.com/doi/pdfdirect/10.1002/app.29784
L4,Spray-Coated Multilayer Cellulose Nanocrystal—Chitin Nanofiber Films for Barrier Applications,Chinmay C. Satam,ACS Sustainable Chemistry & Engineering,2018,10.1021/acssuschemeng.8b01536,OpenAlex,
L4,"Physical and Mechanical Properties of Biobased Materials Starch, Polylactate and Polyhydroxybutyrate",Karina Petersen,Starch - Stärke,2001,10.1002/1521-379x(200108)53:8<356::aid-star356>3.0.co;2-7,OpenAlex,
L4,Poly (butylene adipate-co-terephthalate)/magnesium oxide/silver ternary composite biofilms for food packaging application,Jie Zhang,Food Packaging and Shelf Life,2020,10.1016/j.fpsl.2020.100487,OpenAlex,
L4,"Polylactic Acid Biocomposites Reinforced with Nanocellulose Fibrils with High Lignin Content for Improved Mechanical, Thermal, and Barrier Properties",Sandeep S. Nair,ACS Sustainable Chemistry & Engineering,2018,10.1021/acssuschemeng.8b01405,OpenAlex,
L4,"Structural, mechanical and barrier properties of active PLA–antioxidant films",Majid Jamshidian,Journal of Food Engineering,2012,10.1016/j.jfoodeng.2011.12.034,OpenAlex,
L4,Improvement of barrier and mechanical properties of whey protein isolate based food packaging films by incorporation of zein nanoparticles as a novel bionanocomposite,Pelin Oymacı,Food Hydrocolloids,2015,10.1016/j.foodhyd.2015.08.030,OpenAlex,https://ars.els-cdn.com/content/image/1-s2.0-S0268005X15300758-fx1.jpg
L4,Barrier properties of corn zein nanocomposite coated polypropylene films for food packaging applications,Onur Özçalık,Journal of Food Engineering,2012,10.1016/j.jfoodeng.2012.09.005,OpenAlex,http://gcris.iyte.edu.tr/bitstreams/103eac66-982f-42b1-90df-bb3b2820baeb/download
L4,Antimicrobial nanostructured starch based films for packaging,Ana S. Abreu,Carbohydrate Polymers,2015,10.1016/j.carbpol.2015.04.021,OpenAlex,https://www.sciencedirect.com/science/article/pii/S0144861715003306
L4,Antimicrobial starch/poly(butylene adipate-co-terephthalate) nanocomposite films loaded with a combination of silver and zinc oxide nanoparticles for food packaging,Xiaosong Zhai,International Journal of Biological Macromolecules,2022,10.1016/j.ijbiomac.2022.02.158,OpenAlex,
L4,Biodegradable mulch films for strawberry production,Ana Paula Bilck,Polymer Testing,2010,10.1016/j.polymertesting.2010.02.007,OpenAlex,https://www.sciencedirect.com/science/article/pii/S0142941810000279/pdf
L4,Progress in bio-based plastics and plasticizing modifications,Tizazu H. Mekonnen,Journal of Materials Chemistry A,2013,10.1039/c3ta12555f,OpenAlex,https://pubs.rsc.org/en/content/articlepdf/2013/ta/c3ta12555f
L4,Sustainable Active Food Packaging from Poly(lactic acid) and Cocoa Bean Shells,Evie L. Papadopoulou,ACS Applied Materials & Interfaces,2019,10.1021/acsami.9b09755,OpenAlex,
L4,Oregano essential oil/β-cyclodextrin inclusion compound polylactic acid/polycaprolactone electrospun nanofibers for active food packaging,Chong Shi,Chemical Engineering Journal,2022,10.1016/j.cej.2022.136746,OpenAlex,
L4,Fractionated lignin as a green compatibilizer to improve the compatibility of poly (butylene adipate-co-terephthalate) /polylactic acid composites,Qin Liu,International Journal of Biological Macromolecules,2024,10.1016/j.ijbiomac.2024.130834,OpenAlex,
L4,Properties and characterization of bionanocomposite films prepared with various biopolymers and ZnO nanoparticles,Paulraj Kanmani,Carbohydrate Polymers,2014,10.1016/j.carbpol.2014.02.007,OpenAlex,
L4,Water vapor permeability of poly(lactide)s: Effects of molecular characteristics and crystallinity,Hideto Tsuji,Journal of Applied Polymer Science,2005,10.1002/app.22698,OpenAlex,
L4,Films of starch and poly(butylene adipate co-terephthalate) added of soybean oil (SO) and Tween 80,Renata Paula Herrera Brandelero,Carbohydrate Polymers,2012,10.1016/j.carbpol.2012.07.015,OpenAlex,https://www.sciencedirect.com/science/article/pii/S0144861712006716/pdf
L4,Edible Packaging Materials,Theeranun Janjarasskul,Annual Review of Food Science and Technology,2010,10.1146/annurev.food.080708.100836,OpenAlex,
L4,Fabrication of Quercetin-Loaded Biopolymer Films as Functional Packaging Materials,Parya Ezati,ACS Applied Polymer Materials,2021,10.1021/acsapm.1c00177,OpenAlex,
L4,Advances in barrier coatings and film technologies for achieving sustainable packaging of food products – A review,Preeti Tyagi,Trends in Food Science & Technology,2021,10.1016/j.tifs.2021.06.036,OpenAlex,
L4,Innovative natural antimicrobial natamycin incorporated titanium dioxide (nano-TiO2)/ poly (butylene adipate-co-terephthalate) (PBAT) /poly (lactic acid) (PLA) biodegradable active film (NTP@PLA) and application in grape preservation,Yanli Zheng,Food Chemistry,2022,10.1016/j.foodchem.2022.134100,OpenAlex,
L4,Optimization of Biodegradable Nanocomposites Based on aPLA/PCL Blends for Food Packaging Applications,Luís Cabedo,Macromolecular Symposia,2006,10.1002/masy.200690017,OpenAlex,
L4,"The Effect of Mechanical Recycling on the Thermal, Mechanical, and Chemical Properties of Poly (Butylene Adipate-Co-Terephthalate) (PBAT), Poly (Butylene Succinate) (PBS), Poly (Lactic Acid) (PLA), PBAT-PBS Blend and PBAT-TPS Biocomposite",Nomvuyo Nomadolo,Journal of Polymers and the Environment,2024,10.1007/s10924-023-03151-y,OpenAlex,https://link.springer.com/content/pdf/10.1007/s10924-023-03151-y.pdf
L4,Green composites for sustainable food packaging: Exploring the influence of lignin-TiO2 nanoparticles on poly(butylene adipate-co-terephthalate),Raja Venkatesan,International Journal of Biological Macromolecules,2024,10.1016/j.ijbiomac.2024.134511,OpenAlex,
L4,"Impact of metal nanoparticles on the mechanical, barrier, optical and thermal properties of biodegradable food packaging materials",Shima Jafarzadeh,Critical Reviews in Food Science and Nutrition,2020,10.1080/10408398.2020.1783200,OpenAlex,
L4,Preparation and characterization of bio-nanocomposite films based on soy protein isolate and montmorillonite using melt extrusion,Pushpendra Kumar,Journal of Food Engineering,2010,10.1016/j.jfoodeng.2010.04.035,OpenAlex,
L4,"Polylactic acid synthesis, biodegradability, conversion to microplastics and toxicity: a review",Wajid Ali,Environmental Chemistry Letters,2023,10.1007/s10311-023-01564-8,OpenAlex,https://link.springer.com/content/pdf/10.1007/s10311-023-01564-8.pdf
L4,A Fast Method to Produce Strong NFC Films as a Platform for Barrier and Functional Materials,Monika Österberg,ACS Applied Materials & Interfaces,2013,10.1021/am401046x,OpenAlex,https://research.aalto.fi/files/9070882/Osterberg_revised_3_CLEAN.pdf
L4,Water Barrier Properties in Biaxially Drawn Poly(lactic acid) Films,Nicolas Delpouve,The Journal of Physical Chemistry B,2012,10.1021/jp211670g,OpenAlex,
L4,Poly (lactic acid) and its improved properties by some modifications for food packaging applications: A review,Cristian Jean da Silva Pens,Food Packaging and Shelf Life,2024,10.1016/j.fpsl.2023.101230,OpenAlex,
L4,Improving packaged food quality and safety. Part 2: Nanocomposites,José M. Lagarón,Food Additives & Contaminants,2005,10.1080/02652030500239656,OpenAlex,
L4,"Bio-Based Packaging: Materials, Modifications, Industrial Applications and Sustainability",Corina L. Reichert,Polymers,2020,10.3390/polym12071558,MDPI,https://doi.org/10.3390/polym12071558
L4,"Morphological and Rheological Properties of PLA, PBAT, and PLA/PBAT Blend Nanocomposites Containing CNCs",Mojtaba Mohammadi,Nanomaterials,2021,10.3390/nano11040857,MDPI,https://www.mdpi.com/2079-4991/11/4/857/pdf?version=1619067202
L4,Preparation and Antimicrobial Characterization of Poly(butylene adipate-co-terephthalate)/Kaolin Clay Biocomposites,Raja Venkatesan,Polymers,2023,10.3390/polym15071710,MDPI,https://www.mdpi.com/2073-4360/15/7/1710/pdf?version=1680101228
L4,Alginate and Chitosan as a Functional Barrier for Paper-Based Packaging Materials,Samir Kopacic,Coatings,2018,10.3390/coatings8070235,MDPI,https://www.mdpi.com/2079-6412/8/7/235/pdf?version=1530616290
L4,Poly(lactic acid) (PLA) Based Tear Resistant and Biodegradable Flexible Films by Blown Film Extrusion,Norma Mallegni,Materials,2018,10.3390/ma11010148,MDPI,https://www.mdpi.com/1996-1944/11/1/148/pdf?version=1516178404
L4,Chitosan/Gelatin/Silver Nanoparticles Composites Films for Biodegradable Food Packaging Applications,Sreelekha Ediyilyam,Polymers,2021,10.3390/polym13111680,MDPI,https://www.mdpi.com/2073-4360/13/11/1680/pdf?version=1621834710
L4,Polysaccharides as Edible Films and Coatings: Characteristics and Influence on Fruit and Vegetable Quality—A Review,Anna Kocira,Agronomy,2021,10.3390/agronomy11050813,MDPI,https://www.mdpi.com/2073-4395/11/5/813/pdf?version=1618990953
L4,Advances in Functional Biopolymer-Based Nanocomposites for Active Food Packaging Applications,Nagaraj Basavegowda,Polymers,2021,10.3390/polym13234198,MDPI,https://www.mdpi.com/2073-4360/13/23/4198/pdf?version=1638347213
L4,Development of Toughened Flax Fiber Reinforced Composites. Modification of Poly(lactic acid)/Poly(butylene adipate-co-terephthalate) Blends by Reactive Extrusion Process,Jacek Andrzejewski,Materials,2021,10.3390/ma14061523,MDPI,https://www.mdpi.com/1996-1944/14/6/1523/pdf?version=1616471613
L4,A New Wave of Industrialization of PHA Biopolyesters,Martin Koller,Bioengineering,2022,10.3390/bioengineering9020074,MDPI,https://www.mdpi.com/2306-5354/9/2/74/pdf?version=1645016448
L4,Green Copolymers Based on Poly(Lactic Acid)—Short Review,Konrad Stefaniak,Materials,2021,10.3390/ma14185254,MDPI,https://www.mdpi.com/1996-1944/14/18/5254/pdf?version=1631523856
L4,Electrospun Antimicrobial Polylactic Acid/Tea Polyphenol Nanofibers for Food-Packaging Applications,Yaowen Liu,Polymers,2018,10.3390/polym10050561,MDPI,https://www.mdpi.com/2073-4360/10/5/561/pdf?version=1526982259
L4,"Epoxidized Vegetable Oils Plasticized Poly(lactic acid) Biocomposites: Mechanical, Thermal and Morphology Properties",Buong Woei Chieng,Molecules,2014,10.3390/molecules191016024,MDPI,https://www.mdpi.com/1420-3049/19/10/16024/pdf?version=1412772140
L4,Properties and Degradability of Poly(Butylene Adipate-Co-Terephthalate)/Calcium Carbonate Films Modified by Polyethylene Glycol,Xiaoqian Diao,Polymers,2022,10.3390/polym14030484,MDPI,https://www.mdpi.com/2073-4360/14/3/484/pdf?version=1643184187
L4,"Cellulosic Bionanocomposites: A Review of Preparation, Properties and Applications",Gilberto Siqueira,Polymers,2010,10.3390/polym2040728,MDPI,https://www.mdpi.com/2073-4360/2/4/728/pdf?version=1292247635
L4,Preparation and Performance of Biodegradable Poly(butylene adipate-co-terephthalate) Composites Reinforced with Novel AgSnO2 Microparticles for Application in Food Packaging,Raja Venkatesan,Polymers,2023,10.3390/polym15030554,MDPI,https://www.mdpi.com/2073-4360/15/3/554/pdf?version=1674281691
L4,Characterization of Active Packaging Films Made from Poly(Lactic Acid)/Poly(Trimethylene Carbonate) Incorporated with Oregano Essential Oil,Dong Liu,Molecules,2016,10.3390/molecules21060695,MDPI,https://www.mdpi.com/1420-3049/21/6/695/pdf?version=1464352546
L4,Effect of PLA/PBAT Antibacterial Film on Storage Quality of Passion Fruit during the Shelf-Life,Rong Zhang,Molecules,2019,10.3390/molecules24183378,MDPI,https://www.mdpi.com/1420-3049/24/18/3378/pdf?version=1568713200
L4,Development and Application of Poly (Lactic Acid)/Poly (Butylene Adipate-Co-Terephthalate)/Thermoplastic Starch Film Containing Salicylic Acid for Banana Preservation,Jian Ding,Foods,2023,10.3390/foods12183397,MDPI,https://www.mdpi.com/2304-8158/12/18/3397/pdf?version=1694434493
L4,Active Antioxidant Packaging from Essential Oils Incorporated Polylactic Acid/Poly(butylene adipate-co-terephthalate)/Thermoplastic Starch for Preserving Straw Mushroom,Hang Gui,Foods,2022,10.3390/foods11152252,MDPI,https://www.mdpi.com/2304-8158/11/15/2252/pdf?version=1659001378
L4,Application of Whey Protein-Based Edible Films and Coatings in Food Industries: An Updated Overview,Sujatha Kandasamy,Coatings,2021,10.3390/coatings11091056,MDPI,https://www.mdpi.com/2079-6412/11/9/1056/pdf?version=1630665460
L4,Poly(Lactic Acid)-Based Microparticles for Drug Delivery Applications: An Overview of Recent Advances,Antonios Vlachopoulos,Pharmaceutics,2022,10.3390/pharmaceutics14020359,MDPI,https://www.mdpi.com/1999-4923/14/2/359/pdf?version=1645523670
L4,"A Comparative Study on the Mechanical, Thermal and Morphological Characterization of Poly(lactic acid)/Epoxidized Palm Oil Blend",V. S. Giita Silverajah,International Journal of Molecular Sciences,2012,10.3390/ijms13055878,MDPI,https://www.mdpi.com/1422-0067/13/5/5878/pdf?version=1403144222
L4,Enhancement of Gas Barrier Properties of Graphene Oxide/Poly (Lactic Acid) Films Using a Solvent-free Method,Fenfen Li,Materials,2020,10.3390/ma13133024,MDPI,https://www.mdpi.com/1996-1944/13/13/3024/pdf?version=1594041008
L4,Super-Toughed PLA Blown Film with Enhanced Gas Barrier Property Available for Packaging and Agricultural Applications,Yuanping Jiang,Materials,2019,10.3390/ma12101663,MDPI,https://www.mdpi.com/1996-1944/12/10/1663/pdf?version=1558513722
L4,Biopolymers-Based Materials Containing Silver Nanoparticles as Active Packaging for Food Applications–A Review,Karolina Kraśniewska,International Journal of Molecular Sciences,2020,10.3390/ijms21030698,MDPI,https://www.mdpi.com/1422-0067/21/3/698/pdf?version=1580870079
L4,Review on the Biological Degradation of Polymers in Various Environments,Silvia Kliem,Materials,2020,10.3390/ma13204586,MDPI,https://www.mdpi.com/1996-1944/13/20/4586/pdf
L4,Bioactive Edible Sodium Alginate Films Incorporated with Tannic Acid as Antimicrobial and Antioxidative Food Packaging,Han Li,Foods,2022,10.3390/foods11193044,MDPI,https://www.mdpi.com/2304-8158/11/19/3044/pdf?version=1665292920
L4,Prediction of the Miscibility of PBAT/PLA Blends,Shen Su,Polymers,2021,10.3390/polym13142339,MDPI,https://www.mdpi.com/2073-4360/13/14/2339/pdf?version=1626773459
L4,Edible Films and Coatings as Food-Quality Preservers: An Overview,Elsa Díaz‐Montes,Foods,2021,10.3390/foods10020249,MDPI,https://www.mdpi.com/2304-8158/10/2/249/pdf?version=1611665371
L4,Poly(lactic acid)-Based Electrospun Fibrous Structures for Biomedical Applications,Homa Maleki,Applied Sciences,2022,10.3390/app12063192,MDPI,https://www.mdpi.com/2076-3417/12/6/3192/pdf?version=1647932294
L4,Development of Novel Blown Shrink Films from Poly(Lactide)/Poly(Butylene-Adipate-co-Terephthalate) Blends for Sustainable Food Packaging Applications,Arianna Pietrosanto,Polymers,2022,10.3390/polym14142759,MDPI,https://www.mdpi.com/2073-4360/14/14/2759/pdf?version=1657093815
L4,Biopolymer Blends Based on Poly (lactic acid): Shear and Elongation Rheology/Structure/Blowing Process Relationships,Racha Al-Itry,Polymers,2015,10.3390/polym7050939,MDPI,https://www.mdpi.com/2073-4360/7/5/939/pdf?version=1431525788
L4,Manufacturing and Characterization of Toughened Poly(lactic acid) (PLA) Formulations by Ternary Blends with Biopolyesters,María García-Campo,Polymers,2017,10.3390/polym10010003,MDPI,https://www.mdpi.com/2073-4360/10/1/3/pdf?version=1513874690
L4,"The Use of Chitosan, Alginate, and Pectin in the Biomedical and Food Sector—Biocompatibility, Bioadhesiveness, and Biodegradability",Gheorghe Adrian Martău,Polymers,2019,10.3390/polym11111837,MDPI,https://www.mdpi.com/2073-4360/11/11/1837/pdf?version=1573193477
L4,Antioxidant PLA Composites Containing Lignin for 3D Printing Applications: A Potential Material for Healthcare Applications,Juan Domínguez‐Robles,Pharmaceutics,2019,10.3390/pharmaceutics11040165,MDPI,https://www.mdpi.com/1999-4923/11/4/165/pdf?version=1554365574
L4,State of the Art of Antimicrobial Edible Coatings for Food Packaging Applications,Arantzazu Valdés,Coatings,2017,10.3390/coatings7040056,MDPI,https://www.mdpi.com/2079-6412/7/4/56/pdf?version=1492603615
L4,Evaluation of Mussel Shells Powder as Reinforcement for PLA-Based Biocomposites,Vito Gigante,International Journal of Molecular Sciences,2020,10.3390/ijms21155364,MDPI,https://www.mdpi.com/1422-0067/21/15/5364/pdf?version=1595939325
L4,Polylactic Acid/Lignin Composites: A Review,Kang Shi,Polymers,2023,10.3390/polym15132807,MDPI,https://www.mdpi.com/2073-4360/15/13/2807/pdf?version=1687671677
L4,Advances in Flame Retardant Poly(Lactic Acid),Benjamin Tawiah,Polymers,2018,10.3390/polym10080876,MDPI,https://www.mdpi.com/2073-4360/10/8/876/pdf?version=1533553880
L4,Use of Alginates as Food Packaging Materials,Michael G. Kontominas,Foods,2020,10.3390/foods9101440,MDPI,https://www.mdpi.com/2304-8158/9/10/1440/pdf?version=1602481295
L4,"Seaweed Polysaccharide in Food Contact Materials (Active Packaging, Intelligent Packaging, Edible Films, and Coatings)",Kalpani Y. Perera,Foods,2021,10.3390/foods10092088,MDPI,https://www.mdpi.com/2304-8158/10/9/2088/pdf?version=1632479559
L4,Fabrication of Porous Materials from Natural/Synthetic Biopolymers and Their Composites,U. G. Thennakoon Mudiyanselage Sampath,Materials,2016,10.3390/ma9120991,MDPI,https://www.mdpi.com/1996-1944/9/12/991/pdf?version=1481105729
L4,Enhanced Biodegradation Rate of Poly(butylene adipate-co-terephthalate) Composites Using Reed Fiber,Jia Chu Xu,Polymers,2024,10.3390/polym16030411,MDPI,https://www.mdpi.com/2073-4360/16/3/411/pdf?version=1706767977
L4,Towards a Bioactive Food Packaging: Poly(Lactic Acid) Surface Functionalized by Chitosan Coating Embedding Clove and Argan Oils,Elena Stoleru,Molecules,2021,10.3390/molecules26154500,MDPI,https://www.mdpi.com/1420-3049/26/15/4500/pdf?version=1627372655
L4,Recent Advances in Functional Biopolymer Films with Antimicrobial and Antioxidant Properties for Enhanced Food Packaging,Thirukumaran Periyasamy,Polymers,2025,10.3390/polym17091257,MDPI,https://doi.org/10.3390/polym17091257
L4,Material and Environmental Properties of Natural Polymers and Their Composites for Packaging Applications—A Review,Prabaharan Graceraj Ponnusamy,Polymers,2022,10.3390/polym14194033,MDPI,https://www.mdpi.com/2073-4360/14/19/4033/pdf?version=1665632142
L4,High-Oxygen-Barrier Multilayer Films Based on Polyhydroxyalkanoates and Cellulose Nanocrystals,Beatriz Meléndez-Rodríguez,Nanomaterials,2021,10.3390/nano11061443,MDPI,https://www.mdpi.com/2079-4991/11/6/1443/pdf?version=1623133450
L4,"Degradation Behaviors of Polylactic Acid, Polyglycolic Acid, and Their Copolymer Films in Simulated Marine Environments",Zeyu Chen,Polymers,2024,10.3390/polym16131765,MDPI,https://doi.org/10.3390/polym16131765
L4,Corn and Rice Starch-Based Bio-Plastics as Alternative Packaging Materials,M.K. Marichelvam,Fibers,2019,10.3390/fib7040032,MDPI,https://www.mdpi.com/2079-6439/7/4/32/pdf?version=1555325628
L4,"Poly(lactic Acid)–Biochar Biocomposites: Effect of Processing and Filler Content on Rheological, Thermal, and Mechanical Properties",Rossella Arrigo,Polymers,2020,10.3390/polym12040892,MDPI,https://www.mdpi.com/2073-4360/12/4/892/pdf?version=1586697918
L4,"Rheological, Morphological and Mechanical Studies of Sustainably Sourced Polymer Blends Based on Poly(Lactic Acid) and Polyamide 11",Walha Fatma,Polymers,2016,10.3390/polym8030061,MDPI,https://www.mdpi.com/2073-4360/8/3/61/pdf?version=1456489583
L4,Applications of Inorganic Nanoparticles in Food Packaging: A Comprehensive Review,Kshirod Kumar Dash,Polymers,2022,10.3390/polym14030521,MDPI,https://www.mdpi.com/2073-4360/14/3/521/pdf?version=1643425096
L4,Bio-Based Polymers with Potential for Biodegradability,Thomas F. Garrison,Polymers,2016,10.3390/polym8070262,MDPI,https://www.mdpi.com/2073-4360/8/7/262/pdf?version=1468495623
L4,A Review on Reinforcements and Additives in Starch-Based Composites for Food Packaging,Pedro Francisco Muñoz-Gimena,Polymers,2023,10.3390/polym15132972,MDPI,https://www.mdpi.com/2073-4360/15/13/2972/pdf?version=1688721984
L4,Biodegradable Poly(butylene adipate-co-terephthalate) Antibacterial Nanocomposites Reinforced with MgO Nanoparticles,Xionggang Wang,Polymers,2021,10.3390/polym13040507,MDPI,https://www.mdpi.com/2073-4360/13/4/507/pdf?version=1612792575
L4,Biopolymer: A Sustainable Material for Food and Medical Applications,Jaya Baranwal,Polymers,2022,10.3390/polym14050983,MDPI,https://www.mdpi.com/2073-4360/14/5/983/pdf?version=1646818313
L4,Agricultural Waste-Derived Biopolymers for Sustainable Food Packaging: Challenges and Future Prospects,Thivya Selvam,Polymers,2025,10.3390/polym17141897,MDPI,https://www.mdpi.com/2073-4360/17/14/1897/pdf?version=1752055990
L4,A Review on Biological Synthesis of the Biodegradable Polymers Polyhydroxyalkanoates and the Development of Multiple Applications,Bryan Dalton,Catalysts,2022,10.3390/catal12030319,MDPI,https://www.mdpi.com/2073-4344/12/3/319/pdf?version=1647250434
L4,Hybrid Biocomposites Based on Poly(Lactic Acid) and Silica Aerogel for Food Packaging Applications,Alejandro Aragón-Gutiérrez,Materials,2020,10.3390/ma13214910,MDPI,https://www.mdpi.com/1996-1944/13/21/4910/pdf?version=1604297363
L4,Chemical Modification and Foam Processing of Polylactide (PLA),Tobias Standau,Polymers,2019,10.3390/polym11020306,MDPI,https://www.mdpi.com/2073-4360/11/2/306/pdf?version=1550561371
L4,Chitosan: A Natural Biopolymer with a Wide and Varied Range of Applications,Carmen P. Jiménez‐Gómez,Molecules,2020,10.3390/molecules25173981,MDPI,https://www.mdpi.com/1420-3049/25/17/3981/pdf?version=1599023840
L4,Toughening of Poly(lactic acid) and Thermoplastic Cassava Starch Reactive Blends Using Graphene Nanoplatelets,Anibal Bher,Polymers,2018,10.3390/polym10010095,MDPI,https://www.mdpi.com/2073-4360/10/1/95/pdf?version=1516371833
L4,Evaluation of the Physical and Shape Memory Properties of Fully Biodegradable Poly(lactic acid) (PLA)/Poly(butylene adipate terephthalate) (PBAT) Blends,Marica Bianchi,Polymers,2023,10.3390/polym15040881,MDPI,https://www.mdpi.com/2073-4360/15/4/881/pdf?version=1676250766
L4,Structure and Properties of Polylactic Acid Biocomposite Films Reinforced with Cellulose Nanofibrils,Qianqian Wang,Molecules,2020,10.3390/molecules25143306,MDPI,https://www.mdpi.com/1420-3049/25/14/3306/pdf?version=1595332219
L4,Flat Die Extruded Biocompatible Poly(Lactic Acid) (PLA)/Poly(Butylene Succinate) (PBS) Based Films,Vito Gigante,Polymers,2019,10.3390/polym11111857,MDPI,https://www.mdpi.com/2073-4360/11/11/1857/pdf?version=1573457779
L4,Active Packaging Film Based on Poly Lactide-Poly (Butylene Adipate-Co-Terephthalate) Blends Incorporated with Tannic Acid and Gallic Acid for the Prolonged Shelf Life of Cherry Tomato,Shubham Sharma,Coatings,2022,10.3390/coatings12121902,MDPI,https://www.mdpi.com/2079-6412/12/12/1902/pdf?version=1670469511
L4,Protein-Based Films and Coatings for Food Industry Applications,Vlad Mihalca,Polymers,2021,10.3390/polym13050769,MDPI,https://www.mdpi.com/2073-4360/13/5/769/pdf
L4,Ionic Liquids as Delaminating Agents of Layered Double Hydroxide during In-Situ Synthesis of Poly (Butylene Adipate-co-Terephthalate) Nanocomposites,Hynek Beneš,Nanomaterials,2019,10.3390/nano9040618,MDPI,https://www.mdpi.com/2079-4991/9/4/618/pdf?version=1555400602
L4,Manufacturing and Characterization of Functionalized Aliphatic Polyester from Poly(lactic acid) with Halloysite Nanotubes,Sergi Montava-Jordà,Polymers,2019,10.3390/polym11081314,MDPI,https://www.mdpi.com/2073-4360/11/8/1314/pdf?version=1565092762
L4,Strategies to Improve the Barrier and Mechanical Properties of Pectin Films for Food Packaging: Comparing Nanocomposites with Bilayers,Victor Gomes Lauriano Souza,Coatings,2022,10.3390/coatings12020108,MDPI,https://www.mdpi.com/2079-6412/12/2/108/pdf?version=1642565383
L4,Biodegradation of Poly(Lactic Acid) Biocomposites under Controlled Composting Conditions and Freshwater Biotope,P. M. Brdlik,Polymers,2021,10.3390/polym13040594,MDPI,https://www.mdpi.com/2073-4360/13/4/594/pdf?version=1614128948
L4,Chitin Nanocomposite Based on Plasticized Poly(lactic acid)/Poly(3-hydroxybutyrate) (PLA/PHB) Blends as Fully Biodegradable Packaging Materials,Magdalena L. Iglesias-Montes,Polymers,2022,10.3390/polym14153177,MDPI,https://www.mdpi.com/2073-4360/14/15/3177/pdf?version=1659584675
L4,Biofilm Formation Reduction by Eugenol and Thymol on Biodegradable Food Packaging Material,Pavel Pleva,Foods,2021,10.3390/foods11010002,MDPI,https://www.mdpi.com/2304-8158/11/1/2/pdf?version=1640234432
L4,Essential Oils and Their Application on Active Packaging Systems: A Review,María Carpena,Resources,2021,10.3390/resources10010007,MDPI,https://www.mdpi.com/2079-9276/10/1/7/pdf?version=1610891321
L4,"Morpho-Structural, Thermal and Mechanical Properties of PLA/PHB/Cellulose Biodegradable Nanocomposites Obtained by Compression Molding, Extrusion, and 3D Printing",Adriana Nicoleta Frone,Nanomaterials,2019,10.3390/nano10010051,MDPI,https://www.mdpi.com/2079-4991/10/1/51/pdf?version=1579576622
L4,Interference of Biodegradable Plastics in the Polypropylene Recycling Process,María Dolores Samper,Materials,2018,10.3390/ma11101886,MDPI,https://www.mdpi.com/1996-1944/11/10/1886/pdf?version=1538475860
L4,Methods of Incorporating Plant-Derived Bioactive Compounds into Films Made with Agro-Based Polymers for Application as Food Packaging: A Brief Review,Gislaine Ferreira Nogueira,Polymers,2020,10.3390/polym12112518,MDPI,https://www.mdpi.com/2073-4360/12/11/2518/pdf?version=1603899602
L4,Evaluation of the Rosemary Extract Effect on the Properties of Polylactic Acid-Based Materials,Raluca Nicoleta Darie-Niță,Materials,2018,10.3390/ma11101825,MDPI,https://www.mdpi.com/1996-1944/11/10/1825/pdf?version=1537880068
L4,Development and Characterization of Polylactic Acid (PLA)-Based Nanocomposites Used for Food Packaging,Andrei Moldovan,Polymers,2023,10.3390/polym15132855,MDPI,https://www.mdpi.com/2073-4360/15/13/2855/pdf?version=1687947198
L4,Thermoplastic Processing of PLA/Cellulose Nanomaterials Composites,Teboho Clement Mokhena,Polymers,2018,10.3390/polym10121363,MDPI,https://www.mdpi.com/2073-4360/10/12/1363/pdf?version=1544337550
L4,Synergistic Effects of Nucleating Agents and Plasticizers on the Crystallization Behavior of Poly(lactic acid),Xuetao Shi,Molecules,2015,10.3390/molecules20011579,MDPI,https://www.mdpi.com/1420-3049/20/1/1579/pdf?version=1421665618
L4,Preparation and Characterization of Edible Dialdehyde Carboxymethyl Cellulose Crosslinked Feather Keratin Films for Food Packaging,Yao Dou,Polymers,2020,10.3390/polym12010158,MDPI,https://www.mdpi.com/2073-4360/12/1/158/pdf?version=1578474133
L4,Potential of Cellulose Microfibers for PHA and PLA Biopolymers Reinforcement,Gonzalo Mármol,Molecules,2020,10.3390/molecules25204653,MDPI,https://www.mdpi.com/1420-3049/25/20/4653/pdf?version=1602562765
L4,Processability and Mechanical Properties of Thermoplastic Polylactide/Polyhydroxybutyrate (PLA/PHB) Bioblends,Olga Olejnik,Materials,2021,10.3390/ma14040898,MDPI,https://www.mdpi.com/1996-1944/14/4/898/pdf?version=1613975047
L4,Crystallinity and Gas Permeability of Poly (Lactic Acid)/Starch Nanocrystal Nanocomposite,Somayeh Sharafi Zamir,Polymers,2022,10.3390/polym14142802,MDPI,https://www.mdpi.com/2073-4360/14/14/2802/pdf?version=1657594160
L4,Marine Biopolymers: Applications in Food Packaging,Niaz Mahmud,Processes,2021,10.3390/pr9122245,MDPI,https://www.mdpi.com/2227-9717/9/12/2245/pdf?version=1639402862
L4,Nanocarbon/Poly(Lactic) Acid for 3D Printing: Effect of Fillers Content on Electromagnetic and Thermal Properties,Giovanni Spinelli,Materials,2019,10.3390/ma12152369,MDPI,https://www.mdpi.com/1996-1944/12/15/2369/pdf?version=1564043914
L4,Hemicellulose-Based Film: Potential Green Films for Food Packaging,Yuelong Zhao,Polymers,2020,10.3390/polym12081775,MDPI,https://www.mdpi.com/2073-4360/12/8/1775/pdf?version=1597032549
L4,Effect of Different Compatibilizers on the Properties of Poly (Lactic Acid)/Poly (Butylene Adipate-Co-Terephthalate) Blends Prepared under Intense Shear Flow Field,Hezhi He,Materials,2020,10.3390/ma13092094,MDPI,https://www.mdpi.com/1996-1944/13/9/2094/pdf?version=1588327999
L4,"Processing Conditions, Thermal and Mechanical Responses of Stretchable Poly (Lactic Acid)/Poly (Butylene Succinate) Films",Elena Fortunati,Materials,2017,10.3390/ma10070809,MDPI,https://www.mdpi.com/1996-1944/10/7/809/pdf?version=1500265487
L4,The Use of Edible Films Based on Sodium Alginate in Meat Product Packaging: An Eco-Friendly Alternative to Conventional Plastic Materials,Roxana Gheorghiță,Coatings,2020,10.3390/coatings10020166,MDPI,https://www.mdpi.com/2079-6412/10/2/166/pdf?version=1583033002
L4,Controlled Release of Thymol from Poly(Lactic Acid)-Based Silver Nanocomposite Films with Antibacterial and Antioxidant Activity,Marina Ramos,Antioxidants,2020,10.3390/antiox9050395,MDPI,https://www.mdpi.com/2076-3921/9/5/395/pdf
L4,Biopolymers for Biomedical and Pharmaceutical Applications: Recent Advances and Overview of Alginate Electrospinning,Jolanta Wróblewska-Krepsztul,Nanomaterials,2019,10.3390/nano9030404,MDPI,https://www.mdpi.com/2079-4991/9/3/404/pdf?version=1552561981
L4,Preparation and Application of Starch/Polyvinyl Alcohol/Citric Acid Ternary Blend Antimicrobial Functional Food Packaging Films,Zhijun Wu,Polymers,2017,10.3390/polym9030102,MDPI,https://www.mdpi.com/2073-4360/9/3/102/pdf?version=1489498872
L4,Start a Research on Biopolymer Polyhydroxyalkanoate (PHA): A Review,Giin-Yu Amy Tan,Polymers,2014,10.3390/polym6030706,MDPI,https://www.mdpi.com/2073-4360/6/3/706/pdf?version=1394614426
L4,Application of Nanotechnology to Improve the Performance of Biodegradable Biopolymer-Based Packaging Materials,Arezou Khezerlou,Polymers,2021,10.3390/polym13244399,MDPI,https://www.mdpi.com/2073-4360/13/24/4399/pdf?version=1639569838
L4,Novel Materials in the Preparation of Edible Films and Coatings—A Review,Sabina Galus,Coatings,2020,10.3390/coatings10070674,MDPI,https://www.mdpi.com/2079-6412/10/7/674/pdf?version=1594723312
L4,Disposal Options of Bamboo Fabric-Reinforced Poly(Lactic) Acid Composites for Sustainable Packaging: Biodegradability and Recyclability,M. R. M. Fazita,Polymers,2015,10.3390/polym7081465,MDPI,https://www.mdpi.com/2073-4360/7/8/1465/pdf?version=1439475499
L4,Evaluation of the Factors Affecting the Disintegration under a Composting Process of Poly(lactic acid)/Poly(3-hydroxybutyrate) (PLA/PHB) Blends,Magdalena L. Iglesias-Montes,Polymers,2021,10.3390/polym13183171,MDPI,https://www.mdpi.com/2073-4360/13/18/3171/pdf?version=1632370688
L4,"PLA Composites Reinforced with Flax and Jute Fibers—A Review of Recent Trends, Processing Parameters and Mechanical Properties",Usha Kiran Sanivada,Polymers,2020,10.3390/polym12102373,MDPI,https://www.mdpi.com/2073-4360/12/10/2373/pdf?version=1603256794
L4,Influence of the Lignin Content on the Properties of Poly(Lactic Acid)/lignin-Containing Cellulose Nanofibrils Composite Films,Xuan Wang,Polymers,2018,10.3390/polym10091013,MDPI,https://www.mdpi.com/2073-4360/10/9/1013/pdf?version=1536660279
L4,Antimicrobial Poly (Lactic Acid)/Copper Nanocomposites for Food Packaging Materials,Violeta Popescu,Materials,2023,10.3390/ma16041415,MDPI,https://www.mdpi.com/1996-1944/16/4/1415/pdf?version=1675843783
L4,Poly(butylene adipate-co-terephthalate)/Polylactic Acid/Tetrapod-Zinc Oxide Whisker Composite Films with Antibacterial Properties,Zhibo Zhao,Polymers,2024,10.3390/polym16081039,MDPI,https://www.mdpi.com/2073-4360/16/8/1039/pdf?version=1712741954
L4,Novel Biocomposite Films Based on High Methoxyl Pectin Reinforced with Zeolite Y for Food Packaging Applications,Aleksandra Nešić,Foods,2022,10.3390/foods11030360,MDPI,https://www.mdpi.com/2304-8158/11/3/360/pdf?version=1643202249
L4,Chitosan Based Biodegradable Composite for Antibacterial Food Packaging Application,Andre Jiang,Polymers,2023,10.3390/polym15102235,MDPI,https://www.mdpi.com/2073-4360/15/10/2235/pdf?version=1683684095
L4,"Effect of Starch Plasticization on Morphological, Mechanical, Crystalline, Thermal, and Optical Behavior of Poly(butylene adipate-co-terephthalate)/Thermoplastic Starch Composite Films",Xiaoyan He,Polymers,2024,10.3390/polym16030326,MDPI,https://www.mdpi.com/2073-4360/16/3/326/pdf?version=1706153297
L4,The Quality Evaluation of Postharvest Strawberries Stored in Nano-Ag Packages at Refrigeration Temperature,Cheng Zhang,Polymers,2018,10.3390/polym10080894,MDPI,https://www.mdpi.com/2073-4360/10/8/894/pdf?version=1533808954
L4,Applications of Starch Biopolymers for a Sustainable Modern Agriculture,Ashoka Gamage,Sustainability,2022,10.3390/su14106085,MDPI,https://www.mdpi.com/2071-1050/14/10/6085/pdf?version=1652858279
L4,Preparation and Characterization of Polymer Composite Materials Based on PLA/TiO2 for Antibacterial Packaging,Edwin Gonzalez,Polymers,2018,10.3390/polym10121365,MDPI,https://www.mdpi.com/2073-4360/10/12/1365/pdf?version=1544526330
L4,Development of Polylactic Acid Films with Selenium Microparticles and Its Application for Food Packaging,Rui Lü,Coatings,2020,10.3390/coatings10030280,MDPI,https://www.mdpi.com/2079-6412/10/3/280/pdf?version=1584534688
L4,Isolation of Textile Waste Cellulose Nanofibrillated Fibre Reinforced in Polylactic Acid-Chitin Biodegradable Composite for Green Packaging Application,Samsul Rizal,Polymers,2021,10.3390/polym13030325,MDPI,https://www.mdpi.com/2073-4360/13/3/325/pdf
L4,Development of Antibacterial Biocomposites Based on Poly(lactic acid) with Spice Essential Oil (Pimpinella anisum) for Food Applications,Negin Noori,Polymers,2021,10.3390/polym13213791,MDPI,https://www.mdpi.com/2073-4360/13/21/3791/pdf?version=1637750707
L4,Epoxidized Jatropha Oil as a Sustainable Plasticizer to Poly(lactic Acid),Buong Woei Chieng,Polymers,2017,10.3390/polym9060204,MDPI,https://www.mdpi.com/2073-4360/9/6/204/pdf?version=1496479834
L4,Modification of Polylactide-poly (butylene adipate-co-terephthalate) (PLA/PBAT) Mixed-Matrix Membranes (MMMs) with Green Banana Peel Additives for Oil Wastewater Treatment,Maryam Y. Ghadhban,Water,2024,10.3390/w16071040,MDPI,https://www.mdpi.com/2073-4441/16/7/1040/pdf?version=1712232389
L4,"Physical, Mechanical, and Water Vapor Barrier Properties of Starch/Cellulose Nanofiber/Thymol Bionanocomposite Films",Siti Hajar Othman,Polymers,2021,10.3390/polym13234060,MDPI,https://www.mdpi.com/2073-4360/13/23/4060/pdf?version=1639015561
L4,Recent Progress of Carrageenan-Based Composite Films in Active and Intelligent Food Packaging Applications,Bharath Kokkuvayil Ramadas,Polymers,2024,10.3390/polym16071001,MDPI,https://www.mdpi.com/2073-4360/16/7/1001/pdf?version=1712392287
L4,Recent Advances in Chemically Modified Cellulose and Its Derivatives for Food Packaging Applications: A Review,Zhuolun Jiang,Polymers,2022,10.3390/polym14081533,MDPI,https://www.mdpi.com/2073-4360/14/8/1533/pdf?version=1650354211
L4,Biodegradable bilayer active packaging with unidirectional release: PLA/ZnO/MgO outer layer and gelatin electrospun mat incorporating eugenol-thymol for cucumber preservation.,Yunge Zhang,"Food research international (Ottawa, Ont.)",2026,10.1016/j.foodres.2026.120163,PubMed,
L4,Agricultural-based biopolymer packaging films and AI-integrated smart double-layer systems: Trends and innovations in food science and technology.,Kajal Mishra,"Food research international (Ottawa, Ont.)",2026,10.1016/j.foodres.2026.120088,PubMed,
L4,"Upcycled papaya leaf waste as functional filler in plasticized polylactic acid and recycled polylactic acid films: Tailoring ductility, UV protection, and compostability for sustainable packaging.",Natalia Cenitagoya Alonso,International journal of biological macromolecules,2026,10.1016/j.ijbiomac.2026.153952,PubMed,
L4,Fabrication and characterization of sustainable biofilms based on Pandanus fascicularis Lam cellulose reinforced polylactic acid for biodegradable packaging applications.,Benny Sharon Blessed Singh,International journal of biological macromolecules,2026,10.1016/j.ijbiomac.2026.153875,PubMed,
L4,Tannic acid/polylactic acid-grafted maleic anhydride/polylactic acid active packaging for peach preservation.,Wenya Ma,Journal of the science of food and agriculture,2026,10.1002/jsfa.70937,PubMed,
L4,"Modifications of Starch-Based Films for Sustainable Food Packaging with Biopolymer Blends, Plant Extracts, and Nanoparticles: A Review.",Abebe Teshome Ayele,Journal of food protection,2026,10.1016/j.jfp.2026.100870,PubMed,
L4,Nano-Delivery Systems for Essential Oils in Chitosan-Based Biopolymer Packaging: Structure-Function Relationships and Active-Intelligent Applications.,Qin Liu,"Foods (Basel, Switzerland)",2026,10.3390/foods15132395,PubMed,
L4,Development of polylactic acid-based nanomat with silver nitrate and betel leaf extract for antimicrobial food packaging.,Md Golam Mortuza Limon,RSC advances,2026,10.1039/d6ra03451a,PubMed,
L4,Engineering crystalline architecture in PLA/PBAT-based blend films through PDLA and talc for high-performance sustainable packaging.,Smrithy Pullarkad Bharathan,International journal of biological macromolecules,2026,10.1016/j.ijbiomac.2026.153379,PubMed,
L4,"Biobased PEF/PLA Bilayer Electrospun Films with Enhanced Mechanical, Barrier, and UV-Protective Properties.",Rabia Zia,ACS omega,2026,10.1021/acsomega.6c02615,PubMed,
L4,"Innovative Interfacial Compatibilization and Blowing Strategies for Advancing PLA/PBAT Blown Films: Enhancing Film Blowing Stability, Mechanical Properties, and Barrier Properties.",Qilin Wen,ACS omega,2026,10.1021/acsomega.6c02483,PubMed,
L4,Physicochemical processing techniques for the preparation and functional regulation of biopolymer-based packaging films: A review.,Wenqing Jiang,International journal of biological macromolecules,2026,10.1016/j.ijbiomac.2026.153187,PubMed,
L4,"Biopolymer-Based Food Packaging: Functional Properties, Enhancement Strategies, and Future Perspectives.",Songul Bayrak,Food science & nutrition,2026,10.1002/fsn3.72005,PubMed,
L4,Interfacial Adhesion in Multilayered Biopolymer Films Measured by Colloidal-Probe Atomic Force Microscopy─Toward Biodegradable Packaging.,Giuliana T Franco,Langmuir : the ACS journal of surfaces and colloids,2026,10.1021/acs.langmuir.6c00266,PubMed,
L4,"A green ""Sandwich"" multilayer membrane for food preservation: Introducing a dense Interface between PBAT and paper for enhanced gas-barrier performance.",Yao Lu,Food chemistry,2026,10.1016/j.foodchem.2026.149880,PubMed,
L4,Fabrication of polylactic acid-based active packaging incorporating rhamnolipid-stabilized essential oil emulsion for post-harvest banana preservation and shelf-life enhancement.,Swethaa Venkataraman,Food science and biotechnology,2026,10.1007/s10068-026-02155-3,PubMed,
L4,Biopolymer coatings for barrier and functional enhancement of sustainable food packaging: Recent advances and emerging trends.,Donghyun Jang,International journal of biological macromolecules,2026,10.1016/j.ijbiomac.2026.152492,PubMed,
L4,A Review on Agro-Waste-Derived Carbon Dots as Multifunctional Nanofillers in Biopolymer Films: A Sustainable Strategy for Active Packaging and Shelf Life Extension of Seafood.,Arunachalasivamani Ponnusamy,"Foods (Basel, Switzerland)",2026,10.3390/foods15091594,PubMed,
L4,Active packaging film based on a green composite: fabrication and performance analysis of pineapple leaf fiber-reinforced PBAT.,Yijun Liu,RSC advances,2026,10.1039/d5ra10078j,PubMed,
L4,Integrated Curcumin-Based Polylactic Acid Film with Screen-Printed Indicator for Real-Time Shrimp Freshness Monitoring.,Kelan Liu,"Foods (Basel, Switzerland)",2026,10.3390/foods15081453,PubMed,
L4,Progress and application of biopolymer-based packaging systems integrated with ,Abbas Najafi Tabrizi,Food chemistry: X,2026,10.1016/j.fochx.2026.103735,PubMed,
L4,Multifunctional roles of ascorbic acid in biopolymer food packaging: From performance tuning to shelf life extension: A review.,Qunyi Wang,International journal of biological macromolecules,2026,10.1016/j.ijbiomac.2026.152047,PubMed,
L4,Ferulic acid-impregnated sodium alginate-pectin biopolymer film for active packaging and shelf-life extension of potato chips.,Shaik Sadiya,Journal of the science of food and agriculture,2026,10.1002/jsfa.70672,PubMed,
L4,"Lipid-Enriched Biopolymer Films for Active Packaging: A Review of Structure, Properties, and Preservation Performance.",Bruna Moura Bastos,Polymers,2026,10.3390/polym18070870,PubMed,
L4,Hemp Essential Oils as Novel Antioxidant and Bacteriostatic Agents in PLA-Based Packaging.,Eugenia Mazzara,Polymers,2026,10.3390/polym18070824,PubMed,
L4,Crosslinked-AuNPs@CD-MOF Incorporated into PLA-Zein Composite Film with Humidity-Responsive Antimicrobial Release for ,Tahirou Sogore,"Foods (Basel, Switzerland)",2026,10.3390/foods15071164,PubMed,
L4,"Influence of Organic Salts on Molecular Interactions, Film Performance, and Antimicrobial Activity of TPS/PBAT Blown Films.",Vannet Roschhuk,"Foods (Basel, Switzerland)",2026,10.3390/foods15071148,PubMed,
L4,"Beyond fossil plastics: next-generation PLA-based bio-packaging for industrial applications - advances, challenges, and data-driven insights.",Naja Hasoon K T,RSC advances,2026,10.1039/d5ra08379f,PubMed,
L4,"Advances in citric acid-crosslinked starch biopolymer chemistry, processing, and applications in sustainable packaging - A critical review.",Moumita Dey,Carbohydrate polymers,2026,10.1016/j.carbpol.2026.125104,PubMed,
L4,Obtention and Characterization of Bio-Based Composite PBAT/PLA Active Trays for Fresh Food Packaging.,Tatiana Jiménez-Ariza,Polymers,2026,10.3390/polym18050665,PubMed,
L4,Sustainable PLA-Citronella Essential Oil Films: Development and In Vitro Antifungal Evaluation for Potential Blueberry Packaging Applications.,Miguel Ángel Martínez-Téllez,"Foods (Basel, Switzerland)",2026,10.3390/foods15050832,PubMed,
L4,Biopolymer-based edible film incorporating Melaleuca Bracteata F. Muell. Essential oil with antimicrobial and antioxidant properties: A promising approach for strawberry fruit preservation.,Jinjie Yang,"Food research international (Ottawa, Ont.)",2026,10.1016/j.foodres.2026.118498,PubMed,
L4,Surface-Treated MDI-Compatibilized PPC-P/PPC-ECH Film with PVA/Tannic Acid Complex for High-Gas-Barrier Application.,Shuangshuang Yue,Polymers,2026,10.3390/polym18040520,PubMed,
L4,"Active TPS/PBAT Blown Films Incorporating Sodium Lactate for Improved Oxygen Barrier, Antimicrobial Activity, and Cheese Preservation.",Vannet Roschhuk,"Foods (Basel, Switzerland)",2026,10.3390/foods15040763,PubMed,
L4,Sustainable packaging films: polylactic acid-surface-modified nanocellulose-pectin biocomposite to extend shelf life of strawberry fruit.,Medha Maitra,Journal of food science and technology,2026,10.1007/s13197-024-06195-7,PubMed,
L4,Casein as a biopolymer for edible packaging: A review on modification strategies and barrier property enhancement.,Jun Yang,"Food research international (Ottawa, Ont.)",2026,10.1016/j.foodres.2025.118246,PubMed,
L4,Bee products in biopolymer films/coatings: Advancing sustainable active packaging for food preservation.,Xiangxin Li,Current research in food science,2026,10.1016/j.crfs.2025.101292,PubMed,
L4,Effect of Agricultural Beneficial Microbes on the Degradability of Polylactic Acid Film in the Farmland Environment.,Yuan He,Polymers,2026,10.3390/polym18020212,PubMed,
L4,Development of Cellulose Nanocrystal (CNC)-Reinforced PLA/PMMA Nanocomposite Coatings for Sustainable Paper-Based Packaging.,Milad Parhizgar,Polymers,2026,10.3390/polym18020175,PubMed,
L4,Tailoring PLA/Gelatin Film Properties for Food Packaging Using Deep Eutectic Solvents.,M Cidália R Castro,"Molecules (Basel, Switzerland)",2025,10.3390/molecules31010039,PubMed,
L4,Plasma-treated polylactic acid films combined with ε-polylysine-chitosan coatings for fresh pork packaging.,Li Yana,Food chemistry: X,2025,10.1016/j.fochx.2025.103353,PubMed,
L4,Smart chitosan/κ-carrageenan biopolymer film enriched with grape peel anthocyanin/rutin nanoparticles for real-time beef and chicken meat freshness monitoring.,Hadi Eghbaljoo,International journal of biological macromolecules,2026,10.1016/j.ijbiomac.2025.149808,PubMed,
L4,Development of Tailored Composite Biopolymer Film Formulations Using Minimally Refined Chitosan from American Lobster (,Abhinav Jain,Polymers,2025,10.3390/polym17233132,PubMed,
L4,Assessing PLA/PBSA Films for Sustainable Packaging for Moist and Perishable Foods.,Maria-Beatrice Coltelli,Polymers,2025,10.3390/polym17233093,PubMed,
L4,Development of polylactic acid aluminized film/cellulosic paper composite paper-based material for herba houttuyniae preservation.,Zheng Cheng,International journal of biological macromolecules,2026,10.1016/j.ijbiomac.2025.149439,PubMed,
L4,Engineering cellulose nanofibril-polylactide composite films for high water vapor barrier food packaging.,Hans Estrella Cainglet,Journal of colloid and interface science,2026,10.1016/j.jcis.2025.139569,PubMed,
L4,Fabrication of a Chitosan-Gelatin/Polylactic Acid Bilayer Active Film Loaded with Tannic Acid for Enhancing Shelf-Life of Refrigerated Baby Clams.,Arunachalasivamani Ponnusamy,"Foods (Basel, Switzerland)",2025,10.3390/foods14223934,PubMed,
L4,Sustainable Biopolymer Films from Amazonian Tambatinga Fish Waste: Gelatin Extraction and Performance for Food Packaging Applications.,Fernanda Ramalho Procopio,"Foods (Basel, Switzerland)",2025,10.3390/foods14223866,PubMed,
L4,Fish-Based Biopolymer Complex Coacervate Coating for Improved Paper Oxygen and Water Barrier.,Sarah G Fisher,Biomacromolecules,2026,10.1021/acs.biomac.5c02091,PubMed,
L4,Sodium Alginate-Pectin Biopolymer Film With Essential Oil Impregnated Bio-Derived Silica for Active Packaging Application.,Karvembu Palanisamy,Journal of food science,2025,10.1111/1750-3841.70726,PubMed,
L4,Breakthroughs and Opportunities of Biopolymer Coatings: A Bibliometric Analysis on Their Future Prospects for the Sustainable Food Packaging Industry.,Huda Mohamad Elmatsani,TheScientificWorldJournal,2025,10.1155/tswj/5337593,PubMed,
L4,Biopolymer composites with halloysite nanotubes for multifunctional enhancement in food packaging: A review.,Hardi Pandya,"Food research international (Ottawa, Ont.)",2025,10.1016/j.foodres.2025.117765,PubMed,
L4,Regulating the permeability of poly(lactic acid)/poly(3-hydroxybutyrate-co-4-hydroxybutyrate) composite films for peach preservation.,Xiaofang Liu,International journal of biological macromolecules,2025,10.1016/j.ijbiomac.2025.149090,PubMed,
L4,Molecular docking-confirmed star anise essential oil -chitosan biopolymer films for insecticidal and anti-microbial food packaging.,Perumal Vivekanandhan,"Food research international (Ottawa, Ont.)",2025,10.1016/j.foodres.2025.117441,PubMed,
L4,Innovations in Biopolymer-Based Anti-Fog Food Packaging: From Surface Engineering to Sustainable Food Preservation.,Jinhe Li,Comprehensive reviews in food science and food safety,2025,10.1111/1541-4337.70321,PubMed,
L4,Galactomannans: A Suitable Biopolymer to Produce Advanced Food Packaging.,Elder Dos Santos Araujo,International journal of food science,2025,10.1155/ijfo/9577986,PubMed,
L4,Polyhydroxybutyrate laminated trilayer films with enhanced barrier and mechanical properties for active food packaging.,Shu Xu,Scientific reports,2025,10.1038/s41598-025-20239-8,PubMed,
L4,"Cassava Starch-Onion Peel Powder Biocomposite Films: Functional, Mechanical, and Barrier Properties for Biodegradable Packaging.",Assala Torche,Polymers,2025,10.3390/polym17192690,PubMed,
L4,Designing Sustainable Packaging Materials: Citric Acid-Modified TPS/PLA Blends with Enhanced Functional and Eco-Performance.,Vesna Ocelić Bulatović,Polymers,2025,10.3390/polym17192571,PubMed,
L4,Bio-Based Aqueous Dispersions Based on Unsaturated PLA Polymers for Barrier Packaging Applications.,Roosa Hämäläinen,Polymers,2025,10.3390/polym17182467,PubMed,
L4,A dual-functional antifungal and anti-Drosophila polylactic acid nanofibers film loaded with Litsea cubeba essential oil/β-cyclodextrin inclusion complex for Chinese bayberry preservation.,JinTao He,Food chemistry,2025,10.1016/j.foodchem.2025.146425,PubMed,
L4,"Biopolymer and Carnauba Wax Coating for Improved Paper Oxygen Barrier, Water Vapor Barrier, and Grease Resistance.",Sarah G Fisher,ACS applied materials & interfaces,2025,10.1021/acsami.5c09638,PubMed,
L4,Green engineering of polylactic acid/polymyrcene/cellulose nanocrystals films with tunable mechanical and UV-shielding properties for food packaging applications.,Dakuri Ramakanth,International journal of biological macromolecules,2025,10.1016/j.ijbiomac.2025.147342,PubMed,
L4,Multilayer Oxygen-Scavenging Biodegradable Polylactic Acid Films Reinforced with Microcrystalline Cellulose and Butylated Hydroxytoluene: Experimental Study of Structure-Property-Function Relationships Completed with Bibliometric Analysis toward Sustainable Development Goals (SDGs),Dirpan A.,Asean Journal for Science and Engineering in Materials,2027,,Elsevier,
L4,Curcumin extraction from turmeric residue biomass and their plasticizing effect with PLA/PCL blended active packaging film for fresh-cut fruit,Ramakrishnan A.,Biomass and Bioenergy,2027,10.1016/j.biombioe.2026.109890,Elsevier,
L4,Engineering lemon peel pectin via deep eutectic solvent-based extraction methods: structure–property relationships and film barrier performance,Chandrasekar C.M.,Food Hydrocolloids,2027,10.1016/j.foodhyd.2026.113245,Elsevier,
L4,Nanocellulose-reinforced κ-carrageenan/gluten films with Ardisia elliptica anthocyanins: structure-property balance for freshness-related colour response,Joseph L.,Food Hydrocolloids,2027,10.1016/j.foodhyd.2026.113164,Elsevier,
L4,"Radiation induced preparation of bio-based composites containing graphene oxide and barium ferrite nanoparticles for food packaging against Sitophilus granarius (Linnaeus, 1758)",Mahdy A.,Journal of Stored Products Research,2027,10.1016/j.jspr.2026.103213,Elsevier,
L4,Impact of PLA–graphene nanocomposite films on quality preservation of salmon fillets during refrigerated storage,Tirtashi F.E.,Applied Food Research,2026,10.1016/j.afres.2026.102503,Elsevier,
L4,pH responsive polycaprolactone/polylactic acid/anthocyanin@β-cyclodextrin-metal-organic frameworks films for shrimp freshness monitoring,Jafari N.,Future Foods,2026,10.1016/j.fufo.2026.101100,Elsevier,
L4,Recent advances in polylactic acid (PLA)- based sustainable food packaging: A comprehensive review,Jasrotia S.,Applied Food Research,2026,10.1016/j.afres.2026.102111,Elsevier,
L4,An integrated multi-criteria decision-making framework for the selection of sustainable biodegradable polymer for food packaging applications,Sabry I.,Discover Food,2026,10.1007/s44187-026-00867-3,Elsevier,
L4,Synergistic effects of anthocyanins and essential oils in biopolymer based active and intelligent food packaging for sustainable applications,Bouftou A.,Discover Materials,2026,10.1007/s43939-026-00647-x,Elsevier,
L4,"Polyvinyl alcohol biopolymer composites for active biodegradable food packaging, current trends and future prospective: A review",Bijoy G.,Applied Food Research,2026,10.1016/j.afres.2026.102306,Elsevier,
L4,"pH-responsive intelligent edible films based on sodium alginate–pectin reinforced with chitosan nanoparticles, green-synthesized TiO2 nanoparticles, and Azarshahr red onion peel anthocyanins",Piryaei M.,Applied Food Research,2026,10.1016/j.afres.2026.102268,Elsevier,
L4,Development and characterization of active edible packaging film based on orange fleshed sweet potato starch and Moringa stenopetala leaf extract,Getnet F.G.,Discover Food,2026,10.1007/s44187-026-01009-5,Elsevier,
L4,"Recent advancements in the development, functionalization and applications of sustainable bioactive edible food packaging: A comprehensive review",Shehzadi F.,Future Foods,2026,10.1016/j.fufo.2026.101157,Elsevier,
L4,Development and characterization of heat-sealable tapioca starch-nanoclay bionanocomposite film for food packaging applications,Muangmala W.,Future Foods,2026,10.1016/j.fufo.2026.101144,Elsevier,
L4,Development of coating materials from chrome tanned leather waste for sustainable packaging applications,Khan S.,Discover Sustainability,2026,10.1007/s43621-026-03192-y,Elsevier,
L4,"Bio-nanocomposite edible coating based on chitosan, Arabic gum and CuO-NPs to improve the storage life of Hass avocado",Abd El-Aziz M.E.,Food Safety and Risk,2026,10.1186/s40550-025-00123-z,Elsevier,
L4,Tailoring structural and functional properties of novel fucoidan–polyvinyl alcohol casting films,Mirzaei H.,Applied Food Research,2026,10.1016/j.afres.2026.102334,Elsevier,
L4,Silk-Inspired Design and Manufacturing of Robust Plantymers,Wang Y.,Nature Communications,2026,10.1038/s41467-026-72645-9,Elsevier,
L4,"Green fabrication of PVA based biofilms incorporated with shrimp shell derived chitosan, plasticized with PEG or Gly and reinforced by biosynthesized ZnO nanoparticles",Ezzatabadipour F.,Scientific Reports,2026,10.1038/s41598-026-39184-1,Elsevier,
L4,Real-time 3D monitoring of NIR laser effects on biodegradable polymers,Sajjadi M.,Scientific Reports,2026,10.1038/s41598-026-53741-8,Elsevier,
L4,"Transitioning PVC plastisol technology toward bio-based systems: Processing principles, challenges and opportunities of poly(3-hydroxybutyrate)",Uddin M.K.,Progress in Organic Coatings,2026,10.1016/j.porgcoat.2026.110528,Elsevier,
L4,Glycosylated nanoparticles for oral insulin delivery via glucose transporter to improve intestinal absorption,Zhang Y.,Journal of Nanobiotechnology,2026,10.1186/s12951-026-04428-9,Elsevier,
L4,Therapeutic potential of curcumin-integrated starch biomaterials in wound regeneration,Kargupta T.,Journal of Materials Science Materials in Medicine,2026,10.1007/s10856-026-07082-7,Elsevier,
L4,Eco-friendly fabrication of flag blue flower-derived CQD-doped chitosan films with tunable optical and photoluminescent properties,Mohammed H.A.,Scientific Reports,2026,10.1038/s41598-025-33019-1,Elsevier,
L4,Upcycling waste mycelium into chitosan-based biodegradable triboelectric nanogenerators with enhanced energy output,Panpho P.,Radiation Physics and Chemistry,2026,10.1016/j.radphyschem.2026.114161,Elsevier,
L4,Flash nanoprecipitation for co-delivery of diagnostic magnetic nanoparticles and anti-inflammatory drugs in polymeric nanocarriers,Pohlit H.,Powder Technology,2026,10.1016/j.powtec.2026.122930,Elsevier,
L4,"Eco-friendly polylactic acid microfibrous composite packaging with waterproof, breathable and balanced-mechanical performance via thermal transfer embossing",Zhang H.,Colloids and Surfaces A Physicochemical and Engineering Aspects,2026,10.1016/j.colsurfa.2026.141310,Elsevier,
L4,Effect of coating weight on barrier performance and recyclability of solvent based PLA coated paper,Haider Q.,Progress in Organic Coatings,2026,10.1016/j.porgcoat.2026.110437,Elsevier,
L4,"Self-healing materials for food packaging: Design principles, activation mechanisms and implications for food safety",Nie M.,Food Research International,2026,10.1016/j.foodres.2026.120227,Elsevier,
L4,Functional properties of starch/chitosan nanoparticle films incorporated with varying anthocyanin concentrations for potential smart food packaging application,Othman S.H.,Polymer Bulletin,2026,10.1007/s00289-026-06637-6,Elsevier,
L4,Metal-phenolic network-stabilized resveratrol nanoparticles as antimicrobial platforms for fresh pork preservation,Feng K.,Food Research International,2026,10.1016/j.foodres.2026.120376,Elsevier,
L4,Advancements in polymeric and composite membranes for selective extraction of metal ions: A comprehensive review,Pourhosseini S.,Trac Trends in Analytical Chemistry,2026,10.1016/j.trac.2026.119095,Elsevier,
L4,Biodegradable nano-dental-chip of nutraceuticals as a local drug delivery system for periodontal pockets,Ashfaq R.,Biomaterials Advances,2026,10.1016/j.bioadv.2026.215007,Elsevier,
L4,"Sonication in food packaging: Mechanisms, applications, and advancements toward sustainable and functional materials",Hailu G.G.,Food Research International,2026,10.1016/j.foodres.2026.119810,Elsevier,
L4,A biodegradable dual pH/humidity-responsive film: gelatin-poly(lipoic acid) loaded with thymol for enhanced fruit preservation,Men C.,Food Research International,2026,10.1016/j.foodres.2026.119865,Elsevier,
L4,Low-loading MXene reinforced PLA nanocomposite films with enhanced thermal stability and barrier properties,Nagaraj A.,Materials Letters,2026,10.1016/j.matlet.2026.141080,Elsevier,
L4,"From biosynthesis to food market translation of pullulan: AI-assisted production, structure-property-function interplay, regulatory perspectives, and commercialization",Ullah M.W.,Carbohydrate Polymers,2026,10.1016/j.carbpol.2026.125766,Elsevier,
L4,Environmentally friendly reduced graphene oxide coatings on poly(lactic acid) films: A breakthrough in oxygen and water vapour barrier performance,Olivieri F.,Surfaces and Interfaces,2026,10.1016/j.surfin.2026.110287,Elsevier,
L4,Active PLA films coated with polyphenol-rich avocado peel extracts for sustainable food packaging,Villanova-Estors R.,Innovative Food Science and Emerging Technologies,2026,10.1016/j.ifset.2026.104704,Elsevier,
L4,Characterization of Calcium-Enriched Edible Films Produced from Eggshell Powder Fortification,Evanuarini H.,Trends in Sciences,2026,10.48048/tis.2026.13005,Elsevier,
L4,Monolayer and multilayer biodegradable biocomposite blown films: Effect of poly (3-hydroxybutyrate-co-3-hydroxyvalerate) and talc on mechanical and barrier properties,Pesaranhajiabbas E.,Composites Part A Applied Science and Manufacturing,2026,10.1016/j.compositesa.2026.109990,Elsevier,
L4,Benchmarking barrier coatings for paper packaging: From biopolymers and nanomaterials to bionanocomposites,Rocha P.J.T.,Progress in Organic Coatings,2026,10.1016/j.porgcoat.2026.110360,Elsevier,
L4,Berberine as a multifunctional additive in biopolymer-based food packaging films and coatings: A review,Li X.,Trends in Food Science and Technology,2026,10.1016/j.tifs.2026.105922,Elsevier,
L4,Carboxymethyl cellulose-based intelligent modified atmosphere film with humidity monitoring and selective gas permeation for strawberry preservation,Xie D.,Carbohydrate Polymers,2026,10.1016/j.carbpol.2026.125670,Elsevier,
L4,Development and characterization of sustainable biopolymer films from sugarcane bagasse derived carboxymethyl cellulose and orange peel pectin,Kandpal T.,Next Materials,2026,10.1016/j.nxmate.2026.102637,Elsevier,
L4,Multilayered antimicrobial films of pectin and gellan gum incorporating eucalyptus oil inclusion complexes for food packaging,Baral A.,International Journal of Biological Macromolecules,2026,10.1016/j.ijbiomac.2026.153647,Elsevier,
L4,Functional PLA–rosin biofilms engineered by green deep eutectic systems: Catalysis and plasticization for enhanced performance,Genc M.,Reactive and Functional Polymers,2026,10.1016/j.reactfunctpolym.2026.106850,Elsevier,
L4,Chemical interactions and water barrier performance of films based on plasma-modified sorghum starch,Barrera-Nicolas I.A.,International Journal of Biological Macromolecules,2026,10.1016/j.ijbiomac.2026.153996,Elsevier,
L4,Lignocellulose-based plastics: From molecular architecture to multiscale functional design,Liu E.,Progress in Polymer Science,2026,10.1016/j.progpolymsci.2026.102156,Elsevier,
L4,"Multifunctional chitosan/gelatin/zinc-doped carbon dot composite films crosslinked by genipin: Structural characterization, antioxidant capacity, and pH-responsive freshness indication",Zhang X.,Food Chemistry,2026,10.1016/j.foodchem.2026.150565,Elsevier,
L4,Fiber-saturation-point-guided microfibrillation of hemp hurd enabling concurrent performance enhancement of thermoplastic starch/polybutylene adipate terephthalate,Jo H.M.,Chemical Engineering Journal,2026,10.1016/j.cej.2026.179503,Elsevier,
L4,Effect of natural biopolymers-based packaging materials on shelf life of dairy products,Kalita P.,Food Control,2026,10.1016/j.foodcont.2026.112199,Elsevier,
L4,Amorphous NiS-modified ZnIn2S4 nanosheets for highly efficient photocatalytic plastic reforming coupled with H2 evolution,Hu Q.,Journal of Environmental Chemical Engineering,2026,10.1016/j.jece.2026.124637,Elsevier,
L4,Role of coconut oil in eco-sustainable coating based on pectin and agarose for mandarin shelf-life extension,Pham-Tran B.T.,Progress in Organic Coatings,2026,10.1016/j.porgcoat.2026.110377,Elsevier,
L4,"Polymer and polymer-based composites for space radiation mitigation in food systems: Materials, mechanisms, and future perspectives",Babu A.,Next Materials,2026,10.1016/j.nxmate.2026.102815,Elsevier,
L4,Grafted natural polymers: emerging tools in drug delivery and biomedical applications,Tipugade S.D.,Polymer Bulletin,2026,10.1007/s00289-026-06601-4,Elsevier,
L4,Enabling fast Li+ transport in cellulose nanocrystals polymer electrolytes via grafting flexible acrylates for stable solid-state lithium metal batteries,Lv X.,Carbohydrate Polymers,2026,10.1016/j.carbpol.2026.125641,Elsevier,
L4,Advances in antimicrobial biomaterials for food packaging: A focus on food safety mechanisms and applications,Khan A.R.,Food Chemistry,2026,10.1016/j.foodchem.2026.150342,Elsevier,
L4,Unified biopolymer-based film design exploiting the multifunctional roles of tannic acid for beef preservation and real-time freshness monitoring,Shi J.,Food Research International,2026,10.1016/j.foodres.2026.119596,Elsevier,
L4,"Ultraviolet Resistant Biopolymeric Formulations for Sustainable Food Packaging Applications: UV Blocking Materials, Mechanism, Fabrication Techniques, Safety Regulations, and Future Perspectives",Kumar S.,Journal of Applied Polymer Science,2026,10.1002/app.71035,Elsevier,
L4,Fabrication and Application of Interface-Enhanced PPDO-Based Composite Membrane With Enhanced Interfacial Stability via Hot Pressing,Cheng J.,Journal of Applied Polymer Science,2026,10.1002/app.71041,Elsevier,
L4,Alkaline-driven assembly of protein-pectin-polyphenol ternary polymer networks with enhanced mechanical integrity and controlled antioxidant transport,Thapa S.,Chemical Engineering Journal,2026,10.1016/j.cej.2026.178659,Elsevier,
L4,Wavelength tunable ultralong room temperature phosphorescence from 3D-printable benzoindole based materials,Han S.,Spectrochimica Acta Part A Molecular and Biomolecular Spectroscopy,2026,10.1016/j.saa.2026.127824,Elsevier,
L4,Construction of starch/PBAT food packaging based on rigidity-affinity driven multidentate hydrogen bonding of tannic acid,Gao S.,Food Packaging and Shelf Life,2026,10.1016/j.fpsl.2026.101820,Elsevier,
L4,Development of active packaging: Integrating gallic and ascorbic acids into polylactic acid-microcrystalline cellulose (PLA-MCC) biodegradable films,Arfan M.,Food Chemistry Advances,2026,10.1016/j.focha.2026.101376,Elsevier,
L4,Mg-Al layer-double hydroxide intercalated natural antifungals for active PLA-based composites for packaging,Mondal K.,Food Packaging and Shelf Life,2026,10.1016/j.fpsl.2026.101822,Elsevier,
L4,Multilayer biopolymer-based flexible packaging films via layer-by-layer assembly: a comprehensive review,Gupta A.,Polymer International,2026,10.1002/pi.70114,Elsevier,
L4,Biodegradation of PLA in a simulated marine environment as affected by mixing with starch,La Fuente Arias C.I.,International Biodeterioration and Biodegradation,2026,10.1016/j.ibiod.2026.106447,Elsevier,
L4,Microbial-derived biopolymers for sustainable food packaging,Patel A.,Energy Nexus,2026,10.1016/j.nexus.2026.100764,Elsevier,
L4,Material innovation meets environmental responsibility: Recent progress in PLA and cPLA composites for sustainable food packaging,Estaji S.,Environmental Technology and Innovation,2026,10.1016/j.eti.2026.104998,Elsevier,
L4,Fucoidan as a Key Component in Edible Packaging Materials: A Comprehensive Review From Sustainable Production to Multifunctional Applications,Wu Y.,Comprehensive Reviews in Food Science and Food Safety,2026,10.1111/1541-4337.70588,Elsevier,
L4,"Carbon dot-functionalized biodegradable films for advanced food packaging: Mechanics, mechanisms, and intelligent functions",Youssef M.A.M.,Journal of Stored Products Research,2026,10.1016/j.jspr.2026.103122,Elsevier,
L4,"Two-dimensional nanomaterials in biodegradable food packaging: enhancing barrier properties, mechanical strength, and active functionality",Eskalen H.,Polymer Bulletin,2026,10.1007/s00289-026-06542-y,Elsevier,
L4,Photo-crosslinking: An emerging strategy for improving the performance of biopolymer-based food packaging,Zhang H.,Trends in Food Science and Technology,2026,10.1016/j.tifs.2026.105913,Elsevier,
L4,Development of intelligent and active bioresource-derived polymeric films incorporated with anthocyanins and carbon dots from dried Bengal currant for real-time freshness assessment of shark meat,Nagarajan M.,Bioresource Technology Reports,2026,10.1016/j.biteb.2026.102855,Elsevier,
L4,"Nanolignin-infused biopolymer films from pine wood extracted using deep eutectic solvent: Investigation of UV-blocking efficiency, structural properties, and shelf-life extension of strawberry",Tosif M.M.,International Journal of Biological Macromolecules,2026,10.1016/j.ijbiomac.2026.153281,Elsevier,
L4,"Recent advances in gelatin/carboxymethyl cellulose-based films for sustainable food packaging: Fabrication, functionalization, applications, and challenges",Abedi-Firoozjah R.,Carbohydrate Polymer Technologies and Applications,2026,10.1016/j.carpta.2026.101212,Elsevier,
L4,"Sustainable Polymer Biocomposites for Food Packaging: Green Nanotechnology, Circular Plastic Upcycling and Smart Functional Materials",Espenti C.S.,Packaging Technology and Science,2026,10.1002/pts.70094,Elsevier,
L4,Lanthanum oxide-loaded bacterial cellulose film with antibacterial and antioxidant properties exhibiting real-time pH response for smart food preservation packaging,Xu S.,International Journal of Biological Macromolecules,2026,10.1016/j.ijbiomac.2026.153545,Elsevier,
L4,Parametric optimization of silk protein–chitosan core–sheath nanofibers via coaxial electrospinning,Aad R.,Polymer Bulletin,2026,10.1007/s00289-026-06562-8,Elsevier,
L4,"Pectin/Pullulan Composite Films Incorporated with Pomelo Peel Extract-Mediated Silver Nanoparticles: Preparation, Characterization and Application in Grape Preservation",Ketseesung P.,Food Biophysics,2026,10.1007/s11483-026-10202-z,Elsevier,
L4,Automatic flow-through oral bioaccessibility method for real-time monitoring of zinc leachability from bio-based food packaging edible films,Montefusco A.V.,Talanta,2026,10.1016/j.talanta.2026.129906,Elsevier,
L4,"Lignin as a sustainable biopolymer for food: extraction, functionality, food safety and future perspectives",de Souza Lopes I.,Food Research International,2026,10.1016/j.foodres.2026.119526,Elsevier,
L4,The role of chitosan as a food preservative and its interactions with food matrices: a review,Edo G.I.,Polymer Bulletin,2026,10.1007/s00289-026-06563-7,Elsevier,
L4,Evaluating the effectiveness of an edible active biopolymer coating to prevent the growth of Penicillium verrucosum and Aspergillus ochraceus on export cocoa beans (Theobromacacao),Sandra A.,Results in Materials,2026,10.1016/j.rinma.2026.100985,Elsevier,
L4,Engineering food systems for microbiome stability and metabolic health in deep-space missions,Gao H.,Trends in Food Science and Technology,2026,10.1016/j.tifs.2026.105875,Elsevier,
L4,"Multifunctional polysaccharides for skin health: A review in antioxidant, anti-inflammatory, and regenerative mechanisms",Gomes T.C.,International Journal of Biological Macromolecules,2026,10.1016/j.ijbiomac.2026.153558,Elsevier,
L4,Eco-friendly fabrication of chitosan-gelatin biopatches incorporated with Amaranthus Spinosus extract for enhanced antibacterial wound dressing applications,Manoharan S.,Bioresource Technology Reports,2026,10.1016/j.biteb.2026.102963,Elsevier,
L4,"Effects of carboxymethyl cellulose coating on physicochemical attributes, postharvest quality and softening enzymes of ber fruits",Khan T.A.,Lwt,2026,10.1016/j.lwt.2026.119769,Elsevier,
L4,Ecosystem-informed engineering of a multi-kingdom microbial consortium for enhanced bacterial nanocellulose production,Kousheh S.,Food Bioscience,2026,10.1016/j.fbio.2026.109550,Elsevier,
L4,Development of gellan gum-pectin aerogels containing silicon dioxide-carbon dots/anthocyanins derived from Silybum marianum petals,Moradian M.,International Journal of Biological Macromolecules,2026,10.1016/j.ijbiomac.2026.153497,Elsevier,
L4,Resource recovery from rice processing into a renewable feedstock: Eco-conscious pathways to bio-derived plastic production,Elboughdiri N.,Biomass and Bioenergy,2026,10.1016/j.biombioe.2026.109266,Elsevier,
L4,The small RNA SuhB regulates metabolic functions and stress response in Sphingopyxis granuli TFA,García-Romero I.,Microbiological Research,2026,10.1016/j.micres.2026.128544,Elsevier,
L4,Simultaneously enhancing the gas barrier performance and toughness of biaxially stretched PLA films via graphene oxide as physical anchoring sites,Fu L.,Polymer,2026,10.1016/j.polymer.2026.130415,Elsevier,
L4,"Long-Chain Fatty Acid–Modified Cu-MOFs for Constructing Multifunctional PBAT/PLA Composite Films: Interfacial Regulation, Intelligent Responsiveness, and Hydrothermal Stability",Xu J.,Journal of Polymer Science,2026,10.1002/pola.70229,Elsevier,
L4,Oxygen-plasma screening of ALD Al₂O₃ barriers on 3D-printed PLA for low-earth-orbit atomic-oxygen durability,Vieira T.M.,Surface and Coatings Technology,2026,10.1016/j.surfcoat.2026.133666,Elsevier,
L4,Preparation of GO-g-PLBI Flexible Composite Film and Its Packaging Properties,Yuan Z.,Materials Reports,2026,10.11896/cldb.25020033,Elsevier,
L4,"Upcycled carbon nanodot–reinforced PHBH/PBAT nanocomposites for potential active food packaging: Enhanced barrier, antibacterial, and biodegradation behaviours",Lyu J.S.,Innovative Food Science and Emerging Technologies,2026,10.1016/j.ifset.2026.104671,Elsevier,
L4,Plasma-Assisted Electrospinning of PLA/PVA/ε-Polylysine Bilayer Antibacterial Films for Active Food Packaging,Zeng Y.,Polymer Engineering and Science,2026,10.1002/pen.70645,Elsevier,
L4,Impact of Alkali Treatment on Prosopis juliflora Bark as Filler in Poly Lactic Acid for Flexible Packaging Films,Rathinavel S.,Engineering Reports,2026,10.1002/eng2.71019,Elsevier,
L4,Plasma-treated PLA incorporated with purple tomato anthocyanins-based coating to fabricate bilayer indicator films for monitoring the freshness of minced pork,Zhou G.,Food Chemistry X,2026,10.1016/j.fochx.2026.104247,Elsevier,
L4,"Optimization of Boric Acid Content in PU–PLA Electrospun Nanocomposites: A Multifunctional Approach to Mechanical, Thermal, and Bioactive Performance",Erol İ.,Journal of Cluster Science,2026,10.1007/s10876-026-03087-y,Elsevier,
L4,Hydrolysis-Induced Permeability Changes in Self-Degradable Diverting Agents,Chen X.,SPE Journal,2026,10.2118/234669-pa,Elsevier,
L4,Biodegradable phycocyanin-loaded lignin-chitosan polymeric film: A multifunctional and active packaging material,Pathania T.,Journal of the Indian Chemical Society,2026,10.1016/j.jics.2026.102824,Elsevier,
L4,Valorization of agro-industrial by-products via edible films: Green preservation and circular bioeconomy solutions,Melikoglu M.,Progress in Organic Coatings,2026,10.1016/j.porgcoat.2026.110233,Elsevier,
L4,Designing enzyme-CNC brick-and-concrete structured PLA film for photothermal regulation and agricultural protection applications with stage-dependent degradation,Fu W.,Journal of Hazardous Materials,2026,10.1016/j.jhazmat.2026.142586,Elsevier,
L4,Smart and Active Packaging Using Bio-Based Polymers,Almi A.,Chembioeng Reviews,2026,10.1002/cben.70060,Elsevier,
L4,Enhancing the Antibacterial Activity and Barrier Properties of Biodegradable Modified Atmosphere Films Through Montmorillonite@Polydopamine/Silver/TiO₂ Nanocomposites for Food Preservation,Chang H.,Food and Bioprocess Technology,2026,10.1007/s11947-026-04486-9,Elsevier,
L4,Synergistic Preservation of Chilled Pork Using Bilayer Films: Tea Tree Oil Pickering Emulsion as Active Core and Nano-ZnO Gelatin as Protective Barrier,Liu S.,Journal of Food Science,2026,10.1111/1750-3841.71330,Elsevier,
L4,"Ester crosslinking of sodium alginate using bio-based 1,3-propanediol: Structure-property relationships and functional film performance",Bhandari P.,International Journal of Biological Macromolecules,2026,10.1016/j.ijbiomac.2026.153139,Elsevier,
L4,"Activating Paper Applying Gelatin, Starch and Chitosan Coatings Loaded With O/W Emulsions Encapsulating Rutin, Carvacrol and α-Tocopherol",Santos K.,Packaging Technology and Science,2026,10.1002/pts.70089,Elsevier,
L4,Design of chitosan/PVA biopolymer films enhanced cobalt-doped zinc oxide nanoparticles for green antibacterial packaging,Helmiyati H.,Inorganic Chemistry Communications,2026,10.1016/j.inoche.2026.116849,Elsevier,
L4,Valorization of Vegetable Processing Residues for Functional Biodegradable Films in Sustainable Food Packaging,Premarathne D.,Foods,2026,10.3390/foods15152737,Elsevier,
L4,"Electrospun gelatin nanofibers: Preparation, characterization, and applications in sustainable food packaging",Hadidi M.,Advances in Colloid and Interface Science,2026,10.1016/j.cis.2026.103910,Elsevier,
L4,Enhancing mechanical durability and moisture stability in low-energy citric acid-crosslinked carboxymethyl cellulose films for cherry tomato preservation,Tran K.Q.,Journal of Polymer Research,2026,10.1007/s10965-026-05072-5,Elsevier,
L4,"Edible coatings and films in meat preservation: Materials, functional mechanisms, and technological challenges",Pratama B.P.,Veterinary World,2026,10.14202/vetworld.2026.3311-3336,Elsevier,
L4,Tri-functional mixed-valence Fe-L-Ma nanocrystals as bioactive cross-linkers for advanced ethyl cellulose-based smart active packaging,Xie Q.,Lwt,2026,10.1016/j.lwt.2026.119705,Elsevier,
L4,Fabrication and characterization of edible composite films derived from xylanase-enzymatic flaxseed gum and citric acid-modified soybean protein isolate: Intermolecular interactions and functional efficacy,Xiao J.,International Journal of Biological Macromolecules,2026,10.1016/j.ijbiomac.2026.153113,Elsevier,
L4,"Sustainable Nanocomposite Films and Coatings for Meat Product Preservation: Recent Advances, Challenges, and Future Perspectives",Teseme W.B.,Foods,2026,10.3390/foods15152632,Elsevier,
L4,"Curcumin-, Anthocyanin-, and Carotenoid-Based Active and Intelligent Packaging Systems for Food Preservation and Freshness Monitoring",Pan X.,Foods,2026,10.3390/foods15152630,Elsevier,
L4,"From crown to cosmetics: Exploring the efficacy of an upcycled pineapple biopolymer in sustainable skincare, suncare and hair care applications",Shill D.D.,International Journal of Cosmetic Science,2026,10.1111/ics.70071,Elsevier,
L4,Zein as a multifunctional biopolymer: Guiding sustainable applications from molecular structure,Yu X.,Materials Today Advances,2026,10.1016/j.mtadv.2026.100888,Elsevier,
L4,Degradable cellulose nanofiber/MXene composite films with low thermal conductivity for infrared stealth and photothermal conversion,Chen J.,International Journal of Biological Macromolecules,2026,10.1016/j.ijbiomac.2026.153163,Elsevier,
L4,"Eco-friendly PVA/cashew Gum/CuO nanocomposites: Toward improved optical, mechanical and electrical functionalities",Kalladi A.J.,Journal of the Indian Chemical Society,2026,10.1016/j.jics.2026.102809,Elsevier,
L4,"Bioplastics for Sustainable Food Packaging: Materials, Functionality, Regulation, and Circularity",Sophian A.,Chemistryselect,2026,10.1002/slct.73903,Elsevier,
L4,Development and evaluation of a sustainable film based on Polygonatum sibiricum polysaccharide and polylactic acid for enhancing fruit preservation,Yang L.,Rsc Advances,2026,10.1039/d6ra00192k,Elsevier,
L4,Polyphenol-plasticized wheat gluten films via formic acid solubilization,Roark T.,Food Chemistry,2026,10.1016/j.foodchem.2026.149438,Elsevier,
L4,Excellent comprehensive performance of biaxially stretched polylactide films enabled by multi-level structural regulation,Zeng B.,Polymer,2026,10.1016/j.polymer.2026.130208,Elsevier,
L4,Defect-engineered metal organic framework thin film nanocomposite membranes for enhanced forward osmosis performance and microplastic antifouling,Najafi M.,Journal of Colloid and Interface Science,2026,10.1016/j.jcis.2026.140176,Elsevier,
L4,An ultrathin and geometrically customizable plasmonic Janus silk fibroin membrane for simultaneous sweat enrichment and multiplex biomarker detection,Hu M.,Biosensors and Bioelectronics,2026,10.1016/j.bios.2026.118644,Elsevier,
L4,Synergy of atom doping and vacancy engineering in ZnIn2S4 for enhanced photocatalytic plastic reforming coupled with H2 evolution,Xie Y.,Applied Catalysis B Environmental,2026,10.1016/j.apcatb.2026.126548,Elsevier,
L4,"Scale up coating process of PBAT with modified lignin for paper packaging: Barrier properties, and screening volatile/semi-volatile compounds",A. G. Soares Silva F.,Food Packaging and Shelf Life,2026,10.1016/j.fpsl.2026.101799,Elsevier,
L4,Nanoclay-Reinforced Poly(Butylene Adipate-Co-Terephthalate)/Thermoplastic Starch Composite Films for Single-Use Biodegradable Personal Care Packaging Applications,Azimi N.R.,Polymer Engineering and Science,2026,10.1002/pen.70567,Elsevier,
L4,PBAT/TPS-based intelligent films loaded with anthocyanin microcapsules for monitoring shrimp freshness,Li Z.,Innovative Food Science and Emerging Technologies,2026,10.1016/j.ifset.2026.104574,Elsevier,
L4,Design of biodegradable and antimicrobial PLA-based films incorporating banana waste cellulose and LAE for active food packaging,Patiño Vidal C.,Journal of Plastic Film and Sheeting,2026,10.1177/87560879261419116,Elsevier,
L4,Flexible Compostable Composite Films Based on Plasticized Reprocessed PLA and Reinforced with Rice Husk and Rice Husk Biochar,Gonzalez-Serrud S.,Polymers,2026,10.3390/polym18131637,Elsevier,
L4,"Polyhydroxybutyrate (PHB): Production, Properties, Modification Strategies, Additive Manufacturing, Biodegradation, and Applications",Sanjeevi B.,Materials,2026,10.3390/ma19143115,Elsevier,
L4,Zein-anthocyanins@sodium alginate core-shell nanoparticles for highly stable intelligent food packaging with real-time freshness monitoring,Peng Y.,Food Packaging and Shelf Life,2026,10.1016/j.fpsl.2026.101790,Elsevier,
L4,Robust heat resistance and barrier BO-PLLA/PDLA/PPC films by constructing highly dense and oriented stereocomplex crystalline,Wang L.,Polymer Degradation and Stability,2026,10.1016/j.polymdegradstab.2026.112106,Elsevier,
L4,Quantitative synthesis of plant extract incorporation in biopolymer films for sustainable food packaging,Jegatheeswaran D.,Next Materials,2026,10.1016/j.nxmate.2026.102332,Elsevier,
L4,"Sustainable barrier coatings for food packaging with a built-in, redox-activated trigger for surface hydrophilization",Xiong X.,Rsc Applied Polymers,2026,10.1039/d6lp00059b,Elsevier,
L4,Development and characterization of biodegradable nanocomposite films incorporating natural antimicrobial agents for dairy product Ainur,Zheldybayeva A.,Caspian Journal of Environmental Sciences,2026,10.22124/cjes.2026.9786,Elsevier,
L4,Antioxidant blend films of PLA and PVA with almond skin powder to preserve toasted almonds,Gil-Guillén I.,Sustainable Food Technology,2026,10.1039/d6fb00088f,Elsevier,
L4,Recent advances in mucilage-based active films and coatings for sustainable food packaging applications: A review,Kunjir K.V.,Progress in Organic Coatings,2026,10.1016/j.porgcoat.2026.110197,Elsevier,
L4,Silane-engineered bacterial cellulose infiltrated with PLA–ZnO nanocomposites for multifunctional active packaging of fresh strawberries,Muhammed A.P.,Food Packaging and Shelf Life,2026,10.1016/j.fpsl.2026.101809,Elsevier,
L4,Recent progress in sustainable biopolymer-based edible packaging for active food preservation,Deol P.,Journal of Food Measurement and Characterization,2026,10.1007/s11694-026-04443-2,Elsevier,
L4,Comparative evaluation of pH-responsive electrospun nanofiber films: Influence of anthocyanin profiles from six blueberry cultivars for intelligent pork freshness monitoring,Xu M.,Food Packaging and Shelf Life,2026,10.1016/j.fpsl.2026.101795,Elsevier,
L4,Citrus peel-inspired hurdle technology: A novel composite film and UV treatment for chilled meat preservation,Yang X.,Food Chemistry,2026,10.1016/j.foodchem.2026.149415,Elsevier,
L4,Bionanocomposite Films Based on Guar-Gum Incorporated With Laponite: Modified Atmosphere Packaging Application to Preserve Ready-To-Eat Broccoli,dos Santos Araujo E.,Polymers for Advanced Technologies,2026,10.1002/pat.70684,Elsevier,
L4,Structure-Forming Potential of Plant Components in the Reformulation of Composite Films Produced from Citrus Pectin and Vegetable Purée,Janowicz M.,Molecules,2026,10.3390/molecules31132318,Elsevier,
L4,Glycerol-plasticized ambient temperature mechanically mixed alginate: A scalable route to flexible and moldable biopolymer films,Nishad S.,Emergent Materials,2026,10.1007/s42247-026-01459-8,Elsevier,
L4,Recent advances in supramolecular self-assembly of plant-derived active small molecules for active food packaging,Sun J.,Trends in Food Science and Technology,2026,10.1016/j.tifs.2026.105753,Elsevier,
L4,Development of multifunctional packaging films reinforced with MIL-100(Fe) as functional nanofiller in bilayer biopolymer matrix for enhanced beef preservation and quality monitoring,Ahmad H.N.,Chemical Engineering Journal,2026,10.1016/j.cej.2026.177232,Elsevier,
L4,"Advances in Pulse and Oil Seed Industry Coproduct-Derived Sustainable Food Packaging: Biopolymers, Additives, Processing Technologies, and Functional Applications",Dissanayake T.,Comprehensive Reviews in Food Science and Food Safety,2026,10.1111/1541-4337.70583,Elsevier,
L4,Development and Characterization of Organic Acid-Loaded κ-Carrageenan/Potato Starch Biocomposite Films for Active Food Packaging,Khan T.S.,Starch Staerke,2026,10.1002/star.70271,Elsevier,
L4,Eco-sustainable food packaging: Biobased multi-active films to mitigate migration of mineral oils and polyolefin oligomeric saturated hydrocarbons,Miklavčič Višnjevec A.,Food Packaging and Shelf Life,2026,10.1016/j.fpsl.2026.101792,Elsevier,
L4,Development of whey-protein–pullulan films loaded with Saussurea Costus latex phenolics as active packaging liners for shelf-life extension and gray-mold suppression in post-harvest cherry tomatoes,Alshabrmi F.M.,Journal of Food Measurement and Characterization,2026,10.1007/s11694-026-04478-5,Elsevier,
L4,"Engineering Starch for Sustainable Food Packaging: A Critical Review of Structural Limitations, Modification Techniques, and Emerging Active and Intelligent Applications",Rashid A.,Comprehensive Reviews in Food Science and Food Safety,2026,10.1111/1541-4337.70573,Elsevier,
L4,"Physiochemical, antimicrobial and antioxidant properties of chitosan/starch/TiO2 bionanocomposites for food packaging applications",Singh S.,Polymer Bulletin,2026,10.1007/s00289-026-06417-2,Elsevier,
L4,"Esters of α-1,3-glucan: designed enzymatic polysaccharides as new matrices for sustainable packaging and membrane applications",Papchenko K.,Carbohydrate Polymers,2026,10.1016/j.carbpol.2026.125296,Elsevier,
L4,"A review of fungal chitosan for bioactive and biodegradable food packaging: green extraction, properties, structure–function relationships, and applications",Lakshan N.D.,Sustainable Food Technology,2026,10.1039/d6fb00007j,Elsevier,
L4,"Effect of Liquid Smoke Incorporation on the Structural, Barrier, and Functional Properties of Okra Mucilage–Corn Starch Films",Ferreira N.L.D.S.,Polymers,2026,10.3390/polym18131566,Elsevier,
L4,"Gelatin-based nanocomposites for food packaging: A comprehensive review of sources, nanofillers, mechanisms, fabrication techniques, properties, and applications",Kumar K.,Next Materials,2026,10.1016/j.nxmate.2026.102054,Elsevier,
L4,"Developing high-strength, multifunctional films from tamarind seed polysaccharides and propolis for sustainable fruit preservation",Yang F.,International Journal of Biological Macromolecules,2026,10.1016/j.ijbiomac.2026.152969,Elsevier,
L4,Portable Quantification and Sustainable Active Packaging of Olive Pomace Polyphenols Obtained by Green Recovery,Gonzalez N.,Molecules,2026,10.3390/molecules31142476,Elsevier,
L4,"Electrospraying and Nano-Enabled Edible Films for Food Preservation: Controlled Release, Antimicrobial Function, and Future Horizons",Kassa M.G.,Food Science and Nutrition,2026,10.1002/fsn3.72081,Elsevier,
L4,Pulse electric field-assisted preparation of soy protein isolate-based films with excellent mechanical strength and UV barrier performance,Li Y.,Innovative Food Science and Emerging Technologies,2026,10.1016/j.ifset.2026.104582,Elsevier,
L4,Food-derived degradation products as design inputs for next-generation packaging materials: a review,Jain H.,Journal of Food Measurement and Characterization,2026,10.1007/s11694-026-04573-7,Elsevier,
L4,Recent advances in the construction of micro/nanofibres based on food-derived biopolymers using solution blown spinning technology: A review,Zhang M.,Food Research International,2026,10.1016/j.foodres.2026.119098,Elsevier,
L4,Holistic Approach for the Comparative Assessment of Chemical Structure and Functional Properties of Major Categories of Agricultural Plastics,Salazar S.A.,Polymers,2026,10.3390/polym18131656,Elsevier,
L4,Effects of Extraction Processes on Breadfruit (Artocarpus altilis) Starch and Application in Biodegradable Films,Thu T.T.M.,Starch Staerke,2026,10.1002/star.70264,Elsevier,
L4,Mixture-design optimization of chlorella–chitosan biocomposite films followed by juniper seed extract incorporation for structural and functional reinforcement,Erim E.,International Journal of Biological Macromolecules,2026,10.1016/j.ijbiomac.2026.152890,Elsevier,
L4,Gellan gum-based biocomposites for agriculture and food applications,Thiviya P.,Journal of Agriculture and Food Research,2026,10.1016/j.jafr.2026.103084,Elsevier,
L4,"Eco-friendly corrosion inhibitors based on natural extracts, biopolymers, and nanocomposites",Lalem A.,International Journal of Electrochemical Science,2026,10.1016/j.ijoes.2026.101405,Elsevier,
L4,Sustainable Preservation Strategies for Prunes—The Influence of Biopolymer Coatings on the Quality and Sustainability of Prunes,Ranđelović D.,Coatings,2026,10.3390/coatings16070826,Elsevier,
L4,Recent Advances in Lignin-Based Coatings for Sustainable and Biodegradable Materials,Belkozhayev A.,Processes,2026,10.3390/pr14142360,Elsevier,
L4,Aloe vera in Food Preservation: Harnessing Bioactive Constituents for Clean-Label Innovation and Safety Assurance,Balkrishna A.,Food Safety and Health,2026,10.1002/fsh3.70081,Elsevier,
L4,Development and Performance Evaluation of a Temperature- and Salt-Resistant Bio-Based Profile-Control and Oil Displacement System,Yu X.,Polymers,2026,10.3390/polym18141768,Elsevier,
L4,"Arenga pinnata flour/starch, fruit and fiber: compositional variability, functionality, and emerging industrial applications",He Y.,Trends in Food Science and Technology,2026,10.1016/j.tifs.2026.105761,Elsevier,
L4,Properties of Hyaluronic Acid–Polyvinylpyrrolidone Blends as Green Plastic Materials,Anwar B.,Periodica Polytechnica Chemical Engineering,2026,10.3311/ppch.42159,Elsevier,
L4,"Biopolymers for sustainable food systems: role in stabilization, encapsulation, structuring, and packaging",Nazir A.,Frontiers in Sustainable Food Systems,2026,10.3389/fsufs.2026.1826793,Elsevier,
L4,Sodium Alginate/Pectin/Gelatin-Based Biopolymer Films Fortified with Pomegranate Peel Extract,Yazgac I.,ACS Omega,2026,10.1021/acsomega.6c00322,Elsevier,
L4,Active Biopolymeric Packaging for Fatty Foods: Chitosan/Electrospun Zein Bilayer Membranes with Natural Additive,Avila L.B.,ACS Omega,2026,10.1021/acsomega.5c11399,Elsevier,
L4,Underwater 3D printing of concrete: Mapping mix-design drivers of hardened performances,Jacquet Y.,Construction and Building Materials,2026,10.1016/j.conbuildmat.2026.146539,Elsevier,
L4,A physical-aging perspective on toughening mechanism of stretched PLA: critical role of ultrafine nanocrystal network,Guo W.,Polymer,2026,10.1016/j.polymer.2026.130179,Elsevier,
L4,Self-cleaning functional coating from leather and seafood waste-derived biopolymer-TiO2 nanocomposite,Badhan F.A.,Surfaces and Interfaces,2026,10.1016/j.surfin.2026.109237,Elsevier,
L4,Preparation and Study on Gas Barrier Properties of PLLA/PVA-g-PDLA Blends,Wang L.,Industrial and Engineering Chemistry Research,2026,10.1021/acs.iecr.6c00316,Elsevier,
L4,"Chitosan-based films and coatings for active and intelligent food packaging: Formulation strategies, sensing mechanisms, and quality monitoring",Gupta R.K.,Frontiers in Sustainable Food Systems,2026,10.3389/fsufs.2026.1849828,Elsevier,
L4,Processing stability and antioxidant performance of poly(lactic acid) composites with phenolic extracts for sustainable active packaging applications,Iosifeli M.,Polymer,2026,10.1016/j.polymer.2026.130004,Elsevier,
L4,Active Eco-friendly Mucilage-Based Films Reinforced with Graphitic Carbon Nitride (g-C3N4) for Sustainable Food Packaging Applications,Muyiwa A.F.,ACS Omega,2026,10.1021/acsomega.6c00597,Elsevier,
L4,Neutral BODIPY–chitosan films for photodynamic food freshness preservation,Lin Y.,Chemical Communications,2026,10.1039/d6cc00390g,Elsevier,
L4,Characterization and Antimicrobial Activity of PLA-Laminated PBAT/TPS Films Incorporated with Silver Nanocomposites,Promhuad K.,Foods,2026,10.3390/foods15122132,Elsevier,
L4,Biobased alginate–PBAT blend films for sustainable packaging: overcoming the performance trade-offs of ionic crosslinking,Abdullah N.A.S.,Polymer International,2026,10.1002/pi.70083,Elsevier,
L4,Preparation and characterization of PBAT/PLA/lemon-extract quantum dots by melt extrusion for enhanced antibacterial and sustainable packaging,Jozaghkar M.,Applied Surface Science,2026,10.1016/j.apsusc.2026.166308,Elsevier,
L4,Extending fresh-cut apple shelf-life with a high-barrier starch-based biofilm,Adiletta G.,European Food Research and Technology,2026,10.1007/s00217-026-05145-1,Elsevier,
L4,Structure–property relationships in PLA–PBAT and PLA–PPeAT blends: toward stronger biobased biodegradable packaging materials,Aboukeila H.,Journal of Materials Science,2026,10.1007/s10853-026-12836-3,Elsevier,
L4,Enzyme-loaded thermoplastic starch films incorporating papain and bromelain for active meat tenderization,Klinmalai P.,Future Foods,2026,10.1016/j.fufo.2025.100855,Elsevier,
L4,Influence of Molecular Weight on Functional Performance and Migration of PLA Food-Contact Films,Moyadee C.,Polymer Engineering and Science,2026,10.1002/pen.70510,Elsevier,
L4,"Supercritical Solvent Impregnation of Poly(lactic acid) (PLA)-Based Films: Effect of Poly(3-hydroxybutyrate) (PHB) and Poly(butylene succinate) (PBS) on Loading Capacity, Optical Properties and Release Kinetics of Mango Leaf Extract",León-Marcos L.,Polymers,2026,10.3390/polym18111377,Elsevier,
L4,Biomass-Derived Carbon Fillers in Biopolymer Composite Coating Films for Sustainable Food Packaging: A Review,Mohammad Suffian James R.,Journal of Composites Science,2026,10.3390/jcs10060296,Elsevier,
L4,Corona-Treated LDPE Bilayer Films Coated with Chitosan/Glycerol and Carvacrol@Zeolite Nanohybrid for High-Oxygen-Barrier Active Packaging,Leontiou A.A.,Polysaccharides,2026,10.3390/polysaccharides7020062,Elsevier,
L4,Development of biofilms using polylactic acid (PLA) and chitosan: Effect of incorporating cellulose microfibers,Hozman Manrique A.S.,Heliyon,2026,10.1016/j.heliyon.2026.e45055,Elsevier,
L4,Aging effects of hindered amine versus triazine-based anti-aging agents on PBAT mulch film under different humidity levels,Wang Y.,Nongye Gongcheng Xuebao Transactions of the Chinese Society of Agricultural Engineering,2026,10.11975/j.issn.1002-6819.202510142,Elsevier,
L4,Interfacial engineering of graphene oxide with heterostructure to construct tortuous pathways in polylactic acid multilayers as barrier packaging,Yang Q.,Food Packaging and Shelf Life,2026,10.1016/j.fpsl.2026.101777,Elsevier,
L4,Comparative study of methylcellulose and polyhydroxybutyrate films with propolis extract for antimicrobial packaging applications,Erol E.,Applied Food Research,2026,10.1016/j.afres.2026.102224,Elsevier,
L4,Enhancing the Hydrophobicity and Elasticity of Poly(Lactic Acid)/Polyethylene Glycol/Beeswax Cast Films for Biodegradable Packaging: An FTIR Comparative Study,Tanawsri P.,Polymers for Advanced Technologies,2026,10.1002/pat.70642,Elsevier,
L4,Development and Characterization of Mahua Essential Oil-Loaded PLA Films for Shelf-Life Enhancement of Green Chillies,Mohan S.,Polymer Engineering and Science,2026,10.1002/pen.70486,Elsevier,
L4,Engineering Breathable Biodegradable Multilayers via Solution Blow Spinning for Sustainable Food Packaging,Moshfeghi Far N.,Polymers,2026,10.3390/polym18121500,Elsevier,
L4,"Characterizing Mechanical, Heat Seal, and Gas Barrier Performance of Biodegradable Films to Determine Food Packaging Applications.",Bram Bamps,Polymers,2022,10.3390/polym14132569,Lens,
L4,Biopolymer Films and Coatings in Packaging Applications—A Review of Recent Developments,Jari Vartiainen,Materials Sciences and Applications,2014,10.4236/msa.2014.510072,Lens,http://www.scirp.org/journal/PaperDownload.aspx?paperID=48968
L4,Effects of Quercetin and Organically Modified Montmorillonite on the Properties of Poly(butylene adipate-co-terephthalate)/Thermoplastic Starch Active Packaging Films.,Fan Yang,ACS omega,2022,10.1021/acsomega.2c05836,Lens,
L4,Functional Properties of Plasticized Bio-Based Poly(Lactic Acid)_Poly(Hydroxybutyrate) (PLA_PHB) Films for Active Food Packaging,Nuria Burgos,Food and Bioprocess Technology,2017,10.1007/s11947-016-1846-3,Lens,https://rua.ua.es/dspace/bitstream/10045/66414/5/2017_Burgos_etal_FoodBioprocessTechnol_revised.pdf
L4,Biodegradable TPS/PBAT Blown Films with Ascorbyl Palmitate and Sodium Ascorbyl Phosphate as Antioxidant Packaging.,Rosi Andini Arumsari,Polymers,2024,10.3390/polym16233237,Lens,
L4,"Environmental fate, biodegradation pathways, and phytotoxicological risks of biopolymer-based packaging: a critical review.",Danielle Cristine Mota Ferreira,Environmental science and pollution research international,2026,10.1007/s11356-026-37565-7,Lens,
L4,Multilayer Film Comprising Polybutylene Adipate Terephthalate and Cellulose Nanocrystals with High Barrier and Compostable Properties.,Beatriz Melendez-Rodriguez,Polymers,2024,10.3390/polym16152095,Lens,
L4,"Robust and high barrier thermoplastic starch – PLA blend films using starch-
                    <i>graft</i>
                    -poly(lactic acid) as a compatibilizer",Binh M. Trinh,Materials Advances,2022,10.1039/d2ma00501h,Lens,
L4,Water vapor barrier property of PLA nanocomposites using rice husk ash and layered double hydroxides as fillers,Rakesh K. Gupta,DOAJ (DOAJ: Directory of Open Access Journals),2019,10.14456/easr.2019.32,Lens,
L4,"Improvement of Poly(lactic acid)-Poly(hydroxy butyrate) Blend Properties for Use in Food Packaging: Processing, Structure Relationships.",Mitul Kumar Patel,Polymers,2022,10.3390/polym14235104,Lens,
L4,"Morphological, Mechanical, and Antimicrobial Properties of PBAT/Poly(methyl methacrylate-co-maleic anhydride)-SiO2 Composite Films for Food Packaging Applications.",Raja Venkatesan,Polymers,2022,10.3390/polym15010101,Lens,
L4,Novel Biodegradable Cast Film from Carbon Dioxide Based Copolymer and Poly(Lactic Acid),Qirui Sun,Journal of Polymers and the Environment,2015,10.1007/s10924-015-0743-6,Lens,https://link.springer.com/content/pdf/10.1007%2Fs10924-015-0743-6.pdf
L4,Biocomposites and Poly(lactic acid) in Active Packaging: A Review of Current Research and Future Directions.,Sofiane Akhrib,Polymers,2024,10.3390/polym17010003,Lens,
L4,Polypropylene/Poly(butylene adipate-co-terephthalate) Breathing Film for Inhibiting Pseudomonas and Maintaining Microbial Communities and Postharvest Quality of Allium mongolicum Regel during Storage.,Hongyu Bu,"Foods (Basel, Switzerland)",2023,10.3390/foods12183370,Lens,
L4,PLA-Based Materials Containing Bio-Plasticizers and Chitosan Modified with Rosehip Seed Oil for Ecological Packaging.,Raluca Nicoleta Darie-Niță,Polymers,2021,10.3390/polym13101610,Lens,https://www.mdpi.com/2073-4360/13/10/1610/pdf
L4,Sustainable and Repulpable Barrier Coatings for Fiber-Based Materials for Food Packaging: A Review,Ajay Kathuria,Frontiers in Materials,2022,10.3389/fmats.2022.929501,Lens,
L4,High-Barrier and Antioxidant Poly(lactic acid)/Nanocellulose Multilayered Materials for Packaging,Manon Le Gars,ACS omega,2020,10.1021/acsomega.0c01955,Lens,https://pubs.acs.org/doi/pdf/10.1021/acsomega.0c01955
L4,Study on Characterizations and Applicability of PBAT/PLA-ZnO Composite Film for Antimicrobial Food Packaging,Guyoon Kwon,KOREAN JOURNAL OF PACKAGING SCIENCE AND TECHNOLOGY,2024,10.20909/kopast.2024.30.3.249,Lens,
L4,Biopolymer Blends of Poly(lactic acid) and Poly(hydroxybutyrate) and Their Functionalization with Glycerol Triacetate and Chitin Nanocrystals for Food Packaging Applications.,Mitul Kumar Patel,ACS applied polymer materials,2022,10.1021/acsapm.2c00967,Lens,
L4,Effect of PBAT on Property of PLA/PHB Film Used for Fruits and Vegetables,Xiuyu Ma,MATEC Web of Conferences,2016,10.1051/matecconf/20178802009,Lens,https://www.matec-conferences.org/10.1051/matecconf/20178802009/pdf
L4,"Comparative Study of Chemical, Mechanical, Thermal, and Barrier Properties of Poly(Lactic Acid) Plasticized with Epoxidized Soybean Oil and Epoxidized Palm Oil",Yee Bond Tee,BioResources,2015,10.15376/biores.11.1.1518-1540,Lens,http://ojs.cnr.ncsu.edu/index.php/BioRes/article/download/BioRes_11_1_1518_Yee_Bond_Comparative_Study_Soybean_Oil/4156
L4,Recent Advances in PLA-Based Antibacterial Food Packaging and Its Applications.,Linying Shao,"Molecules (Basel, Switzerland)",2022,10.3390/molecules27185953,Lens,
L4,Controlled release of chlorine dioxide from α-cyclodextrin complexes embedded in poly(lactic acid)/poly(butylene adipate-co-butylene terephthalate) films for sustainable food packaging.,Xiaoyan He,Food chemistry: X,2026,10.1016/j.fochx.2026.103982,Lens,
L4,Next-Generation Food Packaging: Progress and Challenges of Biopolymer-Based Materials.,Raja Venkatesan,Polymers,2025,10.3390/polym17172299,Lens,
L4,Effect of Glycerol Stearates on the Thermal and Barrier Properties of Biodegradable Poly(butylene Adipate-Co-Terephthalate).,Jing Yuan,"Materials (Basel, Switzerland)",2024,10.3390/ma17235732,Lens,
L4,"Biocompatible, Biodegradable, and Antimicrobial Food Packaging Film from Polylactic Acid and Biogenic Vaterite CaCO3-Ag Hybrid.",Mohammad Hossein Azarian,Polymers,2025,10.3390/polym17101345,Lens,
L4,The effect of different clay types on the barrier properties of PLA/PBAT/clay bio-nanocomposite packaging films,Ceren Alpaslan Güler,Journal of Dispersion Science and Technology,2023,10.1080/01932691.2023.2225609,Lens,
L4,"In Situ Constructing Highly Aligned Ribbon-like PHBV Lamellae in PBAT: Towards Strong, Ductile and High-Barrier PBAT/PHBV Films.",Yaqiao Wang,"Materials (Basel, Switzerland)",2025,10.3390/ma18173947,Lens,
L4,Forged Image Detecting System Based on Frequency Domain Analysis,"Yutong, Shen",Internet of Things - ICIOT 2026,2027,10.1007/978-3-032-36493-7_8,Springer,http://link.springer.com/openurl/pdf?id=doi:10.1007/978-3-032-36493-7_8
L4,Synthesis and Characterization of Chitosan-Based Nanocomposite Materials Incorporated with Gd for Neutron Radiation Shielding,"Popov, Oleksandr","Systems, Decision and Control in Energy VIII",2027,10.1007/978-3-032-30580-0_3,Springer,http://link.springer.com/openurl/pdf?id=doi:10.1007/978-3-032-30580-0_3
L4,Neutrosophic Collaborative Decision-Making,"Chen, Tin-Chih Toly",Neutrosophic Collaborative Intelligence and Systems,2027,10.1007/978-3-032-34267-6_3,Springer,http://link.springer.com/openurl/pdf?id=doi:10.1007/978-3-032-34267-6_3
L4,Deep Learning Method for Detecting Spoofing Attacks in Internet of Things Networks,"Haouas, Ikbel",Recent Trends and Challenges in Information Systems and Technologies,2027,10.1007/978-3-032-32023-0_7,Springer,http://link.springer.com/openurl/pdf?id=doi:10.1007/978-3-032-32023-0_7
L4,Challenges and Support Potentials in the Development of Case-Based Reasoning Applications,"Grewenig, Lisa",Case-Based Reasoning Research and Development,2027,10.1007/978-3-032-33865-5_36,Springer,http://link.springer.com/openurl/pdf?id=doi:10.1007/978-3-032-33865-5_36
L4,Towards a Vibrotactile Perceptual Model Accounting for Spatial Masking,"Nockenberg, Lars",Haptics: Understanding Touch; Technology and Systems; Applications and Interaction,2027,10.1007/978-3-032-32350-7_33,Springer,http://link.springer.com/openurl/pdf?id=doi:10.1007/978-3-032-32350-7_33
L4,Wheels of Tangibles: Simulate Virtual Terrains by Switching Real Materials During Walking-in-Place,"Tkachenko, Oleksii",Haptics: Understanding Touch; Technology and Systems; Applications and Interaction,2027,10.1007/978-3-032-32350-7_40,Springer,http://link.springer.com/openurl/pdf?id=doi:10.1007/978-3-032-32350-7_40
L4,Design of Coaxial Magnetic Gears for Educational Haptic Devices,"Bloom, Robert",Haptics: Understanding Touch; Technology and Systems; Applications and Interaction,2027,10.1007/978-3-032-32230-2_21,Springer,http://link.springer.com/openurl/pdf?id=doi:10.1007/978-3-032-32230-2_21
L4,Can Subliminal Rotary Haptic Cues Influence Responses in a Binary Choice Task?,"Tatsuzawa, Kiichiro",Haptics: Understanding Touch; Technology and Systems; Applications and Interaction,2027,10.1007/978-3-032-32230-2_17,Springer,http://link.springer.com/openurl/pdf?id=doi:10.1007/978-3-032-32230-2_17
L4,Hyperspectral Image Classification Based on Subgraph Contrastive Learning,"Wang, Jiaxin",Advanced Intelligent Computing Technology and Applications,2027,10.1007/978-981-92-3513-1_1,Springer,http://link.springer.com/openurl/pdf?id=doi:10.1007/978-981-92-3513-1_1
L4,DAMAC: An Intelligent Protocol for Decentralized Autonomous Multi-agent Communication Networks,"Ni, Yu",Advanced Intelligent Computing Technology and Applications,2027,10.1007/978-981-92-3557-5_19,Springer,http://link.springer.com/openurl/pdf?id=doi:10.1007/978-981-92-3557-5_19
L4,AN AI-Powered Exoskeleton for Upper-Limb Rehabilitation,"Guerrón, Nancy",Advances and Trends in Artificial Intelligence. Theory and Applications,2027,10.1007/978-981-92-2888-1_14,Springer,http://link.springer.com/openurl/pdf?id=doi:10.1007/978-981-92-2888-1_14
L4,Research on Methods for Empowering Wargaming System with Large Language Models,"Cui, Sijia",Advanced Intelligent Computing Technology and Applications,2027,10.1007/978-981-92-3397-7_26,Springer,http://link.springer.com/openurl/pdf?id=doi:10.1007/978-981-92-3397-7_26
L4,Advanced Design and Additive Manufacturing Strategies for a Scaled Wind Turbine Model,"Enache, Ioana Catalina","New Technologies, Development and Application IX",2027,10.1007/978-3-032-30113-0_58,Springer,http://link.springer.com/openurl/pdf?id=doi:10.1007/978-3-032-30113-0_58
L4,WearAble AI: AI Assistant for Wearable Data Analysis and Visualization,"Atrsaei, Arash",Artificial Intelligence in Medicine,2027,10.1007/978-3-032-30813-9_12,Springer,http://link.springer.com/openurl/pdf?id=doi:10.1007/978-3-032-30813-9_12
L4,Design of a 3D Printed Robotic Hand with Ergonomic Palm and Opposable Thumb,"Huan, Huang",Robotics and Mechatronics,2027,10.1007/978-3-032-29469-2_47,Springer,http://link.springer.com/openurl/pdf?id=doi:10.1007/978-3-032-29469-2_47
L4,Computation Method of Time-varying Meshing Stiffness of Asymmetric Helical Gears,"Wang, Haiwei",Advances in Mechanical Design,2027,10.1007/978-981-95-7904-4_9,Springer,http://link.springer.com/openurl/pdf?id=doi:10.1007/978-981-95-7904-4_9
L4,Geometric Localization of Key Points in a Biomechanical Ankle Prosthesis Mechanism,"Zhanar, Bigaliyeva",Mechanism Design for Robotics,2027,10.1007/978-3-032-30258-8_20,Springer,http://link.springer.com/openurl/pdf?id=doi:10.1007/978-3-032-30258-8_20
L4,Nanoemulsion-Based Therapies: A Promising Approach for Managing Psoriasis,"Rahaman, Monosiz",Biomedical Materials & Devices,2026,10.1007/s44174-025-00541-9,Springer,http://link.springer.com/openurl/pdf?id=doi:10.1007/s44174-025-00541-9
L4,Starch Nanoparticles (SNPs)-Based Therapeutics in Diabetes Treatment,"Mishra, Kiran",Biomedical Materials & Devices,2026,10.1007/s44174-025-00546-4,Springer,http://link.springer.com/openurl/pdf?id=doi:10.1007/s44174-025-00546-4
L4,3D Printing in Personalized Medicine: Revolutionizing Drug Delivery and Healthcare Applications,"Pethappachetty, Palanisamy",Biomedical Materials & Devices,2026,10.1007/s44174-025-00514-y,Springer,http://link.springer.com/openurl/pdf?id=doi:10.1007/s44174-025-00514-y
L4,Stimuli-Responsive Microneedle: A Novel Frontier in Melanoma Therapy,"Parhi, Rabinarayan",Biomedical Materials & Devices,2026,10.1007/s44174-025-00499-8,Springer,http://link.springer.com/openurl/pdf?id=doi:10.1007/s44174-025-00499-8
L4,A Comprehensive Review of Toxicological Evaluations of NPs and Their Optimization for Biomedical Applications,"Shoukani, Hussan ibne",Biomedical Materials & Devices,2026,10.1007/s44174-025-00459-2,Springer,http://link.springer.com/openurl/pdf?id=doi:10.1007/s44174-025-00459-2
L4,Liposomes and Niosomes in Psoriasis Therapy: Emerging Vesicular Approaches for Targeted Treatment,"Monohar, S.",Biomedical Materials & Devices,2026,10.1007/s44174-025-00483-2,Springer,http://link.springer.com/openurl/pdf?id=doi:10.1007/s44174-025-00483-2
L4,Hydrogel-Based Strategies for Combating Gangrene: A Comprehensive Review of Therapeutic Mechanisms,"Allen christopher, M.",Biomedical Materials & Devices,2026,10.1007/s44174-025-00488-x,Springer,http://link.springer.com/openurl/pdf?id=doi:10.1007/s44174-025-00488-x
L4,Biomaterial–Stem Cell Synergies in Immunotherapy: Innovations in Cancer Treatment and Regenerative Medicine,"Karthikha, V. S.",Biomedical Materials & Devices,2026,10.1007/s44174-025-00448-5,Springer,http://link.springer.com/openurl/pdf?id=doi:10.1007/s44174-025-00448-5
L4,Facile fabrication of PDMS-CP-SiO_2 double-layer superhydrophobic coating: superior mechanical stability and long-term corrosion protection for metals,"Kong, Xiangwei",Journal of Materials Science,2026,10.1007/s10853-026-13480-7,Springer,http://link.springer.com/openurl/pdf?id=doi:10.1007/s10853-026-13480-7
L4,High-performance glass fiber composites based on cashew nutshell liquid–derived benzoxazine and novolac resins,"Marciano, Sara",Journal of Materials Science,2026,10.1007/s10853-026-13405-4,Springer,http://link.springer.com/openurl/pdf?id=doi:10.1007/s10853-026-13405-4
L4,Hydrogel Microfibers-Mediated Engineering Vascularized High-Cell-Density Tissues with Structural Developmental Reinforcement,"Zhang, Xinyu",Advanced Fiber Materials,2026,10.1007/s42765-026-00725-y,Springer,http://link.springer.com/openurl/pdf?id=doi:10.1007/s42765-026-00725-y
L4,Anthropogenic microparticles ingestion patterns in fish across trophic guilds in mangrove estuaries,"Aquino, Gleyce",Hydrobiologia,2026,10.1007/s10750-026-06151-w,Springer,http://link.springer.com/openurl/pdf?id=doi:10.1007/s10750-026-06151-w
L4,Synthesis of Cellulose Acetates. Part I: Acetylation of Cellulose under Acid Catalysis,"Khlebnikova, T. B.",Catalysis in Industry,2026,10.1134/s2070050426700261,Springer,http://link.springer.com/openurl/pdf?id=doi:10.1134/S2070050426700261
L4,Review: piezoelectric materials for energy harvesters—recent developments and applications,"Gao, Chang",Journal of Materials Science,2026,10.1007/s10853-026-13350-2,Springer,http://link.springer.com/openurl/pdf?id=doi:10.1007/s10853-026-13350-2
L4,High thermal conductivity of epoxy composites enabled by vertically aligned GNR–CNT/C foam with a neuron-mimetic architecture,"Wang, Jin",Journal of Materials Science,2026,10.1007/s10853-026-12705-z,Springer,http://link.springer.com/openurl/pdf?id=doi:10.1007/s10853-026-12705-z
L4,Thermomechanical and dielectric properties of E-BA-MAH-compatibilized EVA/SBA-15 nanocomposites,"Lasmi, Sofiane",Journal of Materials Science,2026,10.1007/s10853-026-13415-2,Springer,http://link.springer.com/openurl/pdf?id=doi:10.1007/s10853-026-13415-2
L4,An exploratory study on the antibacterial activity of silver nanoparticles with near-UV and blue LEDs against E. coli disinfection in water,"Khan, Rafaqat Ali",Journal of Materials Science,2026,10.1007/s10853-026-13372-w,Springer,http://link.springer.com/openurl/pdf?id=doi:10.1007/s10853-026-13372-w
L4,Enhanced CO_2 capture by PEI-modified silica aerogels via optimizing amine accessibility and pore structure,"Yu, Lu",Journal of Materials Science,2026,10.1007/s10853-026-13400-9,Springer,http://link.springer.com/openurl/pdf?id=doi:10.1007/s10853-026-13400-9
L4,"Review: tin whisker growth—associated risks, and propensity assessment standards","Zhang, Peigen",Journal of Materials Science,2026,10.1007/s10853-026-13363-x,Springer,http://link.springer.com/openurl/pdf?id=doi:10.1007/s10853-026-13363-x
L4,Enhanced Photodetection in Nanostructured ZnO/PbI₂/Si Double-heterojunction based-Photodetector Prepared by Pulsed Nd: YAG Laser Deposition,"Kadem, Zena F.",Lasers in Manufacturing and Materials Processing,2026,10.1007/s40516-026-00360-w,Springer,http://link.springer.com/openurl/pdf?id=doi:10.1007/s40516-026-00360-w
L4,Quenching treatment derives the enhanced energy storage performances of PVDF dielectric films,"Zhang, Tiandong",Journal of Materials Science,2026,10.1007/s10853-026-13359-7,Springer,http://link.springer.com/openurl/pdf?id=doi:10.1007/s10853-026-13359-7
L4,Cellulase immobilization via surface-grafted block copolymers on polypropylene fibers,"Liu, Yuchong",Journal of Materials Science,2026,10.1007/s10853-026-13356-w,Springer,http://link.springer.com/openurl/pdf?id=doi:10.1007/s10853-026-13356-w
L4,"Influence of V_2O_5 incorporation on the structural, electrochemical, mechanical, and thermal properties of PVDF-HFP/PPC polymer electrolytes","Manohar, D.",Journal of Materials Science,2026,10.1007/s10853-026-13313-7,Springer,http://link.springer.com/openurl/pdf?id=doi:10.1007/s10853-026-13313-7
L4,Synergistically reinforced Mg–Zn-substituted HAp/PLA/HNT composite coatings on titanium via electrochemical deposition,"Sivakumar, Sivasakthi",Journal of Materials Science,2026,10.1007/s10853-026-13290-x,Springer,http://link.springer.com/openurl/pdf?id=doi:10.1007/s10853-026-13290-x
L4,Bio-based smart packaging: pH-responsive film fabricated from waste biomass materials,"Wang, Hejing",Journal of Materials Science,2026,10.1007/s10853-026-13316-4,Springer,http://link.springer.com/openurl/pdf?id=doi:10.1007/s10853-026-13316-4
L4,Green in situ synthesis of silver nanoparticles on electrospun PVA/chitosan nanofibers for enhanced forward osmosis membranes,"Tan, Nguyen Tan",Journal of Materials Science,2026,10.1007/s10853-026-13268-9,Springer,http://link.springer.com/openurl/pdf?id=doi:10.1007/s10853-026-13268-9
L4,NME3 promotes clear cell renal cell carcinoma progression and modulates TKI response through MFN1/2-dependent mitochondrial fusion and mitophagy suppression,"Cao, Senming",Oncogene,2026,10.1038/s41388-026-03892-9,Springer,https://www.nature.com/articles/s41388-026-03892-9.pdf
L4,Sustainable curing system of nitrile butadiene rubber vulcanizates and their rheological behaviors tailored by ionic liquid,"Ashraf, Hafiz Tanveer",Journal of Materials Science,2026,10.1007/s10853-026-13267-w,Springer,http://link.springer.com/openurl/pdf?id=doi:10.1007/s10853-026-13267-w
L4,Scalable electrospun PLA/PTFE hybrid all-polymer membranes with bead-like structure for efficient passive radiative cooling,"Wang, Peng",Journal of Materials Science,2026,10.1007/s10853-026-13207-8,Springer,http://link.springer.com/openurl/pdf?id=doi:10.1007/s10853-026-13207-8
L4,Lipid-coated silver nanoparticles embedded in a biopolymer okra–fenugreek hydrogel for biofilm infected wound healing,"Kumari, Kajal",Journal of Materials Science,2026,10.1007/s10853-026-13240-7,Springer,http://link.springer.com/openurl/pdf?id=doi:10.1007/s10853-026-13240-7
L4,Design and evaluation of gradient-hybrid TPMS lattices for optimized energy absorption,"Huang, Shuai",Journal of Materials Science,2026,10.1007/s10853-026-13226-5,Springer,http://link.springer.com/openurl/pdf?id=doi:10.1007/s10853-026-13226-5
L4,Preparation of Electrospun Titanium Dioxide/Polyvinyl Alcohol Membranes and their Ethylene Scavenging Performance,"Wang, Quan",Fibers and Polymers,2026,10.1007/s12221-026-01492-8,Springer,http://link.springer.com/openurl/pdf?id=doi:10.1007/s12221-026-01492-8
L4,Green Synthesis of Double Metal Complex from Zinc and Cobalt Acetate Salts to Enhance Optical Parameters of PVA Polymer,"Muhammad, Dana S.",Journal of Electronic Materials,2026,10.1007/s11664-026-12998-5,Springer,http://link.springer.com/openurl/pdf?id=doi:10.1007/s11664-026-12998-5
L4,Extrinsic Surface-Driven Pseudocapacitive Contribution in Hard Carbon Anodes for Sodium-Ion Batteries Using a Chitosan-Derived Binder,"Purwadi, Wiwik",Journal of Electronic Materials,2026,10.1007/s11664-026-12984-x,Springer,http://link.springer.com/openurl/pdf?id=doi:10.1007/s11664-026-12984-x
L4,Development of 3D printed capillaric circuit interfacing with silver nanoparticle embedded membrane for simultaneous analysis of duplex samples via fluorescence sandwich immunoassays,"Goodrum, Rebecca",Analytical and Bioanalytical Chemistry,2026,10.1007/s00216-026-06636-6,Springer,http://link.springer.com/openurl/pdf?id=doi:10.1007/s00216-026-06636-6
L4,Addition of Selenium to Silver Nanoparticles: An Approach to Enhance Their Antimicrobial and Biological Properties – Systematic Review,"Carvalho-Silva, João Marcos",Biological Trace Element Research,2026,10.1007/s12011-026-05184-5,Springer,http://link.springer.com/openurl/pdf?id=doi:10.1007/s12011-026-05184-5
L4,"Interfacial engineering for enantioselective electrochemical sensing of tryptophan: materials, recognition strategies, and performance benchmarking","Zheng, Alvin Lim Teik",Analytical Sciences,2026,10.1007/s44211-026-00937-7,Springer,http://link.springer.com/openurl/pdf?id=doi:10.1007/s44211-026-00937-7
L4,Functionalization of pencil graphite electrode with nanostarch/chitosan for electrocatalytic detection of serotonin in real sample,"Tomar, Puja",Analytical and Bioanalytical Chemistry,2026,10.1007/s00216-026-06618-8,Springer,http://link.springer.com/openurl/pdf?id=doi:10.1007/s00216-026-06618-8
L4,Dextran sulfate restores endotoxin detectability in human serum,"Schildböck, Claudia",Analytical and Bioanalytical Chemistry,2026,10.1007/s00216-026-06624-w,Springer,http://link.springer.com/openurl/pdf?id=doi:10.1007/s00216-026-06624-w
L4,Synthesis and Electrochemical Evaluation of rGO-Mn₀.₅Co₀.₅Fe₂O₄ Nanocomposite: A Dual-Functional Electrode with Better Capacitance and Oxygen Evaluation Activity,"Bashir, Arslan",Electrocatalysis,2026,10.1007/s12678-026-01047-8,Springer,http://link.springer.com/openurl/pdf?id=doi:10.1007/s12678-026-01047-8
L4,Disposable 3D-printed electrochemical sensor as a potential tool for on-site analysis of metal-based paint materials in cultural heritage studies,"Santos, Lucas Puhl",Journal of Solid State Electrochemistry,2026,10.1007/s10008-026-06623-y,Springer,http://link.springer.com/openurl/pdf?id=doi:10.1007/s10008-026-06623-y
L4,"Engineering Metal-Organic Frameworks with Ag, Zn, and Cu for Enhanced Antimicrobial Efficacy: From Fundamentals to Antibacterial Strategies, and Challenges","Jafar, Nadhir N. A.",Biological Trace Element Research,2026,10.1007/s12011-026-05159-6,Springer,http://link.springer.com/openurl/pdf?id=doi:10.1007/s12011-026-05159-6
L4,Wound Healing Potential of Selenium and Nanoselenium,"Varlamova, Elena G.",Biological Trace Element Research,2026,10.1007/s12011-026-05134-1,Springer,http://link.springer.com/openurl/pdf?id=doi:10.1007/s12011-026-05134-1
L4,Loss of schizophrenia risk gene XPO7 disrupts neuronal excitability and network regularity via altered Na^+ channel dynamics in human neurons,"Cui, Lei",Molecular Psychiatry,2026,10.1038/s41380-026-03587-3,Springer,https://www.nature.com/articles/s41380-026-03587-3.pdf
L4,Characterization of planetary ball-milled pomegranate peel powder reinforced starch composite films for food packaging,"Kalemtas, Ayse",Iranian Polymer Journal,2026,10.1007/s13726-026-01629-9,Springer,http://link.springer.com/openurl/pdf?id=doi:10.1007/s13726-026-01629-9
L4,Turning Invasive Cortaderia Selloana into Sustainable Building Insulation: A Biomass Valorization Approach,"Cosentino, Livia",Waste and Biomass Valorization,2026,10.1007/s12649-025-03403-z,Springer,http://link.springer.com/openurl/pdf?id=doi:10.1007/s12649-025-03403-z
L4,Eco-friendly fish gelatin edible films enhanced with mango peel extract and fatty acid sucrose esters for sustainable fruit packaging,"Fazial, Farah Faiqah",Journal of Food Science and Technology,2026,10.1007/s13197-025-06476-9,Springer,http://link.springer.com/openurl/pdf?id=doi:10.1007/s13197-025-06476-9
L4,Spatiotemporal deep learning using infrared thermography for real-time monitoring and process parameter adjustment in material extrusion,"Sadaf, Asef Ishraq",Journal of Intelligent Manufacturing,2026,10.1007/s10845-025-02702-5,Springer,http://link.springer.com/openurl/pdf?id=doi:10.1007/s10845-025-02702-5
L4,"Integrated Microalgae-Based Biophotovoltaic Systems Using Palm Oil Mill Effluent for Electricity Generation, Biogas Purification, and Bioproduct Valorization","Nur, Muhamad Maulana Azimatun",Waste and Biomass Valorization,2026,10.1007/s12649-025-03308-x,Springer,http://link.springer.com/openurl/pdf?id=doi:10.1007/s12649-025-03308-x
L4,Biomedical Applications of Carbon Dots: Advances in Antimicrobial Therapy and Targeted Delivery Systems,"Aftab, Maryam",Biomedical Materials & Devices,2026,10.1007/s44174-025-00444-9,Springer,http://link.springer.com/openurl/pdf?id=doi:10.1007/s44174-025-00444-9
L4,Strategies to Enhance the Bioavailability of Hydrophilic Drugs Using Natural Bioenhancers,"Kodli, Mohan V.",Biomedical Materials & Devices,2026,10.1007/s44174-025-00442-x,Springer,http://link.springer.com/openurl/pdf?id=doi:10.1007/s44174-025-00442-x
L4,pH-Responsive Natural Polymers as Versatile Carriers for Drug Delivery in Breast Cancer: A Review,"Velapure, Pallavi Dasharath",Biomedical Materials & Devices,2026,10.1007/s44174-025-00427-w,Springer,http://link.springer.com/openurl/pdf?id=doi:10.1007/s44174-025-00427-w
L4,"Polymeric Nano-carrier Based Drug Delivery: The Recent Development and Their Applications on Colon, Breast, and Lung Cancer","Parida, Rakesh Chandra",Biomedical Materials & Devices,2026,10.1007/s44174-025-00415-0,Springer,http://link.springer.com/openurl/pdf?id=doi:10.1007/s44174-025-00415-0
L4,Metallic Nanoparticle-Functionalized Graphene Oxide Nanocomposites for Wound Healing: A Comprehensive Review,"Edwin, Elizabeth Rani",Biomedical Materials & Devices,2026,10.1007/s44174-025-00411-4,Springer,http://link.springer.com/openurl/pdf?id=doi:10.1007/s44174-025-00411-4
L4,Nanofibers in Biomedical Applications: Recent Developments and Challenges,"Vijayakumar, Vandhana",Biomedical Materials & Devices,2026,10.1007/s44174-025-00420-3,Springer,http://link.springer.com/openurl/pdf?id=doi:10.1007/s44174-025-00420-3
L4,Microneedle-Assisted Delivery of Herbal Actives: Innovations and Therapeutic Potential,"Shah, Priya",Biomedical Materials & Devices,2026,10.1007/s44174-025-00430-1,Springer,http://link.springer.com/openurl/pdf?id=doi:10.1007/s44174-025-00430-1
L4,Enhancing Drug Bioavailability Through Mucoadhesive Technologies: A Comprehensive Review of Delivery Systems,"Desai, Vijaybhaskar",Biomedical Materials & Devices,2026,10.1007/s44174-025-00405-2,Springer,http://link.springer.com/openurl/pdf?id=doi:10.1007/s44174-025-00405-2
L4,Curcumin-Powered Nanohydrogel Systems for Diabetic Foot Ulcers: Next-Generation Phytomedicine Approaches in Wound Care,"Renuka, K.",Biomedical Materials & Devices,2026,10.1007/s44174-025-00426-x,Springer,http://link.springer.com/openurl/pdf?id=doi:10.1007/s44174-025-00426-x
L4,Engineering Biomaterial Scaffolds for Melanoma: Innovations in 3D Printing and Nanoparticle–Hydrogel Scaffolds for Enhanced Drug Delivery,"Praveen, H. S.",Biomedical Materials & Devices,2026,10.1007/s44174-025-00394-2,Springer,http://link.springer.com/openurl/pdf?id=doi:10.1007/s44174-025-00394-2
L4,Thermoresponsive Nanomaterials: Revolutionizing Cancer Theranostics,"Michael, Bellarmin",Biomedical Materials & Devices,2026,10.1007/s44174-025-00400-7,Springer,http://link.springer.com/openurl/pdf?id=doi:10.1007/s44174-025-00400-7
L4,From composition to application: a critical review of almond by-product valorization pathways,"Silva, Vânia",European Food Research and Technology,2026,10.1007/s00217-026-05264-9,Springer,http://link.springer.com/openurl/pdf?id=doi:10.1007/s00217-026-05264-9
L4,Valorizing algal cellulose from brown seaweed Sargassum johnstonii for sustainable papermaking,"Goyal, Mohini",Biomass Conversion and Biorefinery,2026,10.1007/s13399-026-07251-2,Springer,http://link.springer.com/openurl/pdf?id=doi:10.1007/s13399-026-07251-2
L4,The Effect of Black Mulberry Vinegar and Freeze-Dried Postbiotic-Based Marination on Microbial Safety and Quality Parameters of Beef Steaks,"Akgöl, Müzeyyen",Food and Bioprocess Technology,2026,10.1007/s11947-026-04546-0,Springer,http://link.springer.com/openurl/pdf?id=doi:10.1007/s11947-026-04546-0
L4,"Winged bean seeds derived protein hydrolysates: insights into their structural, functional and therapeutic properties","Saadi, Sami",Journal of Plant Biochemistry and Biotechnology,2026,10.1007/s13562-026-01104-9,Springer,http://link.springer.com/openurl/pdf?id=doi:10.1007/s13562-026-01104-9
L4,CAF-derived exosomes inhibit ferroptosis via GALNT14-mediated O-GalNAcylation of SLC7A11 in colorectal cancer,"Guan, Jialu",Oncogene,2026,10.1038/s41388-026-03890-x,Springer,https://www.nature.com/articles/s41388-026-03890-x.pdf
L4,Micro-fibrillated lignocellulose films for high-performance sustainable packaging,"Yeganeh, Fariba",Cellulose,2026,10.1007/s10570-026-07181-2,Springer,http://link.springer.com/openurl/pdf?id=doi:10.1007/s10570-026-07181-2
L4,"Tamarind seed xyloglucan: extraction technologies, structure–function relationships, and emerging applications in food, health and packaging systems","Pawase, Prashant Anil",Polymer Bulletin,2026,10.1007/s00289-026-06657-2,Springer,http://link.springer.com/openurl/pdf?id=doi:10.1007/s00289-026-06657-2
L4,"Sustainable coal-PLA hybrid composite filament with closed-loop extrusion control: design, manufacturing, and life-cycle assessment","Sengottaiyan, M.",Interactions,2026,10.1007/s10751-026-02740-2,Springer,http://link.springer.com/openurl/pdf?id=doi:10.1007/s10751-026-02740-2
L4,From waste to worth: Valorisation of Phyllanthus emblica L. fruit peel waste for pectin-derived edible coatings for apples,"Thanta, Shefali",Journal of Food Measurement and Characterization,2026,10.1007/s11694-026-04846-1,Springer,http://link.springer.com/openurl/pdf?id=doi:10.1007/s11694-026-04846-1
L4,A source-tailored engineering framework for methane bioconversion: from abatement infrastructure to biomanufacturing platforms,"Hong, Hyo Jin",Systems Microbiology and Biomanufacturing,2026,10.1007/s43393-026-00534-9,Springer,http://link.springer.com/openurl/pdf?id=doi:10.1007/s43393-026-00534-9
L4,Effect of fully microbial-based nanocomposite film on the quality and shelf life of trout fillets,"Baygar, Tuba",Journal of Food Science and Technology,2026,10.1007/s13197-026-06848-9,Springer,http://link.springer.com/openurl/pdf?id=doi:10.1007/s13197-026-06848-9
L4,Engineering chitosan functionalized extracellular vesicles for targeted brain gene delivery and neurotherapeutics,"Hashemi, Hawzhin",Discover Neuroscience,2026,10.1186/s13064-026-00316-y,Springer,https://www.biomedcentral.com/openurl/pdf?id=doi:10.1186/s13064-026-00316-y
L4,"A comprehensive overview of the properties, applications, advancements, and safety of biodegradable packaging films","Singh, Sakshi",Discover Chemical Engineering,2026,10.1007/s43938-026-00137-9,Springer,http://link.springer.com/openurl/pdf?id=doi:10.1007/s43938-026-00137-9
L4,Polymeric composites based on polyacrylic with polyethylene glycol and calcium chloride for atmospheric water harvesting,"Martínez-Castillo, Carlos Aarón",Journal of Polymer Research,2026,10.1007/s10965-026-05081-4,Springer,http://link.springer.com/openurl/pdf?id=doi:10.1007/s10965-026-05081-4
L4,Nanocarrier strategies to enhance oral bioavailability of plant-derived bioactives,"Bouzidi, Amal",Journal of Food Measurement and Characterization,2026,10.1007/s11694-026-04865-y,Springer,http://link.springer.com/openurl/pdf?id=doi:10.1007/s11694-026-04865-y
L4,Photodynamic anti-biofilm PHEMA/Rose Bengal hydrogels enhanced by iodide: evidence for hydrogen peroxide and triiodide formation,"López-Fernández, Ana M.",Photochemical & Photobiological Sciences,2026,10.1007/s43630-026-00968-z,Springer,http://link.springer.com/openurl/pdf?id=doi:10.1007/s43630-026-00968-z
L4,"Nano-enabled pesticides in woody plants: route-fit delivery, in planta fate, and evidence standards for sustainable pest control","Li, Min",Journal of Pest Science,2026,10.1007/s10340-026-02079-1,Springer,http://link.springer.com/openurl/pdf?id=doi:10.1007/s10340-026-02079-1
L4,Borneol-based nanoparticles encapsulating Doxorubicin/Sodium tanshinone IIA sulfonate enhance the effect of anti-glioma and alleviate cardiotoxicity,"Ye, Xiaoli",Cytotechnology,2026,10.1007/s10616-026-01054-z,Springer,http://link.springer.com/openurl/pdf?id=doi:10.1007/s10616-026-01054-z
L4,DREAMS illuminates spatial DNA and RNA modification landscapes,"Peng, Yan",Nature Cell Biology,2026,10.1038/s41556-026-02038-z,Springer,https://www.nature.com/articles/s41556-026-02038-z.pdf
L4,Prefabricated CAD/CAM zirconia membrane versus contour augmentation with early implant placement in the anterior maxilla: a randomized controlled clinical trial,"Anas, Mohammed Mashhout",International Journal of Implant Dentistry,2026,10.1186/s40729-026-00711-4,Springer,https://www.biomedcentral.com/openurl/pdf?id=doi:10.1186/s40729-026-00711-4
L4,Bioinspired high refractive index of violet-emitting polycarbonate films doped with naphthalimide dye for luminescent solar concentrator windows,"Alyami, Mohammed",Optical and Quantum Electronics,2026,10.1007/s11082-026-09093-8,Springer,http://link.springer.com/openurl/pdf?id=doi:10.1007/s11082-026-09093-8
L4,"Hydrophilic, hydrophobic, and porous nanosilica as green additives for geotechnical engineering in cold regions","Hamidi, Salaheddin",Nanotechnology for Environmental Engineering,2026,10.1007/s41204-026-00600-6,Springer,http://link.springer.com/openurl/pdf?id=doi:10.1007/s41204-026-00600-6
L4,Fabrication and performance of CA-PK-PVP membrane for oil-in-water emulsion separation,"Arshad, Syed Khizer",Journal of Polymer Research,2026,10.1007/s10965-026-05093-0,Springer,http://link.springer.com/openurl/pdf?id=doi:10.1007/s10965-026-05093-0
L4,"Review: MXenes for energy storage and conversion devices—advances in green synthesis, use of machine-learning, and electrochemical response","Opia, Anthony Chukwunonso",Journal of Materials Science,2026,10.1007/s10853-026-13594-y,Springer,http://link.springer.com/openurl/pdf?id=doi:10.1007/s10853-026-13594-y
L4,Ultrasonic-Assisted Synthesis of a Gellan/PAA-ZIF-8 Nanocomposite Hydrogel for Efficient Heavy Metals Removal,"Nemati, Maryam",Journal of Inorganic and Organometallic Polymers and Materials,2026,10.1007/s10904-026-04483-7,Springer,http://link.springer.com/openurl/pdf?id=doi:10.1007/s10904-026-04483-7
L4,Influence of CNT on the mechanical properties of FDM processed PLA nanocomposites,"Managuli, Sangamesh C.",Journal of The Institution of Engineers (India): Series D,2026,10.1007/s40033-026-01072-3,Springer,http://link.springer.com/openurl/pdf?id=doi:10.1007/s40033-026-01072-3
L4,Development of a Marine Algae-based Facial Cream Enriched With Phycoerythrin: Physicochemical Properties and Biological Activities,"Kadalmani, Sowmiya",Marine Biotechnology,2026,10.1007/s10126-026-10687-2,Springer,http://link.springer.com/openurl/pdf?id=doi:10.1007/s10126-026-10687-2
L4,Binder Jetting of Fe-50Ni Complex Cores for Enhanced Soft Magnetic Performance,"Soylemez, Emrecan",Metals and Materials International,2026,10.1007/s12540-025-02217-x,Springer,http://link.springer.com/openurl/pdf?id=doi:10.1007/s12540-025-02217-x
L4,Lignin-Assisted NiO Nanocomposite Electrode for High-Performance Supercapacitors: Structural Insights and Charge Storage Mechanism,"Deniz, Ali Rıza",Journal of Inorganic and Organometallic Polymers and Materials,2026,10.1007/s10904-026-04520-5,Springer,http://link.springer.com/openurl/pdf?id=doi:10.1007/s10904-026-04520-5
L4,Chitosan-Based Haemostatic Systems (Axiostat): An Integrated Approach to Post-operative Wound Management in Vascular Surgery,"Perri, Paolo",Biomedical Materials & Devices,2026,10.1007/s44174-026-00762-6,Springer,http://link.springer.com/openurl/pdf?id=doi:10.1007/s44174-026-00762-6
L4,Cellular assemblies as living therapeutics,"Gaspar, Vítor M.",Nature Reviews Bioengineering,2026,10.1038/s44222-026-00470-2,Springer,https://www.nature.com/articles/s44222-026-00470-2.pdf
L4,Characteristics of femtosecond laser-induced micro-nano topological structures on 7075 aluminum alloy surface,"Li, Si",Applied Physics A,2026,10.1007/s00339-026-10101-7,Springer,http://link.springer.com/openurl/pdf?id=doi:10.1007/s00339-026-10101-7
L4,Fabrication of Carbon Quantum Dot-Embedded Polymer Hydrogel Beads for Efficient Dye and Iodine Removal from Wastewater,"Tadmadge, Rutuja B.","Water, Air, & Soil Pollution",2026,10.1007/s11270-026-09854-x,Springer,http://link.springer.com/openurl/pdf?id=doi:10.1007/s11270-026-09854-x
L4,Formulation and In vitro Characterization of Rosuvastatin Calcium Loaded Chitosan Nanoparticles for Sustained Drug Release,"Sarwer, Muhammad Umer",BioNanoScience,2026,10.1007/s12668-026-02766-4,Springer,http://link.springer.com/openurl/pdf?id=doi:10.1007/s12668-026-02766-4
L4,Molten salt–assisted thermoelectric conversion of biomass for high-capacitance carbon materials,"Ji, Deqiang",Biomass Conversion and Biorefinery,2026,10.1007/s13399-026-07253-0,Springer,http://link.springer.com/openurl/pdf?id=doi:10.1007/s13399-026-07253-0
L4,"Rice Protein as an Alternative Ingredient for Sustainable Food Formulations: Nutritional Quality, Functional Properties, Health-promoting Potential, and Emerging Applications","Meza, Silvia Leticia Rivero",Plant Foods for Human Nutrition,2026,10.1007/s11130-026-01561-6,Springer,http://link.springer.com/openurl/pdf?id=doi:10.1007/s11130-026-01561-6
L4,Ligand-independent EPHA2 signaling sustains neural progenitors via ECSIT and NAD^+,"Diem Nghi, Tran",EMBO Reports,2026,10.1038/s44319-026-00858-6,Springer,http://link.springer.com/openurl/pdf?id=doi:10.1038/s44319-026-00858-6
L4,Dextran-based biodegradable film reinforced with glycerol and isomalto-oligosaccharides: characterization and preservation performance on strawberry,"Zhang, Yao",Journal of Food Measurement and Characterization,2026,10.1007/s11694-026-04852-3,Springer,http://link.springer.com/openurl/pdf?id=doi:10.1007/s11694-026-04852-3
L4,"Fish skin–derived collagen–chitosan composite membranes: Structure, properties, and packaging performance","Dang, Nhan Thi Thanh",Journal of Polymer Research,2026,10.1007/s10965-026-05094-z,Springer,http://link.springer.com/openurl/pdf?id=doi:10.1007/s10965-026-05094-z
L4,Laser-induced surface texturing and nanomaterial functionalization of PLA/PHBV surfaces for enhanced cell adhesion,"Queiroz, Rafaela Campos",Journal of Materials Science,2026,10.1007/s10853-026-13569-z,Springer,http://link.springer.com/openurl/pdf?id=doi:10.1007/s10853-026-13569-z
L4,"Advances In the Valorization of Avocado By-Products: Bioactive Compounds, Techno-Functional Properties, and Structure–Function Relationships","Perucini-Avendaño, Madeleine",Plant Foods for Human Nutrition,2026,10.1007/s11130-026-01562-5,Springer,http://link.springer.com/openurl/pdf?id=doi:10.1007/s11130-026-01562-5
L4,Sustainable Avocado Seed Starch Nanoparticles for Limonene Encapsulation: A Novel Immunomodulatory Delivery System,"Alves, Guilherme L.",Journal of Polymers and the Environment,2026,10.1007/s10924-026-03955-8,Springer,http://link.springer.com/openurl/pdf?id=doi:10.1007/s10924-026-03955-8
L4,Catechol modified sodium alginate/gelatin films reinforced with bio-mediated HNTs for enhanced wound healing applications,"Ambrose, Anishia",Polymer Bulletin,2026,10.1007/s00289-026-06658-1,Springer,http://link.springer.com/openurl/pdf?id=doi:10.1007/s00289-026-06658-1
L4,Galactomannans from Neltuma spp. as Emerging Functional Dietary Fibre for Human Nutrition: Extraction Technologies and Health Potential,"Escobar, Adrián",Plant Foods for Human Nutrition,2026,10.1007/s11130-026-01554-5,Springer,http://link.springer.com/openurl/pdf?id=doi:10.1007/s11130-026-01554-5
L4,Next-generation photodynamic cancer therapy: purpurin-based nanocarriers as emerging photosensitizers,"Dudhwala, Yash D.",Naunyn-Schmiedeberg's Archives of Pharmacology,2026,10.1007/s00210-026-05842-4,Springer,http://link.springer.com/openurl/pdf?id=doi:10.1007/s00210-026-05842-4
L4,Graphene oxide/SPEEK nanocomposite proton exchange membranes for enhanced bioelectricity generation and biofouling resistance in microbial fuel cells,"Ghasemi, Mostafa",Applied Water Science,2026,10.1007/s13201-026-02945-4,Springer,http://link.springer.com/openurl/pdf?id=doi:10.1007/s13201-026-02945-4
L4,Haemodynamic control of zonated liver function via instructive vascular Wnt signalling,"Lee, Ki Hong",Nature Communications,2026,10.1038/s41467-026-76966-7,Springer,https://www.nature.com/articles/s41467-026-76966-7.pdf
L4,Machine Learning-Driven Optimization of Calcium Pectinate Hydrogel Formulations: A Stacked Ensemble Framework for Alpha-Lipoic Acid–β-Cyclodextrin Oral Delivery System Design,"Raj, Karikalachsozhan Prakash",Journal of Pharmaceutical Innovation,2026,10.1007/s12247-026-10996-y,Springer,http://link.springer.com/openurl/pdf?id=doi:10.1007/s12247-026-10996-y
L4,Prognostic factors and predictive modeling of in-hospital mortality among MDRO-positive inpatients: a retrospective cohort and GBD MICROBE study,"Jiang, Fan",Antonie van Leeuwenhoek,2026,10.1007/s10482-026-02410-x,Springer,http://link.springer.com/openurl/pdf?id=doi:10.1007/s10482-026-02410-x
L4,Integrated Thermo-Mechanical Behavior of Mediterranean Agro-Waste Fiber/Epoxy Biocomposites for Energy-Efficient Building Applications,"Jawarneh, Ali M.",Mechanics of Composite Materials,2026,10.1007/s11029-026-10382-2,Springer,http://link.springer.com/openurl/pdf?id=doi:10.1007/s11029-026-10382-2
L4,"Gastro-Retentive Floating Mucoadhesive Zinc Pectinate–Carboxymethyl Cassia Tora Gum IPN Microbeads for Repaglinide: Formulation, Box–Behnken Optimization, and in Vivo Anti-Diabetic Evaluation","Kalaskar, Ankita",Journal of Pharmaceutical Innovation,2026,10.1007/s12247-026-10988-y,Springer,http://link.springer.com/openurl/pdf?id=doi:10.1007/s12247-026-10988-y
L4,Clinical efficacy study of LED red and infrared light therapy for chronic non-specific low back pain,"Yi, Bin",Lasers in Medical Science,2026,10.1007/s10103-026-04994-2,Springer,http://link.springer.com/openurl/pdf?id=doi:10.1007/s10103-026-04994-2
L4,"Removal of Congo red Using Treated Artichoke Stems: Modelling and Optimization of Efficiency via Plackett–Burman Design, Box–Behnken Design and Desirability Function","Trachi, Mahmoud",Fibers and Polymers,2026,10.1007/s12221-026-01546-x,Springer,http://link.springer.com/openurl/pdf?id=doi:10.1007/s12221-026-01546-x
L4,Response surface optimization and characterization of chitosan nanoparticle/sugar palm starch bionanocomposite films incorporated with butterfly pea extract and reinforced with nitrogen-doped carbon quantum dots for food packaging applications,"Rachmina, Rachmina",Journal of Food Measurement and Characterization,2026,10.1007/s11694-026-04851-4,Springer,http://link.springer.com/openurl/pdf?id=doi:10.1007/s11694-026-04851-4
L4,Fabrication and functional evaluation of polyvinyl alcohol films reinforced with bio-derived silicified microcrystalline cellulose and zinc oxide nanoparticles,"Thayyullathil, Ajmal",Journal of Polymer Research,2026,10.1007/s10965-026-05082-3,Springer,http://link.springer.com/openurl/pdf?id=doi:10.1007/s10965-026-05082-3
L4,Neuroprotective Efficacy of Chrysin-Loaded Chitosan Nanoparticles Against Bisphenol-A-Induced Neurotoxicity,"Soni, Hemant",BioNanoScience,2026,10.1007/s12668-026-02786-0,Springer,http://link.springer.com/openurl/pdf?id=doi:10.1007/s12668-026-02786-0
L4,Recent advances in microbial enzyme systems for paddy straw bioconversion and composting,"Keerthana, R. S.",Systems Microbiology and Biomanufacturing,2026,10.1007/s43393-026-00541-w,Springer,http://link.springer.com/openurl/pdf?id=doi:10.1007/s43393-026-00541-w
L4,Controllable preparation and properties of carbon nanotube-based cattail-like high-efficient absorbing materials,"Yang, Kequan",Journal of Materials Science: Materials in Electronics,2026,10.1007/s10854-026-18291-9,Springer,http://link.springer.com/openurl/pdf?id=doi:10.1007/s10854-026-18291-9
L4,Numerical Investigations of Sisal Fiber Reinforced with PLA Composite Using Digimat Software,"Yanda, Sagar",National Academy Science Letters,2026,10.1007/s40009-026-02364-8,Springer,http://link.springer.com/openurl/pdf?id=doi:10.1007/s40009-026-02364-8
L4,"MEYELens: An affordable, open-source, 3D-printable eyewear platform for pupillometry and gaze tracking","Vecchieschi, Giacomo",Behavior Research Methods,2026,10.3758/s13428-026-03157-z,Springer,http://link.springer.com/openurl/pdf?id=doi:10.3758/s13428-026-03157-z
L4,"Raman reporters for SERS/SERRS biosensing and biomedicine: design, applications, and challenges","He, Hengzhou",Microchimica Acta,2026,10.1007/s00604-026-08257-3,Springer,http://link.springer.com/openurl/pdf?id=doi:10.1007/s00604-026-08257-3
L4,Synthesis of chitosan-encapsulated mono- and di-metallic (Zn/Ca) MOFs to modulate seed quality and antioxidant defense in Chenopodium quinoa under salinity stress,"Mahmoud, Noura E.",BMC Plant Biology,2026,10.1186/s12870-026-09734-w,Springer,https://www.biomedcentral.com/openurl/pdf?id=doi:10.1186/s12870-026-09734-w
L4,"Symptom prevalence and pharmacological management of late-stage Parkinson’s disease (LSPD): a cross-sectional, multinational survey","Pallauf, Christine",Journal of Neural Transmission,2026,10.1007/s00702-026-03255-4,Springer,http://link.springer.com/openurl/pdf?id=doi:10.1007/s00702-026-03255-4
L4,Biosurfactants from marine thermophilic bacilli for mitigating soil dehydration and preventing plant diseases,"Zammuto, V.",International Journal of Environmental Science and Technology,2026,10.1007/s13762-026-07395-8,Springer,http://link.springer.com/openurl/pdf?id=doi:10.1007/s13762-026-07395-8
L4,"Harnessing cellulose-binding modules for advanced biosensing: principles, progress, and perspectives","Lee, Ae Sol",Cellulose,2026,10.1007/s10570-026-07188-9,Springer,http://link.springer.com/openurl/pdf?id=doi:10.1007/s10570-026-07188-9
L4,"Assessment of lavender oil, lavender nano-emulsion and its nanocomposite with chitosan as a novel bio pesticide against peach fruit fly","Daif, Mai K. K. A.",The Journal of Basic and Applied Zoology,2026,10.1186/s41936-026-00629-8,Springer,http://link.springer.com/openurl/pdf?id=doi:10.1186/s41936-026-00629-8
L4,Green electrochemical determination of capsaicin using a sensor constructed from cattle manure and spent battery graphite,"Wei, Ming",Analytical and Bioanalytical Chemistry,2026,10.1007/s00216-026-06760-3,Springer,http://link.springer.com/openurl/pdf?id=doi:10.1007/s00216-026-06760-3
L4,Design and characterization of a postbiotic-enriched basil seed mucilage edible coating for beef preservation: Gaussian process-based prediction,"Ghasemi, Parisa",Journal of Food Measurement and Characterization,2026,10.1007/s11694-026-04817-6,Springer,http://link.springer.com/openurl/pdf?id=doi:10.1007/s11694-026-04817-6
L4,Poly(hydroxybutyrate-co-hydroxyvalerate) Composite Membrane Containing Tetracycline Microspheres and Andrographolide for the Treatment of Periodontitis,"Panith, Nootchanartch",Journal of Polymers and the Environment,2026,10.1007/s10924-026-03945-w,Springer,http://link.springer.com/openurl/pdf?id=doi:10.1007/s10924-026-03945-w
L4,Can batteries be fully sustainable?,"Ojodun, Oluwasegun Emmanuel",Carbon Letters,2026,10.1007/s42823-026-01126-2,Springer,http://link.springer.com/openurl/pdf?id=doi:10.1007/s42823-026-01126-2
L4,Low-intensity pasture management sustain dung beetle taxonomic and functional diversity in Cerrado/Caatinga transition zones,"Maciel, Rafaella",Journal of Insect Conservation,2026,10.1007/s10841-026-00811-x,Springer,http://link.springer.com/openurl/pdf?id=doi:10.1007/s10841-026-00811-x
L4,Nanocellulose stabilized liquid metal Pickering emulsions,"Wang, Qianqian",Cellulose,2026,10.1007/s10570-026-07186-x,Springer,http://link.springer.com/openurl/pdf?id=doi:10.1007/s10570-026-07186-x
L4,Adaptation mechanisms of ANAMMOX bacteria to extreme environments,"Pathania, Ruchi",Archives of Microbiology,2026,10.1007/s00203-026-05148-2,Springer,http://link.springer.com/openurl/pdf?id=doi:10.1007/s00203-026-05148-2
L4,"Nanoparticle-reinforced polysaccharide–protein composite hydrogels: synthesis, structural integrity, and sustained release behavior","Azaza, Youssra Ben",Polymer Bulletin,2026,10.1007/s00289-026-06664-3,Springer,http://link.springer.com/openurl/pdf?id=doi:10.1007/s00289-026-06664-3
L4,Improvement in Chloride-Induced Mild Steel Corrosion Mitigation Using a Surfactant Intercalated Montmorillonite,"Yemene, Astrée Lottie Djuffo",Journal of Bio- and Tribo-Corrosion,2026,10.1007/s40735-026-01211-z,Springer,http://link.springer.com/openurl/pdf?id=doi:10.1007/s40735-026-01211-z
L4,Balancing ion selectivity and flux through crystallinity engineering in cellulose nanofluidic membranes for osmotic energy harvesting,"Wang, Jian",Cellulose,2026,10.1007/s10570-026-07187-w,Springer,http://link.springer.com/openurl/pdf?id=doi:10.1007/s10570-026-07187-w
L4,Soil Remediation Technologies for Contaminant and Pathogen Control in Southern Africa,"Mugwagwa, Lindleen R.",,2026,10.1007/698_2026_1283,Springer,http://link.springer.com/openurl/pdf?id=doi:10.1007/698_2026_1283
L4,GO-Modified Pectin-Based Biopolymer Hydrogel for Sustainable Basic Fuchsin Removal from Wastewater: Process Optimization and Multiscale Mechanistic Insights,"Aljeboree, Aseel M.",Journal of Polymers and the Environment,2026,10.1007/s10924-026-03943-y,Springer,http://link.springer.com/openurl/pdf?id=doi:10.1007/s10924-026-03943-y
L4,"Corrosion Inhibition of Q275 Carbon Steel in Hydrochloric Acid Using Poly(Acrylic Acid): Experimental, Surface, and Statistical Optimization Study","Udunwa, Daniel Iheanacho",Journal of Materials Engineering and Performance,2026,10.1007/s11665-026-14888-7,Springer,http://link.springer.com/openurl/pdf?id=doi:10.1007/s11665-026-14888-7
L4,Structural Reinforcement of Alginate Biopolymer Matrices with Silk Fibroin for Stable Whole-Cell Biocatalysts,"Imanparast, Somaye",Journal of Polymers and the Environment,2026,10.1007/s10924-026-03944-x,Springer,http://link.springer.com/openurl/pdf?id=doi:10.1007/s10924-026-03944-x
L4,"Sustained-Release Polymeric Submicron Microspheres of Valsartan: Formulation, Characterization, and Release Kinetics","Mahmood, Syed",Journal of Pharmaceutical Innovation,2026,10.1007/s12247-026-10966-4,Springer,http://link.springer.com/openurl/pdf?id=doi:10.1007/s12247-026-10966-4
L4,AI-enabled discovery and biochemical optimization of minibinders targeting cancer cell-surface proteins,"Broske, Bianca",Nature Communications,2026,10.1038/s41467-026-76760-5,Springer,https://www.nature.com/articles/s41467-026-76760-5.pdf
L4,Nanotechnology and Biosensor: Current Gold Nanoparticles Modification in EIS-Based Immunosensor for Infectious Disease Detection,"Juraimi, Nur Uzma Ishami",Biomedical Materials & Devices,2026,10.1007/s44174-026-00759-1,Springer,http://link.springer.com/openurl/pdf?id=doi:10.1007/s44174-026-00759-1
L4,The evaluation of biological effects of artesunate on ovarian cancer using three-dimensional cell culture methods,"Yuan, Yijun",Cell and Tissue Banking,2026,10.1007/s10561-026-10226-2,Springer,http://link.springer.com/openurl/pdf?id=doi:10.1007/s10561-026-10226-2
L4,Strategies for Innovations in Algal Biomass Utilisation: From Biofuel Production to Environmental Sustainability,"Hussain, Mudasir",Waste and Biomass Valorization,2026,10.1007/s12649-026-03779-6,Springer,http://link.springer.com/openurl/pdf?id=doi:10.1007/s12649-026-03779-6
L4,Cryoprotective effects of soluble soybean polysaccharides on bighead carp surimi: Impacts of molecular weight variations,"Gao, Wenhong",Journal of Food Measurement and Characterization,2026,10.1007/s11694-026-04823-8,Springer,http://link.springer.com/openurl/pdf?id=doi:10.1007/s11694-026-04823-8
L4,Oyster mushroom (Pleurotus ostreatus) polysaccharides as a natural alternative to phosphate in chicken nugget formulations: enhancing quality and oxidative stability,"Yüncü-Boyacı, Özlem",Journal of Food Measurement and Characterization,2026,10.1007/s11694-026-04775-z,Springer,http://link.springer.com/openurl/pdf?id=doi:10.1007/s11694-026-04775-z
L4,Chitosan-derived antibacterial and antifungal agents: a review of recent strategies for activity enhancement,"Felemban, Mohammed Fareed",Polymer Bulletin,2026,10.1007/s00289-026-06663-4,Springer,http://link.springer.com/openurl/pdf?id=doi:10.1007/s00289-026-06663-4
L4,"Improving the structural, physical, and thermal properties of polyacrylic acid via Pb_0.9Mg_0.1O NPs incorporation for micro-dielectric devices","Alshamari, Awatif",Journal of Materials Science: Materials in Electronics,2026,10.1007/s10854-026-18284-8,Springer,http://link.springer.com/openurl/pdf?id=doi:10.1007/s10854-026-18284-8
L4,"Chitin and Chitosan in Biomedical Science: Structural Modifications, Functional Properties, Therapeutic Applications, and Future Perspectives","Qadir, Amjad Mahmood",Biomedical Materials & Devices,2026,10.1007/s44174-026-00765-3,Springer,http://link.springer.com/openurl/pdf?id=doi:10.1007/s44174-026-00765-3
L4,Edible Nanozymes as Functional Nutrients: Redefining Antioxidant and Metabolic Roles in Food Systems,"Singh, Lovepreet",Food and Bioprocess Technology,2026,10.1007/s11947-026-04521-9,Springer,http://link.springer.com/openurl/pdf?id=doi:10.1007/s11947-026-04521-9
L4,Sustainable stabilization of silty sand using Terrazyme: effects on mechanical and hydraulic properties,"Singh, Vikash",Innovative Infrastructure Solutions,2026,10.1007/s41062-026-02917-2,Springer,http://link.springer.com/openurl/pdf?id=doi:10.1007/s41062-026-02917-2
L4,Development and Evaluation of a Lapatinib-Loaded Lipomer Formulation for Pulmonary Drug Delivery,"Mujawar, Nigar Kadar",Journal of Pharmaceutical Innovation,2026,10.1007/s12247-026-10956-6,Springer,http://link.springer.com/openurl/pdf?id=doi:10.1007/s12247-026-10956-6
L4,Noncircadian BMAL1–YAP activity amplifies persistent inflammation in aged epidermis,"Bonjoch, Júlia",Nature Aging,2026,10.1038/s43587-026-01192-1,Springer,https://www.nature.com/articles/s43587-026-01192-1.pdf
L4,Applications of synthetic biology in biomedicine,"Li, Chen-Xuan",Molecular Biomedicine,2026,10.1186/s43556-026-00545-x,Springer,http://link.springer.com/openurl/pdf?id=doi:10.1186/s43556-026-00545-x
L4,Enhancing the tensile strength of nitrile rubber gloves with tribologically modified graphene via process parameter optimization using response surface methodology,"Leong, Yien Leng",Polymer Bulletin,2026,10.1007/s00289-026-06656-3,Springer,http://link.springer.com/openurl/pdf?id=doi:10.1007/s00289-026-06656-3
L4,Valorization of Pinus brutia bark and resin into eco-friendly biopolymer hydrogels for wound healing applications,"Taş Küçükaydın, Meltem",Wood Science and Technology,2026,10.1007/s00226-026-01790-7,Springer,http://link.springer.com/openurl/pdf?id=doi:10.1007/s00226-026-01790-7
L4,Konjac glucomannan biopolymer as a multifunctional binder to build a solid permeable interface on Na3V2(PO4)3/C cathodes for high-performance sodium ion batteries,Yuyao Zhang,,2021,10.1039/d1ta01167g,SemanticScholar,
L4,Correction to Transparent Nanocellulosic Multilayer Thin Films on Polylactic Acid with Tunable Gas Barrier Properties,C. Aulin,,2013,10.1021/am404037r,SemanticScholar,
L4,Characterization of PLA/PCL biocomposite food packaging film using orange peel essential oil bio-plasticizer and lignin biocompatibilizer,C. Aravindhan,Polymer Bulletin,2024,10.1007/s00289-024-05526-0,SemanticScholar,
L4,Use of polylactide resorbable film as an adhesion barrier.,W. Welch,Journal of Neurosurgery,2002,,SemanticScholar,
L4,A Novel UV Barrier Poly(lactic acid)/Poly(butylene succinate) Composite Biodegradable Film Enhanced by Cellulose Extracted from Coconut Shell,Xiaoyan He,Polymers,2023,10.3390/polym15143000,SemanticScholar,https://www.mdpi.com/2073-4360/15/14/3000/pdf?version=1688981746
L4,Characterization of Thin Film PLA/PBAT Reinforced with Microcrystalline Cellulose Derived from Gigantochloa albociliata,M. R. S. Fatimah,Key Engineering Materials,2022,10.4028/p-ya0p09,SemanticScholar,https://doi.org/10.4028/p-ya0p09
L4,Polylactic Acid-Based Film Modified with Nano-Ag-Graphene-TiO2: New Film versus Recycled Film,A. Peter,Advances in Polymer Technology,2023,10.1155/2023/9937270,SemanticScholar,https://downloads.hindawi.com/journals/apt/2023/9937270.pdf
L4,"Effects of talc, kaolin and calcium carbonate as fillers in biopolymer packaging materials",Karoliina Helanto,Journal of polymer engineering,2021,10.1515/polyeng-2021-0076,SemanticScholar,https://research.aalto.fi/en/publications/187ede8a-0e4d-4940-b64c-9793bacef20c
L4,Barrier properties of poly(lactic acid) and its morphological changes induced by aroma compound sorption,Gaël Colomines,,2010,10.1002/pi.2793,SemanticScholar,https://hal.science/hal-01173786/document
L4,"Barrier, structural and mechanical properties of bovine gelatin-chitosan blend films related to biopolymer interactions.",Nasreddine Benbettaïeb,The Journal of the Science of Food and Agriculture,2014,10.1002/jsfa.6570,SemanticScholar,
L4,Strategic Integration of Alkali Lignin Into Citrus Pectin–Gelatin Films for Sustainable Food Packaging With Enhanced Barrier and Antioxidant Performance,Ajmal Muhammed,Polymer Engineering &amp; Science,2025,10.1002/pen.70153,SemanticScholar,
L4,"Physical, Mechanical Barrier, Antibacterial Properties, and Functional Group of Carrageenan-Based Edible Film as Influenced by Pectin from Dillenia Serrata Fruit Peel and Curcumin",Reza Arianto Sultan,Current Research in Nutrition and Food Science Journal,2023,10.12944/crnfsj.11.3.32,SemanticScholar,https://doi.org/10.12944/crnfsj.11.3.32
L4,Starch-based biopolymer films with nitrogen-doped carbon quantum dots for enhanced barrier functions via surface microarchitectures.,Ramazan Ferhat Erden,International Journal of Biological Macromolecules,2025,10.1016/j.ijbiomac.2025.147525,SemanticScholar,
L4,Progress in food packaging applications of biopolymer-nanometal composites - A comprehensive review.,Vibha Chandrababu,Biomaterials Advances,2024,10.1016/j.bioadv.2024.213921,SemanticScholar,
L4,"(Bio)degradable polymers as a potential material for food packaging: studies on the (bio)degradation process of PLA/(R,S)-PHB rigid foils under industrial composting conditions",M. Musioł,European Food Research and Technology,2016,10.1007/s00217-015-2611-y,SemanticScholar,
L4,Grafting Polymerization of Long-Chain Hydrophobic Acrylic Monomer onto Lignin and Its Application in Poly(Lactic Acid)-Based Wholly Green UV Barrier Composite Films,Kangli Shi,ACS Omega,2023,10.1021/acsomega.3c01738,SemanticScholar,https://doi.org/10.1021/acsomega.3c01738
L4,Properties Studies of Chitosan Incorporated with Biopolymer for Packaging Forming,Tunyaporn Sirilert,,2010,,SemanticScholar,
L4,Preparation of formyl cellulose and its enhancement effect on the mechanical and barrier properties of polylactic acid films.,S. Long,International Journal of Biological Macromolecules,2021,10.1016/j.ijbiomac.2021.01.029,SemanticScholar,https://eprints.ncl.ac.uk/fulltext.aspx?url=291463/66ECA997-A65E-49E4-B8E3-EB189E7E71FA.pdf&pub_id=291463
L4,From Nanofibrillar to Nanolaminar Poly(butylene succinate): Paving the Way to Robust Barrier and Mechanical Properties for Full-Biodegradable Poly(lactic acid) Films.,Lan Xie,ACS Applied Materials and Interfaces,2015,10.1021/acsami.5b00294,SemanticScholar,
L4,UV-barrier poly(lactic acid) film with light-stabilized Eu complexes as filler.,Linze Liu,International Journal of Biological Macromolecules,2024,10.1016/j.ijbiomac.2024.132529,SemanticScholar,
L4,Improving Oxygen Barrier Performance of Polylactide Film by Using Bleached and Unbleached Nanocellulose From Grape Pomace,Jingwen Chen,Journal of Applied Polymer Science,2026,10.1002/app.70401,SemanticScholar,https://doi.org/10.1002/app.70401
L4,Study on the barrier properties and antibacterial properties of cellulose-based multilayer coated paperboard used for fast food packaging,Feijie Wang,Food Bioscience,2021,10.1016/j.fbio.2021.101398,SemanticScholar,
L4,Poultry eggshell effects on microporous poly(lactic acid)-based film fabrication for active compound-releasing sachets,Warunya Tarnlert,Polymer Bulletin,2021,10.1007/s00289-021-03563-7,SemanticScholar,
L4,Nanocellulose-based optical and radio frequency transparent barrier coating for food packaging,Minjeong Kim,Cellulose,2024,10.1007/s10570-024-05915-8,SemanticScholar,
L4,Modified Cellulose Nanocrystals Enhanced the Compatibility Between PLA and PBAT to Prepare a Multifunctional Composite Film,Ce Sun,Journal of Polymers and the Environment,2022,10.1007/s10924-022-02422-4,SemanticScholar,
L4,Synergistic Multi‐Layer Renewable Barrier Coatings on Porous Packaging Materials Using Enhanced Anionic Cellulose‐Based Biopolymers and Chitosan,S. Fagbemi,Advanced Materials Interfaces,2025,10.1002/admi.202500684,SemanticScholar,https://doi.org/10.1002/admi.202500684
L4,Nanostructured Al-doped ZnO coatings on PLA films for food packaging applications,D. Valerini,International Conference Nanotechnology for Instrumentation and Measurement,2015,10.1109/nanofim.2015.8425326,SemanticScholar,
L4,"Sustainable, Tree-Free, PLA Coated, Biodegradable, Barrier Papers from Kendir (Turkish Hemp)",M. S. Cetin,Journal of Natural Fibers,2022,10.1080/15440478.2022.2107140,SemanticScholar,
L4,Barrier properties of polylactic acid/layered silicate nanocomposites for food contact applications,B. Şengül,,2014,10.1134/s0965545x14060194,SemanticScholar,
L4,Regioselective modification of a xyloglucan hemicellulose for high-performance biopolymer barrier films.,J. Kochumalayil,Carbohydrate Polymers,2013,10.1016/j.carbpol.2012.12.041,SemanticScholar,
L4,"Permeation of ""Hydromer"" Film: An Elastomeric Hydrogen-Capturing Biopolymer.",R. Karnesky,,2015,10.2172/1234933,SemanticScholar,https://www.osti.gov/servlets/purl/1234933
L4,Characterization of Hydrophobically Modified Titanium Dioxide Polylactic Acid Nanocomposite Films for Food Packaging Applications,Naerin Baek,,2016,,SemanticScholar,
L4,"Characterization of PLA-P3,4HB active film incorporated with essential oil: Application in peach preservation.",Jinyong Jiang,Food Chemistry,2019,10.1016/j.foodchem.2019.126134,SemanticScholar,
L4,Composite Nanoarchitectonics of Poly(lactic acid)/Metal Organic Framework with Property Investigations Toward Packaging Applications,B. Bouider,Journal of Inorganic and Organometallic Polymers and Materials,2023,10.1007/s10904-023-02780-z,SemanticScholar,
L4,Antioxidant migration resistance of SiOx layer in SiOx/PLA coated film,Chongxing Huang,Food Additives and Contaminants Part A-chemistry Analysis Control Exposure & Risk Assessment,2018,10.1080/19440049.2017.1363412,SemanticScholar,
L4,BIOPOLYMER-BASED FILM PREPARATION FOR POTENTIAL SMART FOOD PACKAGING MATERIAL APLLICATION,D. Barleany,International Journal of Innovation in Mechanical Engineering and Advanced Materials,2024,10.22441/ijimeam.v5i3.24030,SemanticScholar,https://publikasi.mercubuana.ac.id/index.php/ijimeam/article/download/24030/pdf
L4,Preparation and characteristics of TEMPO-oxidized cellulose nanofibrils from bamboo pulp and their oxygen-barrier application in PLA films,Bozhen Wu,Frontiers of Chemical Science and Engineering,2017,10.1007/s11705-017-1673-8,SemanticScholar,
L4,Enhanced water vapor barrier properties for biopolymer films by polyelectrolyte multilayer and atomic layer deposited Al2O3 double­coating,Terhi Hirvikorpi,,2011,10.1016/j.apsusc.2011.06.031,SemanticScholar,
L4,High-performance degradable films of poly(lactic acid)/thermochromic microcapsule composites with thermochromic and energy storage functions via blown film process.,Zefei Cheng,International Journal of Biological Macromolecules,2022,10.1016/j.ijbiomac.2022.08.070,SemanticScholar,
